{"type":"FeatureCollection","crs":{"type":"name","properties":{"name":"urn:ogc:def:crs:EPSG::32636"}},"metadata":{"crs":"EPSG:32636","source":"OpenStreetMap via Overpass (ODbL)","queries":"isobenefit_qgis.osm_queries.build_query('water')"},"features":[{"type":"Feature","properties":{},"geometry":{"type":"Polygon","coordinates":[[[649923.8,5370656.0],[649941.6,5370662.4],[650113.4,5370534.4],[650159.4,5370514.2],[650178.9,5370492.2],[650167.4,5370468.5],[650156.9,5370466.0],[650111.2,5370480.1],[650095.1,5370498.7],[650101.6,5370519.2],[650080.2,5370535.7],[649908.4,5370577.4],[649898.9,5370589.6],[649923.8,5370656.0]]]}},{"type":"Feature","properties":{},"geometry":{"type":"Polygon","coordinates":[[[644429.0,5374340.7],[644432.6,5374318.4],[644407.6,5374308.5],[644366.5,5374315.0],[644251.3,5374391.7],[644221.4,5374427.9],[644235.0,5374430.2],[644429.0,5374340.7]]]}},{"type":"Feature","properties":{},"geometry":{"type":"Polygon","coordinates":[[[655413.6,5373348.1],[655303.6,5373254.5],[655290.0,5373253.7],[655247.1,5373308.6],[655358.9,5373404.5],[655413.6,5373348.1]]]}},{"type":"Feature","properties":{},"geometry":{"type":"Polygon","coordinates":[[[655357.3,5373413.1],[655300.0,5373366.7],[655278.9,5373391.0],[655294.3,5373359.3],[655245.0,5373319.0],[655231.8,5373320.4],[655190.7,5373378.2],[655310.4,5373468.9],[655357.3,5373413.1]]]}},{"type":"Feature","properties":{},"geometry":{"type":"Polygon","coordinates":[[[655461.1,5373289.6],[655463.3,5373275.6],[655368.3,5373193.8],[655350.0,5373183.8],[655339.4,5373188.9],[655327.4,5373214.4],[655309.8,5373225.2],[655308.2,5373249.6],[655418.1,5373332.8],[655461.1,5373289.6]]]}},{"type":"Feature","properties":{},"geometry":{"type":"Polygon","coordinates":[[[655577.2,5370657.7],[655660.7,5370634.2],[655699.5,5370616.5],[655833.6,5370511.8],[655812.9,5370501.0],[655798.5,5370515.8],[655715.8,5370505.4],[655707.9,5370491.1],[655611.1,5370475.7],[655517.7,5370464.7],[655488.5,5370469.5],[655451.3,5370505.3],[655434.9,5370566.1],[655453.2,5370590.3],[655463.8,5370660.3],[655577.2,5370657.7]]]}},{"type":"Feature","properties":{},"geometry":{"type":"Polygon","coordinates":[[[655274.9,5370640.0],[655301.0,5370643.3],[655314.3,5370633.2],[655314.2,5370610.5],[655335.6,5370583.5],[655342.0,5370556.8],[655327.5,5370490.6],[655337.5,5370446.5],[655287.1,5370435.7],[655164.2,5370438.0],[655133.1,5370423.0],[655114.3,5370445.1],[655116.1,5370485.8],[655159.5,5370533.4],[655193.5,5370534.3],[655145.3,5370505.4],[655126.1,5370473.4],[655157.5,5370476.0],[655201.2,5370507.6],[655206.0,5370535.5],[655249.1,5370579.0],[655248.3,5370608.0],[655235.5,5370616.6],[655274.9,5370640.0]]]}},{"type":"Feature","properties":{"name":"\u041a\u043e\u0442\u043b\u043e\u0432\u0430\u043d \u043e\u0437\u0435\u0440\u043e"},"geometry":{"type":"Polygon","coordinates":[[[655301.0,5374830.6],[655402.3,5374866.8],[655458.4,5374874.4],[655494.2,5374850.9],[655525.8,5374851.5],[655562.4,5374889.6],[655581.2,5374889.6],[655587.8,5374880.7],[655595.0,5374893.1],[655612.1,5374893.6],[655632.6,5374870.1],[655629.1,5374822.0],[655636.9,5374809.9],[655618.7,5374719.1],[655628.0,5374707.3],[655642.7,5374712.1],[655661.3,5374699.9],[655689.0,5374646.2],[655749.6,5374627.5],[655772.8,5374601.1],[655750.8,5374558.6],[655719.0,5374542.2],[655680.3,5374498.6],[655653.2,5374492.0],[655573.1,5374502.6],[655530.6,5374547.4],[655471.1,5374584.5],[655450.7,5374589.9],[655417.8,5374575.5],[655397.6,5374589.4],[655379.8,5374578.3],[655323.1,5374587.8],[655292.5,5374608.3],[655277.9,5374630.5],[655264.0,5374692.3],[655264.7,5374768.7],[655301.0,5374830.6]]]}},{"type":"Feature","properties":{},"geometry":{"type":"Polygon","coordinates":[[[652845.9,5367249.7],[652855.0,5367193.6],[652808.7,5367213.8],[652794.4,5367235.7],[652797.0,5367260.6],[652845.9,5367249.7]]]}},{"type":"Feature","properties":{},"geometry":{"type":"Polygon","coordinates":[[[647964.6,5375713.5],[648015.8,5375674.7],[648057.2,5375607.7],[647997.5,5375680.6],[647790.7,5375798.6],[647795.1,5375808.6],[647964.6,5375713.5]]]}},{"type":"Feature","properties":{},"geometry":{"type":"Polygon","coordinates":[[[643315.3,5366056.1],[643388.9,5366037.6],[643415.4,5366050.1],[643435.7,5366044.7],[643448.0,5366059.9],[643468.6,5366041.1],[643496.9,5366040.3],[643492.7,5366028.3],[643435.7,5366015.0],[643419.9,5366019.8],[643405.5,5366001.6],[643393.9,5365943.3],[643299.5,5365879.8],[643282.1,5365933.8],[643237.0,5366018.4],[643315.3,5366056.1]]]}},{"type":"Feature","properties":{},"geometry":{"type":"Polygon","coordinates":[[[643294.7,5365873.2],[643273.8,5365873.4],[643266.8,5365828.6],[643197.7,5365787.5],[643162.0,5365787.3],[643136.8,5365752.5],[643118.0,5365758.0],[643116.1,5365743.1],[643050.4,5365748.9],[643034.7,5365721.0],[643025.7,5365723.7],[643010.8,5365752.3],[643034.9,5365772.2],[643032.3,5365788.5],[643081.8,5365832.5],[643093.6,5365882.0],[643137.8,5365902.7],[643155.6,5365936.5],[643167.9,5365929.4],[643190.8,5365943.0],[643208.0,5365964.8],[643205.2,5366001.0],[643221.1,5365997.6],[643231.9,5366013.7],[643294.7,5365873.2]]]}},{"type":"Feature","properties":{},"geometry":{"type":"Polygon","coordinates":[[[648369.6,5372083.5],[648372.9,5372058.8],[648340.1,5371938.3],[648304.1,5371925.9],[648288.4,5371951.1],[648284.2,5371977.9],[648291.0,5371986.9],[648282.4,5371993.7],[648275.7,5372081.9],[648286.9,5372094.5],[648328.6,5372090.8],[648333.3,5372115.6],[648369.6,5372083.5]]]}},{"type":"Feature","properties":{},"geometry":{"type":"Polygon","coordinates":[[[646432.2,5372680.4],[646445.2,5372680.7],[646458.0,5372703.9],[646474.2,5372631.9],[646464.9,5372608.1],[646463.5,5372460.5],[646491.1,5372348.2],[646486.1,5372326.5],[646464.6,5372315.5],[646418.9,5372338.5],[646411.7,5372382.7],[646406.3,5372590.9],[646407.8,5372634.1],[646432.2,5372680.4]]]}},{"type":"Feature","properties":{},"geometry":{"type":"Polygon","coordinates":[[[656724.3,5376511.2],[656740.5,5376465.8],[656776.2,5376119.1],[656788.0,5376071.4],[656789.7,5376049.3],[656782.7,5376044.7],[656770.4,5376046.6],[656727.5,5376096.2],[656709.7,5376099.0],[656719.8,5376135.7],[656690.1,5376345.2],[656714.3,5376451.9],[656704.7,5376480.8],[656713.8,5376491.6],[656702.5,5376498.5],[656722.9,5376522.2],[656723.5,5376550.1],[656735.6,5376524.2],[656724.3,5376511.2]]]}},{"type":"Feature","properties":{"name":"\u0414\u043d\u0456\u043f\u0440\u043e"},"geometry":{"type":"Polygon","coordinates":[[[649345.8,5372413.1],[649756.4,5372238.4],[650023.4,5372152.2],[650457.7,5371978.8],[650931.7,5371729.0],[651106.7,5371595.1],[651125.3,5371548.7],[652739.8,5371110.0],[653628.2,5370635.8],[654402.3,5369909.8],[654761.4,5369182.5],[655004.9,5368042.5],[655391.9,5367021.0],[655320.3,5366711.7],[655222.4,5366563.9],[655331.6,5367011.3],[654947.1,5368025.9],[654704.5,5369162.7],[654357.3,5369869.8],[653592.1,5370587.7],[652714.5,5371055.5],[651091.1,5371495.9],[651075.4,5371509.4],[651060.4,5371555.2],[650899.8,5371678.0],[650432.9,5371924.1],[650003.0,5372095.7],[649733.5,5372182.9],[649327.1,5372356.0],[648670.6,5372513.4],[648653.6,5372524.3],[648647.5,5372543.6],[648657.0,5372564.5],[648678.5,5372572.6],[649345.8,5372413.1]]]}},{"type":"Feature","properties":{"name":"\u0414\u043d\u0456\u043f\u0440\u043e"},"geometry":{"type":"Polygon","coordinates":[[[644918.4,5374628.2],[645145.2,5374467.7],[645542.7,5374137.3],[645695.1,5373980.8],[645909.4,5373644.4],[646031.0,5373495.4],[646230.0,5373381.1],[646380.7,5373333.8],[646740.7,5373185.6],[646840.2,5373120.1],[647051.3,5373024.8],[647379.6,5372926.6],[648056.1,5372756.2],[648685.3,5372571.5],[648704.8,5372554.9],[648704.4,5372529.3],[648689.8,5372515.2],[648669.7,5372513.6],[648040.7,5372698.2],[647364.4,5372868.6],[647032.1,5372967.9],[646811.1,5373067.6],[646715.5,5373131.1],[646358.8,5373277.9],[646202.9,5373327.4],[645989.8,5373451.1],[645859.8,5373610.6],[645649.9,5373941.3],[645503.4,5374092.0],[645107.5,5374421.0],[644893.1,5374573.4],[644582.7,5374669.9],[644509.0,5374682.9],[644569.2,5374733.2],[644918.4,5374628.2]]]}},{"type":"Feature","properties":{},"geometry":{"type":"Polygon","coordinates":[[[646425.0,5376166.9],[646457.1,5376156.4],[646364.6,5376150.5],[646326.8,5376128.0],[646292.3,5376135.3],[646233.2,5376123.6],[646288.9,5376165.5],[646425.0,5376166.9]]]}},{"type":"Feature","properties":{"name":"\u0413\u043d\u0438\u043b\u043e\u043a\u0438\u0448"},"geometry":{"type":"Polygon","coordinates":[[[651112.5,5374283.1],[651124.5,5374263.5],[651119.1,5374241.2],[651085.0,5374230.5],[650964.2,5374300.8],[650667.7,5374483.7],[650453.8,5374601.3],[650442.3,5374617.9],[650443.9,5374638.0],[650460.6,5374653.8],[650483.5,5374653.1],[650696.7,5374536.2],[651112.5,5374283.1]]]}},{"type":"Feature","properties":{"name":"\u0413\u043d\u0438\u043b\u043e\u043a\u0438\u0448"},"geometry":{"type":"Polygon","coordinates":[[[648262.3,5375337.1],[648366.6,5375229.2],[648615.4,5375106.3],[648927.3,5374974.0],[649113.7,5374916.4],[649362.4,5374856.8],[649663.2,5374807.7],[649682.6,5374790.9],[649682.0,5374765.2],[649655.9,5374748.8],[649571.3,5374759.9],[649181.9,5374834.7],[648907.1,5374917.5],[648590.0,5375051.9],[648356.8,5375163.1],[648284.2,5375222.0],[648214.0,5375301.2],[648119.0,5375458.4],[648127.2,5375479.9],[648148.2,5375489.2],[648167.4,5375482.9],[648262.3,5375337.1]]]}},{"type":"Feature","properties":{"name":"\u0413\u043d\u0438\u043b\u043e\u043a\u0438\u0448"},"geometry":{"type":"Polygon","coordinates":[[[648171.7,5375477.8],[648170.4,5375457.7],[648154.0,5375441.7],[648131.0,5375442.0],[648084.7,5375505.9],[648082.3,5375531.5],[648097.8,5375548.4],[648120.7,5375549.4],[648171.7,5375477.8]]]}},{"type":"Feature","properties":{"name":"\u0413\u043d\u0438\u043b\u043e\u043a\u0438\u0448"},"geometry":{"type":"Polygon","coordinates":[[[649710.2,5374779.7],[649699.9,5374750.6],[649678.0,5374743.9],[649632.0,5374759.6],[649625.3,5374781.6],[649636.1,5374801.9],[649655.1,5374808.8],[649686.6,5374803.2],[649710.2,5374779.7]]]}},{"type":"Feature","properties":{"name":"\u0413\u043d\u0438\u043b\u043e\u043a\u0438\u0448"},"geometry":{"type":"Polygon","coordinates":[[[648174.7,5375443.7],[648150.4,5375429.3],[648126.7,5375439.2],[648112.9,5375468.2],[648120.8,5375489.8],[648141.6,5375499.5],[648160.9,5375493.6],[648176.2,5375471.9],[648174.7,5375443.7]]]}},{"type":"Feature","properties":{"name":"\u0413\u043d\u0456\u043b\u043e\u043a\u0456\u0448"},"geometry":{"type":"Polygon","coordinates":[[[652329.9,5372453.3],[652335.5,5372389.9],[652279.7,5372277.9],[652243.8,5372142.0],[652238.8,5372085.2],[651906.8,5371304.7],[651893.1,5371289.8],[651873.1,5371287.0],[651854.1,5371300.0],[651850.6,5371325.4],[652181.4,5372103.6],[652185.1,5372154.5],[652222.4,5372295.6],[652275.4,5372401.1],[652271.7,5372433.0],[652145.8,5372650.2],[652149.6,5372672.8],[652168.4,5372686.1],[652191.0,5372682.2],[652329.9,5372453.3]]]}},{"type":"Feature","properties":{"name":"\u0413\u043d\u0438\u043b\u043e\u043a\u0438\u0448"},"geometry":{"type":"Polygon","coordinates":[[[652049.3,5373093.0],[652018.5,5373091.6],[652003.2,5373112.2],[652004.8,5373147.3],[652022.6,5373161.8],[652045.4,5373159.5],[652059.0,5373144.5],[652062.7,5373117.9],[652049.3,5373093.0]]]}},{"type":"Feature","properties":{"name":"\u0413\u043d\u0438\u043b\u043e\u043a\u0438\u0448"},"geometry":{"type":"Polygon","coordinates":[[[651636.5,5373801.8],[651644.1,5373780.1],[651634.1,5373759.4],[651598.5,5373756.2],[651455.3,5373860.9],[651444.8,5373887.1],[651455.8,5373907.3],[651477.8,5373913.7],[651636.5,5373801.8]]]}},{"type":"Feature","properties":{"name":"\u0413\u043d\u0438\u043b\u043e\u043a\u0438\u0448"},"geometry":{"type":"Polygon","coordinates":[[[652135.5,5372789.2],[652102.3,5372786.4],[652088.0,5372804.4],[652082.7,5372854.7],[652100.7,5372869.0],[652123.5,5372866.4],[652146.4,5372818.0],[652135.5,5372789.2]]]}},{"type":"Feature","properties":{"name":"\u0413\u043d\u0438\u043b\u043e\u043a\u0438\u0448"},"geometry":{"type":"Polygon","coordinates":[[[651999.8,5373484.0],[652007.8,5373462.5],[651998.3,5373441.6],[651976.8,5373433.6],[651958.0,5373441.1],[651786.1,5373614.9],[651604.1,5373751.2],[651596.5,5373786.2],[651613.2,5373801.9],[651636.1,5373801.2],[651777.1,5373701.1],[651999.8,5373484.0]]]}},{"type":"Feature","properties":{"name":"\u0413\u043d\u0438\u043b\u043e\u043a\u0438\u0448"},"geometry":{"type":"Polygon","coordinates":[[[651259.3,5374086.5],[651324.8,5374028.8],[651481.9,5373914.4],[651491.5,5373893.5],[651483.6,5373872.0],[651465.7,5373862.6],[651445.9,5373866.8],[651237.1,5374025.3],[651129.9,5374161.2],[651129.0,5374194.5],[651147.8,5374207.8],[651170.4,5374203.9],[651259.3,5374086.5]]]}},{"type":"Feature","properties":{"name":"\u0413\u043d\u0438\u043b\u043e\u043a\u0438\u0448"},"geometry":{"type":"Polygon","coordinates":[[[651653.2,5373767.9],[651635.3,5373746.1],[651609.6,5373747.4],[651586.4,5373770.3],[651586.4,5373793.3],[651602.7,5373809.5],[651622.9,5373810.5],[651645.0,5373795.0],[651653.2,5373767.9]]]}},{"type":"Feature","properties":{"name":"\u0413\u043d\u0438\u043b\u043e\u043a\u0438\u0448"},"geometry":{"type":"Polygon","coordinates":[[[652062.9,5373258.4],[652060.9,5373128.3],[652051.1,5373110.6],[652032.3,5373103.1],[652013.1,5373109.2],[652002.0,5373126.2],[652003.0,5373253.7],[651967.9,5373384.2],[651958.5,5373464.9],[651975.7,5373480.2],[651998.6,5373478.8],[652012.7,5373464.4],[652062.9,5373258.4]]]}},{"type":"Feature","properties":{"name":"\u0413\u043d\u0456\u043b\u043e\u043a\u0456\u0448"},"geometry":{"type":"Polygon","coordinates":[[[652189.3,5372630.4],[652156.1,5372633.6],[652132.1,5372695.0],[652138.2,5372719.9],[652158.4,5372730.8],[652180.4,5372724.2],[652204.5,5372662.8],[652189.3,5372630.4]]]}},{"type":"Feature","properties":{"name":"\u0413\u043d\u0438\u043b\u043e\u043a\u0438\u0448"},"geometry":{"type":"Polygon","coordinates":[[[652011.8,5373437.4],[651988.1,5373422.0],[651964.1,5373430.9],[651947.9,5373461.0],[651954.8,5373482.9],[651975.2,5373493.5],[651994.8,5373488.4],[652012.1,5373465.7],[652011.8,5373437.4]]]}},{"type":"Feature","properties":{"name":"\u0413\u043d\u0438\u043b\u043e\u043a\u0438\u0448"},"geometry":{"type":"Polygon","coordinates":[[[651504.5,5373881.3],[651486.4,5373856.3],[651460.7,5373857.2],[651434.0,5373880.5],[651433.7,5373903.5],[651449.7,5373919.9],[651469.9,5373921.2],[651493.3,5373907.3],[651504.5,5373881.3]]]}},{"type":"Feature","properties":{"name":"\u0413\u043d\u0438\u043b\u043e\u043a\u0438\u0448"},"geometry":{"type":"Polygon","coordinates":[[[652133.5,5372822.8],[652116.9,5372811.2],[652096.8,5372812.7],[652081.0,5372829.4],[652003.1,5373112.9],[652006.6,5373132.8],[652021.9,5373146.0],[652044.9,5373145.4],[652060.7,5373128.7],[652138.5,5372845.2],[652133.5,5372822.8]]]}},{"type":"Feature","properties":{"name":"\u0413\u043d\u0456\u043b\u043e\u043a\u0456\u0448"},"geometry":{"type":"Polygon","coordinates":[[[652191.4,5372703.1],[652184.2,5372681.3],[652163.7,5372671.0],[652139.7,5372680.3],[652115.1,5372726.5],[652088.4,5372822.1],[652103.4,5372839.5],[652126.3,5372841.1],[652142.2,5372828.6],[652191.4,5372703.1]]]}},{"type":"Feature","properties":{"name":"\u0411\u0435\u043b\u044c\u0431\u0430"},"geometry":{"type":"Polygon","coordinates":[[[645972.4,5365031.7],[645999.7,5365083.0],[646052.9,5365112.9],[646099.8,5365156.5],[646114.5,5365188.9],[646150.8,5365319.7],[646135.9,5365416.3],[646141.1,5365442.6],[646168.4,5365316.6],[646140.3,5365150.4],[646006.8,5364954.2],[645935.3,5364989.6],[645972.4,5365031.7]]]}},{"type":"Feature","properties":{"name":"\u0411\u0435\u043b\u044c\u0431\u0430"},"geometry":{"type":"Polygon","coordinates":[[[646135.7,5365501.8],[646151.2,5365540.6],[646171.1,5365552.0],[646193.3,5365546.0],[646204.9,5365523.1],[646198.0,5365466.6],[646191.9,5365441.9],[646172.5,5365422.5],[646187.6,5365316.8],[646145.1,5365136.1],[646075.9,5365066.0],[646036.4,5365044.5],[645992.7,5364986.6],[645954.8,5364959.3],[645931.9,5364958.3],[645913.0,5364979.3],[645918.1,5365004.5],[645951.2,5365030.4],[645995.8,5365089.7],[646039.3,5365113.9],[646091.3,5365164.3],[646127.5,5365320.3],[646111.4,5365446.7],[646136.8,5365474.2],[646135.7,5365501.8]]]}},{"type":"Feature","properties":{"name":"\u0411\u0435\u043b\u044c\u0431\u0430"},"geometry":{"type":"Polygon","coordinates":[[[645948.8,5364878.0],[645931.8,5364871.2],[645914.9,5364846.2],[645834.8,5364811.6],[645791.7,5364763.6],[645684.2,5364677.9],[645654.9,5364672.4],[645605.7,5364629.2],[645584.2,5364631.0],[645570.3,5364647.3],[645540.6,5364643.2],[645510.9,5364587.9],[645370.4,5364513.1],[645356.4,5364513.5],[645317.8,5364549.7],[645303.6,5364547.8],[645306.3,5364536.0],[645355.9,5364500.0],[645349.2,5364473.7],[645336.7,5364473.4],[645198.9,5364589.4],[645257.4,5364660.6],[645291.8,5364729.4],[645328.9,5364767.2],[645359.7,5364776.3],[645356.5,5364818.4],[645340.7,5364835.4],[645332.5,5364875.6],[645305.1,5364920.0],[645309.3,5364942.3],[645349.3,5364900.6],[645419.3,5364772.5],[645442.0,5364758.6],[645671.8,5364808.3],[645832.4,5364894.0],[645851.0,5364911.9],[645902.4,5364920.3],[645923.9,5364951.0],[645970.3,5364930.6],[645948.8,5364878.0]]]}},{"type":"Feature","properties":{"name":"\u0411\u0435\u043b\u044c\u0431\u0430"},"geometry":{"type":"Polygon","coordinates":[[[645223.3,5364164.5],[645230.8,5364128.8],[645270.1,5364077.4],[645284.8,5364035.5],[645345.0,5363978.5],[645385.3,5363895.6],[645403.1,5363815.1],[645386.1,5363786.4],[645366.0,5363784.3],[645347.5,5363797.9],[645329.6,5363872.6],[645297.8,5363940.3],[645236.9,5363998.6],[645214.3,5364053.9],[645179.1,5364097.9],[645162.0,5364152.0],[645123.1,5364199.7],[645125.9,5364230.0],[645147.4,5364255.7],[645147.7,5364318.0],[645231.5,5364412.8],[645261.9,5364418.1],[645278.5,5364402.3],[645279.1,5364379.3],[645204.5,5364292.5],[645205.7,5364236.7],[645191.6,5364210.8],[645223.3,5364164.5]]]}},{"type":"Feature","properties":{},"geometry":{"type":"Polygon","coordinates":[[[649007.9,5376071.1],[649028.4,5376080.4],[649038.8,5376074.9],[649041.0,5376062.0],[649030.1,5376048.1],[648988.6,5376016.2],[648964.3,5376027.0],[649007.9,5376071.1]]]}},{"type":"Feature","properties":{},"geometry":{"type":"Polygon","coordinates":[[[649071.1,5376030.9],[649109.1,5376003.1],[649127.0,5375974.5],[649138.5,5375920.8],[649121.1,5375930.6],[649063.9,5376004.6],[649016.2,5376002.1],[649071.1,5376030.9]]]}},{"type":"Feature","properties":{},"geometry":{"type":"Polygon","coordinates":[[[658219.5,5374473.6],[658177.8,5374500.1],[658196.9,5374516.5],[658228.8,5374515.1],[658256.5,5374499.1],[658286.5,5374463.1],[658219.5,5374473.6]]]}},{"type":"Feature","properties":{},"geometry":{"type":"Polygon","coordinates":[[[657011.4,5375086.1],[657035.8,5375092.6],[657077.5,5375079.4],[657091.3,5375054.7],[657075.9,5375028.0],[657038.2,5375029.8],[657006.4,5374998.7],[656973.6,5374991.3],[656952.9,5375001.3],[656945.3,5375022.9],[656953.2,5375041.5],[657011.4,5375086.1]]]}},{"type":"Feature","properties":{},"geometry":{"type":"Polygon","coordinates":[[[657339.2,5374800.5],[657331.3,5374819.1],[657338.9,5374840.7],[657359.5,5374850.7],[657384.1,5374843.1],[657429.8,5374808.7],[657440.9,5374785.8],[657422.6,5374741.1],[657389.5,5374726.8],[657369.5,5374700.5],[657349.9,5374695.8],[657329.7,5374706.8],[657323.3,5374728.9],[657343.6,5374771.2],[657360.7,5374785.1],[657339.2,5374800.5]]]}},{"type":"Feature","properties":{},"geometry":{"type":"Polygon","coordinates":[[[657613.1,5374817.2],[657633.2,5374815.1],[657648.4,5374797.9],[657647.1,5374775.0],[657610.1,5374747.5],[657574.4,5374748.4],[657559.8,5374781.0],[657613.1,5374817.2]]]}},{"type":"Feature","properties":{},"geometry":{"type":"Polygon","coordinates":[[[657256.3,5374815.1],[657236.3,5374861.7],[657223.8,5374870.9],[657192.6,5374846.9],[657185.2,5374850.8],[657164.2,5374903.3],[657159.4,5374960.3],[657127.4,5374965.8],[657111.2,5374992.5],[657063.3,5374998.0],[657071.3,5375022.7],[657061.3,5375054.2],[657082.1,5375125.5],[657069.1,5375134.7],[657046.6,5375124.1],[657019.8,5375154.2],[657020.1,5375177.3],[657054.6,5375181.0],[657078.5,5375171.2],[657108.9,5375139.9],[657221.8,5374958.4],[657270.2,5374919.4],[657326.1,5374855.2],[657350.2,5374856.7],[657362.8,5374844.9],[657361.2,5374820.8],[657345.3,5374822.1],[657325.5,5374797.5],[657310.3,5374802.1],[657298.7,5374826.3],[657256.3,5374815.1]]]}},{"type":"Feature","properties":{},"geometry":{"type":"Polygon","coordinates":[[[656822.7,5376337.4],[656853.8,5376039.0],[656893.7,5375861.0],[656878.7,5375877.8],[656835.0,5376011.3],[656785.1,5376367.7],[656785.4,5376435.7],[656793.8,5376456.2],[656805.0,5376441.3],[656822.7,5376337.4]]]}},{"type":"Feature","properties":{},"geometry":{"type":"Polygon","coordinates":[[[657654.4,5374750.0],[657607.5,5374800.0],[657606.6,5374814.5],[657728.5,5374734.8],[657735.7,5374721.4],[657725.0,5374713.9],[657654.4,5374750.0]]]}},{"type":"Feature","properties":{},"geometry":{"type":"Polygon","coordinates":[[[657576.4,5374691.1],[657557.9,5374703.8],[657581.2,5374713.9],[657567.4,5374751.2],[657491.2,5374777.7],[657410.9,5374785.4],[657405.0,5374800.7],[657507.4,5374815.3],[657573.5,5374794.9],[657589.1,5374774.5],[657605.3,5374682.0],[657582.8,5374659.1],[657576.4,5374691.1]]]}},{"type":"Feature","properties":{"name":"\u0411\u0435\u043b\u044c\u0431\u0430"},"geometry":{"type":"Polygon","coordinates":[[[646613.2,5361588.0],[646639.1,5361644.4],[646731.3,5361744.8],[646786.3,5361861.4],[647047.2,5362097.6],[647070.1,5362158.6],[647058.3,5362258.4],[647076.4,5362276.7],[647101.9,5362274.3],[647115.7,5362255.9],[647130.9,5362153.8],[647098.2,5362064.4],[646834.6,5361825.2],[646782.7,5361713.5],[646762.3,5361684.9],[646734.6,5361667.7],[646680.3,5361593.0],[646648.5,5361442.9],[646589.5,5361453.7],[646613.2,5361588.0]]]}},{"type":"Feature","properties":{},"geometry":{"type":"Polygon","coordinates":[[[647164.0,5368726.9],[647196.7,5368778.8],[647223.1,5368868.8],[647294.0,5368961.7],[647419.3,5369157.1],[647523.1,5369244.3],[647662.4,5369408.9],[647720.7,5369459.7],[647755.1,5369517.2],[647799.0,5369651.2],[647825.5,5369673.0],[647852.7,5369671.6],[647882.1,5369742.4],[647907.4,5369777.2],[647972.9,5369816.3],[648025.0,5369899.3],[648053.8,5369917.1],[648079.2,5369917.8],[648118.8,5369983.6],[648159.5,5369999.4],[648195.9,5370035.4],[648264.2,5370181.2],[648264.0,5370209.6],[648284.8,5370236.6],[648288.2,5370261.0],[648309.2,5370275.7],[648331.6,5370270.6],[648343.2,5370254.1],[648344.3,5370214.4],[648324.0,5370189.2],[648322.2,5370163.2],[648246.0,5370001.4],[648195.9,5369950.2],[648160.1,5369938.8],[648139.1,5369906.5],[648136.0,5369876.5],[648120.2,5369859.0],[648088.8,5369851.2],[648068.6,5369857.8],[648059.8,5369824.5],[648014.3,5369770.4],[647973.9,5369740.2],[647952.1,5369737.1],[647899.9,5369628.9],[647876.2,5369610.8],[647847.0,5369608.2],[647809.9,5369491.8],[647767.6,5369422.2],[647706.4,5369367.9],[647564.6,5369200.9],[647467.1,5369120.6],[647343.0,5368927.0],[647278.0,5368843.2],[647263.6,5368784.5],[647220.0,5368704.9],[647205.3,5368658.4],[647176.7,5368535.8],[647162.4,5368413.3],[647136.4,5368392.5],[647114.5,5368399.5],[647104.0,5368419.9],[647117.9,5368547.7],[647164.0,5368726.9]]]}},{"type":"Feature","properties":{},"geometry":{"type":"Polygon","coordinates":[[[647062.6,5372139.5],[647029.8,5372149.7],[647022.3,5372166.8],[647029.8,5372274.5],[647023.5,5372346.4],[647033.7,5372366.5],[647050.0,5372374.0],[647067.0,5372363.8],[647088.9,5372370.4],[647084.2,5372353.5],[647094.5,5372350.8],[647092.4,5372231.8],[647082.0,5372173.8],[647062.6,5372139.5]]]}},{"type":"Feature","properties":{},"geometry":{"type":"Polygon","coordinates":[[[646298.3,5370914.2],[646309.9,5370899.3],[646310.5,5370874.3],[646271.0,5370863.8],[646229.1,5370868.5],[646216.3,5370882.9],[646235.4,5370911.9],[646298.3,5370914.2]]]}},{"type":"Feature","properties":{},"geometry":{"type":"Polygon","coordinates":[[[651743.5,5364954.0],[651759.8,5364937.9],[651754.6,5364921.0],[651665.4,5364891.3],[651652.9,5364898.0],[651653.5,5364918.9],[651743.5,5364954.0]]]}},{"type":"Feature","properties":{},"geometry":{"type":"Polygon","coordinates":[[[651801.2,5365059.5],[651843.8,5365088.3],[651866.0,5365082.6],[651877.8,5365062.9],[651870.3,5365038.4],[651826.9,5365004.9],[651754.4,5364987.1],[651708.9,5364994.5],[651700.5,5365015.9],[651709.7,5365036.9],[651801.2,5365059.5]]]}},{"type":"Feature","properties":{},"geometry":{"type":"Polygon","coordinates":[[[651000.6,5364907.7],[650998.7,5364956.8],[651008.4,5364977.6],[651030.0,5364985.5],[651054.3,5364971.0],[651058.6,5364935.8],[651098.0,5364884.8],[651161.8,5364873.1],[651174.9,5364839.8],[651152.6,5364818.4],[651097.9,5364818.5],[651060.9,5364837.1],[651000.6,5364907.7]]]}},{"type":"Feature","properties":{},"geometry":{"type":"Polygon","coordinates":[[[651029.5,5365093.2],[651053.4,5365037.6],[651050.8,5365014.8],[651032.9,5365000.5],[651001.1,5365010.7],[650976.9,5365064.1],[650926.6,5365133.9],[650930.2,5365163.0],[650950.4,5365178.9],[650975.5,5365173.3],[651029.5,5365093.2]]]}},{"type":"Feature","properties":{},"geometry":{"type":"Polygon","coordinates":[[[651041.3,5364928.3],[651006.3,5364935.5],[650992.9,5364996.1],[651002.9,5365019.7],[651024.6,5365027.2],[651045.3,5365017.2],[651058.7,5364956.7],[651041.3,5364928.3]]]}},{"type":"Feature","properties":{},"geometry":{"type":"Polygon","coordinates":[[[651077.2,5364966.9],[651122.5,5364904.9],[651126.9,5364882.3],[651114.1,5364863.3],[651083.3,5364861.9],[651036.8,5364914.6],[651004.5,5364928.3],[651005.8,5364964.1],[651041.8,5364976.2],[651077.2,5364966.9]]]}},{"type":"Feature","properties":{},"geometry":{"type":"Polygon","coordinates":[[[651566.1,5364965.5],[651591.0,5364952.1],[651594.8,5364926.7],[651577.1,5364900.0],[651554.6,5364895.6],[651535.5,5364908.3],[651530.6,5364927.9],[651541.1,5364952.1],[651566.1,5364965.5]]]}},{"type":"Feature","properties":{},"geometry":{"type":"Polygon","coordinates":[[[650452.5,5364615.1],[650478.4,5364628.3],[650530.3,5364683.9],[650578.5,5364699.0],[650647.9,5364737.5],[650699.1,5364750.3],[650824.9,5364837.3],[650897.3,5364872.9],[650984.1,5364874.0],[651031.4,5364851.2],[651066.3,5364864.5],[651106.9,5364857.6],[651128.9,5364873.5],[651170.4,5364880.9],[651256.4,5364866.7],[651324.2,5364867.7],[651347.9,5364844.2],[651335.3,5364813.4],[651292.5,5364805.3],[651161.1,5364821.1],[651125.0,5364799.3],[651069.4,5364803.4],[651035.9,5364790.8],[650973.9,5364814.6],[650878.3,5364798.1],[650727.0,5364697.1],[650682.4,5364677.0],[650663.9,5364678.3],[650598.1,5364637.8],[650559.1,5364631.1],[650515.8,5364581.3],[650465.5,5364552.3],[650378.3,5364557.9],[650325.2,5364576.7],[650238.2,5364576.8],[650214.9,5364592.9],[650213.0,5364615.8],[650227.9,5364633.3],[650298.5,5364635.5],[650452.5,5364615.1]]]}},{"type":"Feature","properties":{},"geometry":{"type":"Polygon","coordinates":[[[651735.4,5365044.9],[651754.9,5365032.8],[651760.1,5365010.4],[651747.9,5364990.9],[651722.9,5364982.7],[651700.1,5364994.3],[651694.5,5365019.4],[651711.5,5365041.0],[651735.4,5365044.9]]]}},{"type":"Feature","properties":{},"geometry":{"type":"Polygon","coordinates":[[[651570.8,5364985.5],[651715.7,5365041.6],[651738.5,5365038.8],[651752.7,5365020.8],[651739.8,5364987.4],[651602.1,5364933.4],[651575.0,5364906.8],[651554.8,5364907.6],[651539.7,5364921.1],[651544.2,5364957.9],[651570.8,5364985.5]]]}},{"type":"Feature","properties":{"name":"\u0411\u0435\u043b\u044c\u0431\u0430"},"geometry":{"type":"Polygon","coordinates":[[[645094.9,5362923.6],[645065.0,5362930.9],[645055.9,5362979.1],[645064.6,5363000.3],[645085.7,5363009.2],[645107.0,5363000.6],[645115.9,5362949.5],[645094.9,5362923.6]]]}},{"type":"Feature","properties":{"name":"\u0411\u0435\u043b\u044c\u0431\u0430"},"geometry":{"type":"Polygon","coordinates":[[[645057.0,5362839.2],[645030.8,5362827.7],[645023.0,5362765.8],[645003.7,5362753.3],[644981.3,5362758.1],[644968.8,5362777.4],[644969.9,5362840.5],[644995.8,5362879.5],[645017.7,5362888.4],[645062.8,5362971.2],[645083.0,5362982.1],[645105.0,5362975.5],[645115.5,5362958.2],[645112.8,5362933.5],[645057.0,5362839.2]]]}},{"type":"Feature","properties":{"name":"\u0411\u0435\u043b\u044c\u0431\u0430"},"geometry":{"type":"Polygon","coordinates":[[[644846.2,5362501.9],[644821.0,5362506.4],[644808.4,5362528.8],[644816.2,5362555.1],[644835.6,5362567.3],[644858.0,5362562.2],[644870.2,5362542.7],[644865.7,5362518.6],[644846.2,5362501.9]]]}},{"type":"Feature","properties":{"name":"\u0411\u0435\u043b\u044c\u0431\u0430"},"geometry":{"type":"Polygon","coordinates":[[[644803.6,5362513.1],[644820.5,5362555.0],[644848.5,5362559.1],[644889.4,5362529.5],[644892.7,5362495.9],[644848.8,5362407.7],[644782.4,5362346.8],[644742.8,5362329.1],[644720.5,5362334.4],[644708.4,5362353.9],[644713.7,5362376.3],[644779.2,5362423.6],[644818.9,5362478.1],[644803.6,5362513.1]]]}},{"type":"Feature","properties":{},"geometry":{"type":"Polygon","coordinates":[[[648042.9,5376474.0],[648123.4,5376460.9],[648124.4,5376450.0],[647986.4,5376481.2],[647930.9,5376505.0],[647935.3,5376515.7],[648042.9,5376474.0]]]}},{"type":"Feature","properties":{"name":"\u0421\u0430\u043c\u0430\u0440\u0430"},"geometry":{"type":"Polygon","coordinates":[[[656382.4,5369004.3],[656385.8,5368926.3],[656373.3,5368761.4],[656321.1,5368536.7],[656250.3,5368319.4],[656099.9,5367929.7],[656007.0,5367765.1],[655781.9,5367416.7],[655517.1,5367107.5],[655380.3,5366988.8],[655349.6,5366986.4],[655333.7,5367006.6],[655339.3,5367031.6],[655473.8,5367149.1],[655734.6,5367453.7],[655955.8,5367796.3],[656045.4,5367955.0],[656194.1,5368340.5],[656263.7,5368554.1],[656313.9,5368770.4],[656323.2,5369019.1],[656407.6,5369181.3],[658126.9,5370951.9],[657948.0,5370681.7],[656457.2,5369147.1],[656382.4,5369004.3]]]}},{"type":"Feature","properties":{"name":"\u0413\u043d\u0438\u043b\u043e\u043a\u0438\u0448"},"geometry":{"type":"Polygon","coordinates":[[[650500.3,5374633.0],[650486.6,5374600.0],[650427.3,5374602.1],[650408.8,5374615.8],[650405.5,5374638.5],[650419.2,5374656.9],[650475.6,5374655.4],[650500.3,5374633.0]]]}},{"type":"Feature","properties":{"name":"\u0413\u043d\u0438\u043b\u043e\u043a\u0438\u0448"},"geometry":{"type":"Polygon","coordinates":[[[648012.5,5375711.9],[648081.3,5375620.3],[648076.9,5375584.8],[648058.8,5375575.7],[648039.1,5375580.2],[647973.5,5375666.2],[647734.2,5375801.3],[647721.2,5375823.4],[647728.0,5375845.3],[647748.3,5375856.0],[648012.5,5375711.9]]]}},{"type":"Feature","properties":{"name":"\u0413\u043d\u0438\u043b\u043e\u043a\u0438\u0448"},"geometry":{"type":"Polygon","coordinates":[[[651184.0,5374183.5],[651178.8,5374161.1],[651159.4,5374148.9],[651137.0,5374154.1],[651069.1,5374243.5],[651070.8,5374276.8],[651090.5,5374288.5],[651112.8,5374282.9],[651184.0,5374183.5]]]}},{"type":"Feature","properties":{"name":"\u0413\u043d\u0438\u043b\u043e\u043a\u0438\u0448"},"geometry":{"type":"Polygon","coordinates":[[[648139.8,5375515.1],[648129.3,5375497.9],[648110.2,5375491.2],[648091.2,5375498.2],[648028.6,5375591.6],[648032.2,5375624.8],[648052.5,5375635.4],[648074.4,5375628.5],[648137.0,5375535.1],[648139.8,5375515.1]]]}},{"type":"Feature","properties":{"name":"\u0413\u043d\u0438\u043b\u043e\u043a\u0438\u0448"},"geometry":{"type":"Polygon","coordinates":[[[650328.8,5374688.6],[650447.4,5374658.3],[650461.7,5374644.0],[650463.7,5374623.9],[650450.0,5374605.5],[650430.2,5374601.5],[650218.2,5374650.6],[649675.9,5374744.2],[649651.1,5374769.9],[649657.0,5374792.0],[649676.9,5374803.5],[650328.8,5374688.6]]]}},{"type":"Feature","properties":{},"geometry":{"type":"Polygon","coordinates":[[[654052.7,5372025.4],[654029.8,5372013.7],[654032.8,5372027.7],[654022.9,5372033.1],[654013.6,5372022.6],[653997.6,5372037.8],[654011.8,5372066.9],[654013.1,5372112.8],[654021.5,5372127.0],[654032.6,5372118.2],[654052.7,5372025.4]]]}},{"type":"Feature","properties":{},"geometry":{"type":"Polygon","coordinates":[[[642327.1,5372586.1],[642367.8,5372612.0],[642543.7,5372639.0],[642289.4,5372828.3],[642336.5,5372867.6],[642590.4,5372686.0],[642603.3,5372657.1],[642603.2,5372627.5],[642586.0,5372594.1],[642560.6,5372581.2],[642379.8,5372550.3],[642356.3,5372474.5],[642337.5,5372457.0],[642314.6,5372459.0],[642299.8,5372476.6],[642327.1,5372586.1]]]}},{"type":"Feature","properties":{"name":"\u0411\u0435\u043b\u044c\u0431\u0430"},"geometry":{"type":"Polygon","coordinates":[[[645054.0,5363129.0],[645081.5,5363176.1],[645156.8,5363220.1],[645186.9,5363213.1],[645196.0,5363192.0],[645189.6,5363172.9],[645115.3,5363117.5],[645124.6,5363097.2],[645112.1,5363018.4],[645115.6,5362974.8],[645093.2,5362950.1],[645070.5,5362953.5],[645056.8,5362971.9],[645054.0,5363129.0]]]}},{"type":"Feature","properties":{"name":"\u0411\u0435\u043b\u044c\u0431\u0430"},"geometry":{"type":"Polygon","coordinates":[[[645150.7,5363165.8],[645136.1,5363192.9],[645148.1,5363215.6],[645183.2,5363230.9],[645203.9,5363221.2],[645211.7,5363199.6],[645204.0,5363180.9],[645178.9,5363164.4],[645150.7,5363165.8]]]}},{"type":"Feature","properties":{"name":"\u0411\u0435\u043b\u044c\u0431\u0430"},"geometry":{"type":"Polygon","coordinates":[[[645391.1,5363772.8],[645360.3,5363771.5],[645345.1,5363792.2],[645346.8,5363827.8],[645364.6,5363842.2],[645387.4,5363839.8],[645400.9,5363824.8],[645404.6,5363797.7],[645391.1,5363772.8]]]}},{"type":"Feature","properties":{"name":"\u0411\u0435\u043b\u044c\u0431\u0430"},"geometry":{"type":"Polygon","coordinates":[[[645344.6,5363796.0],[645350.2,5363815.4],[645369.7,5363827.5],[645392.1,5363822.2],[645422.4,5363767.8],[645416.8,5363673.5],[645442.5,5363643.3],[645447.5,5363602.0],[645411.9,5363469.6],[645392.8,5363449.6],[645385.5,5363424.2],[645383.7,5363387.3],[645368.9,5363358.2],[645367.9,5363305.4],[645349.1,5363276.8],[645256.8,5363206.8],[645194.1,5363173.7],[645174.0,5363172.0],[645153.3,5363191.3],[645159.9,5363221.5],[645223.7,5363257.0],[645309.7,5363323.6],[645310.1,5363372.2],[645325.5,5363403.7],[645326.3,5363435.4],[645340.7,5363482.8],[645358.6,5363499.0],[645387.2,5363602.6],[645385.3,5363620.8],[645355.7,5363660.9],[645359.9,5363755.4],[645344.6,5363796.0]]]}},{"type":"Feature","properties":{},"geometry":{"type":"Polygon","coordinates":[[[653003.6,5365765.8],[653062.9,5365778.7],[653084.0,5365770.6],[653128.6,5365719.1],[653166.9,5365544.2],[653392.2,5365068.5],[653478.2,5364815.2],[653513.4,5364781.3],[653554.4,5364791.5],[653680.2,5364912.9],[653893.3,5365214.9],[654277.9,5365380.2],[654402.3,5365324.9],[654369.0,5365274.6],[654283.3,5365317.8],[653928.0,5365164.6],[653723.8,5364871.6],[653588.8,5364742.2],[653558.0,5364724.7],[653494.2,5364723.2],[653424.1,5364787.6],[653337.1,5365044.6],[653109.9,5365524.8],[653074.8,5365690.4],[653052.6,5365715.7],[653026.9,5365710.2],[652872.5,5365626.9],[652839.6,5365632.2],[652830.0,5365653.1],[652838.1,5365674.6],[653003.6,5365765.8]]]}},{"type":"Feature","properties":{"name":"\u0410\u0440\u0445\u0456\u0454\u0440\u0435\u0439\u0441\u044c\u043a\u0430 \u043f\u0440\u043e\u0442\u043e\u043a\u0430"},"geometry":{"type":"Polygon","coordinates":[[[653721.4,5369662.6],[653905.6,5369360.3],[654146.8,5368682.3],[654993.7,5368058.3],[655005.9,5368032.8],[654993.9,5368010.1],[654958.1,5368010.0],[654097.5,5368645.8],[653852.7,5369331.8],[653675.1,5369624.1],[653364.6,5369926.1],[653085.9,5370175.2],[652698.1,5371071.7],[652697.8,5371094.6],[652711.1,5371109.8],[652736.7,5371111.5],[652753.2,5371095.5],[653136.8,5370208.1],[653404.9,5369970.5],[653721.4,5369662.6]]]}},{"type":"Feature","properties":{},"geometry":{"type":"Polygon","coordinates":[[[656794.6,5375051.0],[656799.9,5375023.3],[656782.6,5375004.3],[656751.7,5375002.5],[656734.1,5375017.1],[656731.9,5375040.0],[656746.6,5375057.7],[656771.4,5375062.1],[656794.6,5375051.0]]]}},{"type":"Feature","properties":{},"geometry":{"type":"Polygon","coordinates":[[[650515.0,5364700.4],[650497.9,5364681.2],[650472.3,5364682.3],[650452.1,5364703.4],[650452.0,5364726.4],[650468.1,5364742.8],[650491.0,5364743.0],[650509.2,5364728.1],[650515.0,5364700.4]]]}},{"type":"Feature","properties":{},"geometry":{"type":"Polygon","coordinates":[[[650519.1,5364673.3],[650490.3,5364662.4],[650471.0,5364674.8],[650456.6,5364714.2],[650469.1,5364733.5],[650491.5,5364738.4],[650509.0,5364728.3],[650523.1,5364703.9],[650519.1,5364673.3]]]}},{"type":"Feature","properties":{},"geometry":{"type":"Polygon","coordinates":[[[650573.4,5364666.1],[650571.0,5364643.3],[650553.1,5364628.8],[650512.9,5364639.1],[650482.0,5364661.6],[650466.2,5364686.0],[650470.6,5364708.5],[650489.7,5364721.3],[650509.7,5364718.4],[650573.4,5364666.1]]]}},{"type":"Feature","properties":{},"geometry":{"type":"Polygon","coordinates":[[[656670.6,5374803.8],[656676.3,5374736.6],[656704.0,5374639.6],[656756.4,5374554.5],[656775.2,5374541.9],[656914.7,5374500.5],[656961.0,5374508.0],[657032.7,5374546.7],[657168.2,5374573.4],[657216.4,5374607.0],[657242.8,5374591.1],[657241.2,5374560.3],[657208.2,5374525.6],[657187.6,5374516.6],[657051.8,5374489.4],[656981.4,5374451.2],[656919.5,5374440.5],[656855.3,5374449.6],[656744.0,5374490.5],[656709.5,5374516.1],[656650.0,5374612.9],[656608.5,5374773.1],[656611.9,5374816.8],[656651.3,5374954.5],[656670.4,5374991.2],[656690.4,5375002.5],[656712.5,5374996.3],[656723.8,5374976.3],[656670.6,5374803.8]]]}},{"type":"Feature","properties":{},"geometry":{"type":"Polygon","coordinates":[[[655203.4,5377665.3],[655229.2,5377649.2],[655224.0,5377633.8],[655184.7,5377651.5],[655210.8,5377692.3],[655237.2,5377709.7],[655249.3,5377704.5],[655203.4,5377665.3]]]}},{"type":"Feature","properties":{},"geometry":{"type":"Polygon","coordinates":[[[655203.1,5377528.1],[655240.7,5377640.0],[655293.0,5377672.7],[655365.1,5377655.3],[655310.6,5377660.5],[655241.6,5377621.0],[655214.9,5377530.4],[655108.3,5377347.6],[655093.7,5377336.8],[655203.1,5377528.1]]]}},{"type":"Feature","properties":{},"geometry":{"type":"Polygon","coordinates":[[[650244.0,5373481.9],[650267.2,5373494.0],[650299.5,5373535.0],[650314.2,5373530.3],[650185.0,5373287.7],[650166.6,5373271.8],[650152.6,5373294.8],[650244.0,5373481.9]]]}},{"type":"Feature","properties":{},"geometry":{"type":"Polygon","coordinates":[[[651917.3,5363126.3],[652097.6,5363135.4],[652456.1,5363195.8],[652475.5,5363190.0],[652487.5,5363170.5],[652482.1,5363148.1],[652462.5,5363136.2],[652106.1,5363076.0],[651938.1,5363067.7],[651851.7,5362986.4],[651829.6,5362992.4],[651818.2,5363012.3],[651840.2,5363060.1],[651917.3,5363126.3]]]}},{"type":"Feature","properties":{"name":"\u0411\u0435\u043b\u044c\u0431\u0430"},"geometry":{"type":"Polygon","coordinates":[[[645251.5,5364360.1],[645232.4,5364366.7],[645221.8,5364383.8],[645224.4,5364403.9],[645305.8,5364505.8],[645338.9,5364509.5],[645353.7,5364492.0],[645351.8,5364469.1],[645272.6,5364369.2],[645251.5,5364360.1]]]}},{"type":"Feature","properties":{"name":"\u0411\u0435\u043b\u044c\u0431\u0430"},"geometry":{"type":"Polygon","coordinates":[[[645259.1,5364533.7],[645255.5,5364599.3],[645295.7,5364672.6],[645351.1,5364712.8],[645447.5,5364755.9],[645507.1,5364748.2],[645584.1,5364753.6],[645696.9,5364822.6],[645735.0,5364827.6],[645775.5,5364874.2],[645805.5,5364886.1],[645831.9,5364911.1],[645867.3,5364914.3],[645909.7,5364977.4],[645932.6,5364979.7],[645948.8,5364967.7],[645952.6,5364942.3],[645915.7,5364869.9],[645879.1,5364848.4],[645855.0,5364851.4],[645841.2,5364834.6],[645805.6,5364820.1],[645771.8,5364778.4],[645720.7,5364766.5],[645639.6,5364723.6],[645608.5,5364696.6],[645502.8,5364688.0],[645457.6,5364696.4],[645384.5,5364663.0],[645340.4,5364631.5],[645316.5,5364588.0],[645318.4,5364549.6],[645357.8,5364506.0],[645350.9,5364467.5],[645332.5,5364453.8],[645312.4,5364455.7],[645259.1,5364533.7]]]}},{"type":"Feature","properties":{"name":"\u0411\u0435\u043b\u044c\u0431\u0430"},"geometry":{"type":"Polygon","coordinates":[[[645915.6,5364922.1],[645894.1,5364947.6],[645916.9,5365002.7],[645938.7,5365016.3],[645960.8,5365010.0],[645971.9,5364989.9],[645949.1,5364934.7],[645915.6,5364922.1]]]}},{"type":"Feature","properties":{"name":"\u0411\u0435\u043b\u044c\u0431\u0430"},"geometry":{"type":"Polygon","coordinates":[[[644852.4,5362510.1],[644824.3,5362512.6],[644811.3,5362531.5],[644813.8,5362569.2],[644839.4,5362590.8],[644868.0,5362597.9],[644899.5,5362632.9],[644916.9,5362676.4],[644932.8,5362690.8],[644940.2,5362726.3],[644975.0,5362777.5],[645010.3,5362783.3],[645026.1,5362751.3],[644995.7,5362702.9],[644985.1,5362658.5],[644920.2,5362562.7],[644870.5,5362535.1],[644852.4,5362510.1]]]}},{"type":"Feature","properties":{"name":"\u0411\u0435\u043b\u044c\u0431\u0430"},"geometry":{"type":"Polygon","coordinates":[[[645003.4,5362727.4],[644974.0,5362736.8],[644968.4,5362784.8],[644978.5,5362805.4],[645000.3,5362812.7],[645020.9,5362802.6],[645026.2,5362751.7],[645003.4,5362727.4]]]}},{"type":"Feature","properties":{},"geometry":{"type":"Polygon","coordinates":[[[651091.0,5364518.5],[651005.5,5364563.9],[650987.7,5364598.0],[650991.5,5364728.7],[651025.8,5364841.3],[651047.5,5364859.4],[651072.4,5364853.3],[651083.6,5364830.2],[651050.6,5364717.2],[651046.8,5364610.6],[651124.9,5364568.4],[651154.8,5364540.1],[651183.1,5364495.3],[651186.3,5364440.5],[651167.5,5364427.4],[651144.9,5364431.4],[651118.5,5364485.6],[651091.0,5364518.5]]]}},{"type":"Feature","properties":{},"geometry":{"type":"Polygon","coordinates":[[[650857.3,5367198.4],[650834.0,5367390.3],[650803.6,5367479.0],[650837.6,5367541.6],[650890.7,5367594.8],[650906.8,5367626.4],[650935.4,5367637.8],[650956.6,5367623.3],[650958.8,5367597.8],[650940.3,5367560.6],[650866.5,5367475.8],[650893.3,5367399.8],[650917.6,5367198.3],[650899.2,5367089.3],[650860.2,5367027.2],[650837.2,5367026.7],[650820.6,5367042.6],[650819.3,5367062.8],[650857.3,5367198.4]]]}},{"type":"Feature","properties":{},"geometry":{"type":"Polygon","coordinates":[[[650865.4,5367554.3],[650885.6,5367543.3],[650892.0,5367521.2],[650881.0,5367501.1],[650827.7,5367473.1],[650748.8,5367459.9],[650723.8,5367473.1],[650719.2,5367495.6],[650731.8,5367514.7],[650807.9,5367530.0],[650865.4,5367554.3]]]}},{"type":"Feature","properties":{},"geometry":{"type":"Polygon","coordinates":[[[650862.3,5367466.7],[650835.5,5367443.1],[650770.6,5367467.5],[650755.3,5367491.3],[650762.3,5367513.2],[650782.7,5367523.7],[650847.6,5367499.2],[650862.3,5367466.7]]]}},{"type":"Feature","properties":{},"geometry":{"type":"Polygon","coordinates":[[[651486.7,5368797.5],[651502.8,5368809.8],[651523.0,5368809.0],[651539.4,5368793.0],[651533.8,5368731.5],[651508.0,5368694.2],[651485.0,5368694.7],[651469.1,5368711.2],[651486.7,5368797.5]]]}},{"type":"Feature","properties":{},"geometry":{"type":"Polygon","coordinates":[[[651435.8,5368629.1],[651449.9,5368643.5],[651472.9,5368644.8],[651490.0,5368629.6],[651492.2,5368609.5],[651474.6,5368553.8],[651450.1,5368518.7],[651428.8,5368510.1],[651407.7,5368519.1],[651399.1,5368540.5],[651435.8,5368629.1]]]}},{"type":"Feature","properties":{},"geometry":{"type":"Polygon","coordinates":[[[650556.2,5367431.0],[650533.5,5367408.1],[650507.8,5367409.4],[650492.2,5367438.8],[650506.2,5367468.4],[650515.4,5367553.5],[650530.8,5367566.6],[650551.0,5367567.0],[650566.9,5367554.4],[650572.5,5367533.8],[650556.2,5367431.0]]]}},{"type":"Feature","properties":{},"geometry":{"type":"Polygon","coordinates":[[[650741.1,5367519.0],[650763.8,5367515.8],[650777.7,5367497.5],[650775.8,5367477.3],[650761.7,5367462.9],[650538.7,5367373.7],[650519.0,5367385.6],[650513.6,5367407.9],[650550.8,5367446.0],[650741.1,5367519.0]]]}},{"type":"Feature","properties":{},"geometry":{"type":"Polygon","coordinates":[[[650208.1,5367176.5],[650282.6,5367300.9],[650303.0,5367311.5],[650324.9,5367304.5],[650333.1,5367269.7],[650256.9,5367141.3],[650152.9,5367004.2],[650128.4,5366979.8],[650105.7,5366976.7],[650087.4,5366990.7],[650084.4,5367013.4],[650208.1,5367176.5]]]}},{"type":"Feature","properties":{},"geometry":{"type":"Polygon","coordinates":[[[650552.4,5367431.9],[650568.5,5367419.6],[650572.5,5367397.0],[650559.5,5367378.1],[650316.5,5367253.6],[650296.3,5367253.0],[650280.3,5367265.3],[650276.2,5367287.9],[650289.3,5367306.8],[650529.5,5367430.1],[650552.4,5367431.9]]]}},{"type":"Feature","properties":{},"geometry":{"type":"Polygon","coordinates":[[[651476.7,5368744.2],[651498.3,5368752.1],[651519.1,5368742.5],[651525.4,5368712.3],[651509.6,5368684.4],[651490.8,5368605.2],[651471.9,5368587.9],[651449.0,5368590.0],[651434.4,5368607.6],[651444.1,5368675.6],[651476.7,5368744.2]]]}},{"type":"Feature","properties":{},"geometry":{"type":"Polygon","coordinates":[[[651482.9,5368867.0],[651502.1,5368891.1],[651527.6,5368888.9],[651553.2,5368860.0],[651540.3,5368771.5],[651519.6,5368752.2],[651496.8,5368755.2],[651482.9,5368773.5],[651493.3,5368839.7],[651482.9,5368867.0]]]}},{"type":"Feature","properties":{},"geometry":{"type":"Polygon","coordinates":[[[651488.6,5368881.0],[651508.3,5368892.7],[651530.6,5368887.0],[651550.0,5368821.5],[651544.4,5368799.3],[651510.1,5368789.1],[651482.3,5368818.6],[651488.6,5368881.0]]]}},{"type":"Feature","properties":{},"geometry":{"type":"Polygon","coordinates":[[[651192.9,5368353.3],[651299.6,5368443.8],[651407.7,5368561.2],[651428.9,5368570.1],[651450.2,5368561.5],[651459.0,5368543.3],[651452.5,5368521.3],[651342.3,5368401.6],[651240.1,5368315.6],[651224.5,5368255.3],[651192.2,5368208.6],[651170.9,5368199.9],[651149.8,5368208.9],[651141.1,5368230.1],[651192.9,5368353.3]]]}},{"type":"Feature","properties":{},"geometry":{"type":"Polygon","coordinates":[[[650564.2,5367381.9],[650531.5,5367375.8],[650495.4,5367421.9],[650494.4,5367447.6],[650510.8,5367463.6],[650533.8,5367463.4],[650569.8,5367417.2],[650564.2,5367381.9]]]}},{"type":"Feature","properties":{"name":"\u0427\u0430\u043f\u043b\u0438\u043d\u0430"},"geometry":{"type":"Polygon","coordinates":[[[649292.2,5361048.4],[649259.4,5361107.0],[649297.5,5361215.1],[649283.2,5361240.8],[649283.2,5361283.7],[649327.1,5361389.1],[649315.0,5361424.3],[649320.2,5361449.2],[649353.7,5361480.7],[649373.3,5361520.5],[649352.8,5361635.1],[649350.5,5361735.0],[649325.6,5361805.6],[649329.4,5361852.6],[649304.4,5361895.1],[649310.2,5361949.8],[649286.7,5362042.4],[649290.7,5362111.0],[649281.7,5362165.0],[649287.3,5362228.1],[649298.2,5362247.2],[649283.8,5362272.6],[649284.9,5362313.6],[649298.0,5362354.6],[649328.4,5362398.1],[649428.4,5362469.5],[649489.5,5362549.4],[649577.1,5362614.1],[649635.5,5362677.7],[649633.2,5362741.5],[649646.6,5362756.7],[649666.5,5362760.0],[649687.4,5362745.1],[649698.1,5362700.6],[649697.0,5362667.5],[649683.6,5362641.8],[649617.3,5362569.6],[649531.4,5362506.1],[649469.8,5362425.6],[649435.7,5362395.7],[649414.7,5362389.9],[649396.6,5362358.8],[649367.6,5362352.0],[649344.1,5362303.1],[649359.3,5362259.6],[649342.2,5362166.6],[649350.7,5362116.4],[649347.7,5362050.5],[649369.8,5361960.1],[649364.2,5361904.7],[649390.4,5361856.6],[649384.6,5361816.5],[649411.0,5361744.1],[649412.6,5361640.0],[649435.0,5361518.6],[649403.5,5361446.6],[649377.8,5361423.6],[649389.8,5361382.2],[649342.7,5361272.2],[649358.5,5361217.5],[649323.2,5361110.4],[649351.0,5361064.1],[649351.5,5360949.4],[649292.3,5360960.2],[649292.2,5361048.4]]]}},{"type":"Feature","properties":{},"geometry":{"type":"Polygon","coordinates":[[[644317.8,5368506.1],[644357.9,5368491.3],[644438.4,5368419.1],[644475.6,5368378.5],[644469.9,5368345.7],[644449.0,5368336.4],[644429.8,5368342.7],[644343.6,5368426.9],[644288.7,5368453.4],[644227.5,5368497.9],[644195.8,5368526.6],[644187.4,5368548.8],[644193.9,5368570.8],[644214.1,5368581.8],[644233.7,5368577.0],[644317.8,5368506.1]]]}},{"type":"Feature","properties":{},"geometry":{"type":"Polygon","coordinates":[[[644667.2,5368032.7],[644583.9,5368120.5],[644466.0,5368306.4],[644421.7,5368352.3],[644418.8,5368372.3],[644429.3,5368389.6],[644457.0,5368395.0],[644493.5,5368367.6],[644632.0,5368156.5],[644703.6,5368080.7],[644779.6,5368035.4],[644782.4,5368012.6],[644768.2,5367994.5],[644748.3,5367991.0],[644667.2,5368032.7]]]}},{"type":"Feature","properties":{},"geometry":{"type":"Polygon","coordinates":[[[648570.3,5366463.4],[648558.7,5366484.1],[648535.4,5366613.8],[648543.2,5366634.8],[648597.2,5366573.3],[648635.9,5366500.5],[648642.1,5366435.9],[648629.9,5366428.1],[648570.3,5366463.4]]]}},{"type":"Feature","properties":{},"geometry":{"type":"Polygon","coordinates":[[[648545.6,5366999.2],[648567.4,5366992.0],[648577.7,5366971.5],[648572.3,5366952.0],[648547.3,5366927.4],[648502.2,5366903.2],[648482.6,5366908.1],[648469.9,5366927.2],[648472.9,5366947.2],[648545.6,5366999.2]]]}},{"type":"Feature","properties":{},"geometry":{"type":"Polygon","coordinates":[[[650930.2,5364477.4],[650967.2,5364548.9],[650988.8,5364633.5],[651005.8,5364648.9],[651028.7,5364647.8],[651045.9,5364619.2],[651025.1,5364533.3],[650987.0,5364455.4],[650976.6,5364382.4],[650950.7,5364343.3],[650927.7,5364342.2],[650910.7,5364357.7],[650930.2,5364477.4]]]}},{"type":"Feature","properties":{},"geometry":{"type":"Polygon","coordinates":[[[643631.1,5366438.0],[643628.9,5366399.7],[643619.9,5366393.2],[643603.4,5366400.0],[643604.4,5366412.3],[643595.9,5366406.2],[643563.8,5366414.0],[643530.9,5366375.1],[643532.3,5366324.6],[643515.3,5366330.5],[643519.0,5366382.9],[643579.2,5366445.8],[643590.7,5366484.3],[643671.1,5366475.4],[643678.4,5366462.1],[643631.1,5366438.0]]]}},{"type":"Feature","properties":{},"geometry":{"type":"Polygon","coordinates":[[[640762.3,5370545.7],[640789.1,5370591.8],[640785.7,5370636.4],[640759.5,5370660.8],[640752.9,5370700.5],[640764.2,5370720.5],[640786.3,5370726.8],[640808.0,5370713.1],[640814.9,5370690.6],[640837.6,5370667.2],[640847.0,5370635.0],[640848.3,5370581.0],[640820.5,5370527.3],[640812.4,5370471.6],[640827.3,5370360.6],[640843.3,5370331.3],[640888.1,5370163.6],[640882.4,5370134.8],[640864.5,5370120.4],[640844.3,5370121.6],[640828.2,5370138.0],[640786.1,5370312.6],[640768.9,5370344.9],[640751.1,5370472.5],[640762.3,5370545.7]]]}},{"type":"Feature","properties":{},"geometry":{"type":"Polygon","coordinates":[[[648309.0,5366949.6],[648333.2,5366938.7],[648445.3,5366981.2],[648469.7,5366971.0],[648479.0,5366950.0],[648463.7,5366923.2],[648342.5,5366877.8],[648302.1,5366886.5],[648236.5,5366870.3],[648219.9,5366886.2],[648219.4,5366909.2],[648263.9,5366938.3],[648309.0,5366949.6]]]}},{"type":"Feature","properties":{},"geometry":{"type":"Polygon","coordinates":[[[641486.2,5372014.9],[641407.4,5372036.5],[641369.9,5372059.9],[641416.4,5372098.8],[641495.2,5372074.3],[641634.1,5372079.5],[641673.8,5372055.9],[641680.8,5372022.3],[641666.3,5372001.2],[641640.8,5371999.0],[641617.7,5372021.3],[641486.2,5372014.9]]]}},{"type":"Feature","properties":{},"geometry":{"type":"Polygon","coordinates":[[[656785.6,5375047.7],[656787.0,5375016.9],[656766.4,5375001.7],[656730.6,5375003.2],[656716.1,5375021.0],[656718.4,5375043.8],[656733.5,5375057.4],[656760.7,5375061.1],[656785.6,5375047.7]]]}},{"type":"Feature","properties":{},"geometry":{"type":"Polygon","coordinates":[[[647346.0,5372087.2],[647311.4,5371961.5],[647278.9,5371932.9],[647255.2,5371928.7],[647247.9,5371935.5],[647252.9,5371977.4],[647299.5,5371984.1],[647337.8,5372094.1],[647346.0,5372087.2]]]}},{"type":"Feature","properties":{},"geometry":{"type":"Polygon","coordinates":[[[648530.3,5366674.3],[648549.1,5366681.6],[648570.5,5366673.4],[648579.9,5366652.4],[648567.5,5366617.2],[648542.1,5366604.8],[648516.3,5366621.6],[648516.7,5366651.9],[648530.3,5366674.3]]]}},{"type":"Feature","properties":{},"geometry":{"type":"Polygon","coordinates":[[[648568.9,5367049.8],[648593.7,5367063.3],[648617.0,5367052.4],[648628.0,5367023.7],[648619.3,5367002.5],[648598.1,5366993.6],[648576.9,5367002.2],[648565.2,5367024.4],[648568.9,5367049.8]]]}},{"type":"Feature","properties":{},"geometry":{"type":"Polygon","coordinates":[[[648593.7,5367053.3],[648620.3,5367043.6],[648627.6,5367019.1],[648613.0,5366987.3],[648591.3,5366979.6],[648570.6,5366989.5],[648562.9,5367011.1],[648570.9,5367036.5],[648593.7,5367053.3]]]}},{"type":"Feature","properties":{},"geometry":{"type":"Polygon","coordinates":[[[648573.1,5366716.3],[648597.6,5366690.3],[648575.1,5366635.4],[648553.4,5366621.8],[648531.3,5366628.1],[648520.1,5366648.1],[648542.6,5366703.0],[648573.1,5366716.3]]]}},{"type":"Feature","properties":{},"geometry":{"type":"Polygon","coordinates":[[[648533.1,5366746.4],[648564.8,5366818.3],[648575.6,5366923.0],[648567.8,5367007.8],[648579.4,5367027.6],[648601.7,5367033.3],[648621.5,5367021.6],[648631.9,5366993.7],[648636.0,5366920.0],[648625.5,5366809.9],[648592.0,5366733.8],[648602.2,5366695.5],[648594.8,5366670.1],[648573.2,5366657.3],[648553.2,5366660.6],[648539.0,5366678.6],[648533.1,5366746.4]]]}},{"type":"Feature","properties":{},"geometry":{"type":"Polygon","coordinates":[[[640030.2,5369110.9],[640059.4,5369090.5],[640051.6,5369024.2],[640032.2,5369003.6],[640009.3,5369005.2],[639994.2,5369022.6],[640002.1,5369088.8],[640030.2,5369110.9]]]}},{"type":"Feature","properties":{},"geometry":{"type":"Polygon","coordinates":[[[640008.2,5369058.4],[640028.2,5369061.6],[640045.7,5369051.4],[640052.7,5369032.4],[640018.4,5368910.5],[639990.9,5368891.7],[639969.6,5368900.2],[639960.6,5368921.3],[639994.8,5369043.2],[640008.2,5369058.4]]]}},{"type":"Feature","properties":{},"geometry":{"type":"Polygon","coordinates":[[[639917.5,5369649.1],[639922.5,5369676.0],[639941.3,5369689.2],[639963.9,5369685.2],[639987.2,5369658.5],[640010.6,5369600.8],[640031.2,5369591.8],[640056.7,5369561.2],[640072.2,5369522.0],[640069.5,5369442.1],[640052.5,5369384.4],[640051.2,5369300.8],[640075.3,5369189.2],[640062.1,5369115.8],[640040.7,5369097.3],[640020.6,5369099.8],[640005.6,5369117.1],[640014.9,5369191.4],[640001.5,5369261.5],[639981.5,5369273.2],[639973.4,5369291.2],[639978.5,5369315.4],[639995.8,5369329.7],[639992.5,5369388.5],[640010.0,5369450.5],[640013.1,5369509.8],[639994.3,5369543.0],[639963.1,5369560.0],[639917.5,5369649.1]]]}},{"type":"Feature","properties":{},"geometry":{"type":"Polygon","coordinates":[[[640027.4,5369155.8],[640060.1,5369141.5],[640060.6,5369076.0],[640045.9,5369054.9],[640023.2,5369052.0],[640005.0,5369066.0],[640004.5,5369131.5],[640027.4,5369155.8]]]}},{"type":"Feature","properties":{},"geometry":{"type":"Polygon","coordinates":[[[639961.2,5368542.3],[639988.7,5368661.9],[639973.0,5368699.6],[639985.5,5368754.9],[639958.1,5368914.4],[639967.6,5368941.0],[639988.0,5368951.6],[640007.6,5368946.4],[640019.4,5368930.1],[640026.9,5368841.7],[640046.2,5368757.9],[640033.9,5368706.2],[640049.4,5368654.6],[640022.2,5368551.5],[640065.4,5368471.7],[640079.8,5368413.9],[640065.2,5368396.1],[640042.4,5368393.9],[640026.1,5368405.9],[639961.2,5368542.3]]]}},{"type":"Feature","properties":{},"geometry":{"type":"Polygon","coordinates":[[[648520.9,5366966.3],[648523.9,5366946.3],[648513.6,5366928.9],[648457.5,5366913.4],[648429.1,5366927.5],[648422.0,5366949.4],[648432.3,5366969.8],[648488.5,5366981.4],[648520.9,5366966.3]]]}},{"type":"Feature","properties":{},"geometry":{"type":"Polygon","coordinates":[[[648481.8,5366944.8],[648471.4,5366924.3],[648449.6,5366917.1],[648426.2,5366929.8],[648419.0,5366951.6],[648429.4,5366972.1],[648451.2,5366979.3],[648472.6,5366968.8],[648481.8,5366944.8]]]}},{"type":"Feature","properties":{},"geometry":{"type":"Polygon","coordinates":[[[648517.9,5367016.5],[648564.1,5367030.7],[648585.5,5367022.4],[648594.7,5367001.3],[648586.3,5366980.0],[648555.9,5366966.3],[648539.9,5366939.8],[648489.2,5366922.5],[648469.9,5366934.9],[648464.9,5366957.3],[648517.9,5367016.5]]]}},{"type":"Feature","properties":{},"geometry":{"type":"Polygon","coordinates":[[[648543.9,5367028.7],[648562.0,5367037.6],[648581.7,5367032.9],[648593.9,5367016.8],[648591.1,5366986.5],[648556.4,5366940.5],[648533.5,5366942.9],[648519.0,5366960.6],[648543.9,5367028.7]]]}},{"type":"Feature","properties":{},"geometry":{"type":"Polygon","coordinates":[[[648616.9,5367497.9],[648642.6,5367496.8],[648658.0,5367476.3],[648654.2,5367446.5],[648636.5,5367431.8],[648613.7,5367433.9],[648599.0,5367451.6],[648599.1,5367476.0],[648616.9,5367497.9]]]}},{"type":"Feature","properties":{},"geometry":{"type":"Polygon","coordinates":[[[648616.2,5367488.2],[648641.8,5367486.9],[648657.1,5367466.3],[648653.2,5367436.5],[648635.4,5367422.0],[648612.6,5367424.2],[648598.0,5367442.0],[648598.2,5367466.3],[648616.2,5367488.2]]]}},{"type":"Feature","properties":{},"geometry":{"type":"Polygon","coordinates":[[[648600.6,5367138.8],[648637.6,5367185.0],[648615.3,5367271.7],[648596.5,5367433.5],[648601.9,5367467.6],[648629.9,5367480.5],[648656.2,5367456.2],[648674.3,5367282.4],[648701.4,5367176.1],[648689.4,5367147.7],[648654.5,5367110.6],[648654.4,5367091.2],[648642.1,5367075.1],[648608.8,5367075.7],[648593.5,5367111.6],[648600.6,5367138.8]]]}},{"type":"Feature","properties":{},"geometry":{"type":"Polygon","coordinates":[[[650376.6,5364601.3],[650377.7,5364570.5],[650334.7,5364549.0],[650311.8,5364551.6],[650297.5,5364569.5],[650300.1,5364592.3],[650346.0,5364614.5],[650376.6,5364601.3]]]}},{"type":"Feature","properties":{},"geometry":{"type":"Polygon","coordinates":[[[650388.3,5364615.5],[650400.2,5364587.0],[650386.0,5364565.6],[650348.4,5364555.2],[650328.2,5364566.0],[650321.5,5364588.0],[650332.4,5364608.2],[650356.4,5364619.3],[650388.3,5364615.5]]]}},{"type":"Feature","properties":{},"geometry":{"type":"Polygon","coordinates":[[[650329.9,5364636.1],[650353.8,5364626.8],[650362.0,5364605.3],[650350.3,5364580.3],[650328.9,5364572.1],[650307.9,5364581.5],[650299.7,5364602.9],[650307.5,5364623.5],[650329.9,5364636.1]]]}},{"type":"Feature","properties":{},"geometry":{"type":"Polygon","coordinates":[[[650335.8,5364631.5],[650358.5,5364610.6],[650356.1,5364587.8],[650325.2,5364554.2],[650302.4,5364556.6],[650287.9,5364574.4],[650289.1,5364594.6],[650306.6,5364621.3],[650335.8,5364631.5]]]}},{"type":"Feature","properties":{},"geometry":{"type":"Polygon","coordinates":[[[650265.5,5364624.8],[650270.8,5364599.7],[650254.8,5364579.7],[650226.8,5364578.4],[650208.5,5364592.3],[650205.4,5364615.1],[650219.3,5364633.3],[650242.7,5364636.6],[650265.5,5364624.8]]]}},{"type":"Feature","properties":{},"geometry":{"type":"Polygon","coordinates":[[[649876.8,5364938.0],[649917.0,5364941.2],[650001.2,5364891.7],[650037.2,5364818.6],[650092.9,5364745.1],[650185.2,5364669.6],[650254.2,5364630.0],[650264.4,5364609.4],[650258.8,5364590.0],[650242.2,5364578.4],[650222.1,5364580.1],[650107.4,5364654.4],[650048.3,5364704.7],[649985.2,5364788.2],[649962.0,5364844.6],[649907.9,5364880.3],[649867.2,5364877.8],[649768.3,5364908.1],[649714.6,5364907.4],[649675.8,5364921.8],[649662.2,5364940.3],[649665.6,5364963.0],[649684.1,5364976.7],[649726.8,5364966.6],[649775.0,5364968.3],[649876.8,5364938.0]]]}},{"type":"Feature","properties":{},"geometry":{"type":"Polygon","coordinates":[[[650034.1,5364719.8],[650060.4,5364750.4],[650083.4,5364750.6],[650099.8,5364734.6],[650100.0,5364711.6],[650076.5,5364676.7],[649974.7,5364603.7],[649905.5,5364574.2],[649878.4,5364582.2],[649869.4,5364603.3],[649878.0,5364624.6],[650034.1,5364719.8]]]}},{"type":"Feature","properties":{},"geometry":{"type":"Polygon","coordinates":[[[643833.1,5373691.2],[644007.6,5373652.4],[644454.8,5373408.4],[644951.3,5373312.0],[645914.4,5373243.2],[646605.1,5373238.7],[646625.3,5373227.6],[646631.3,5373202.7],[646620.7,5373185.5],[646601.6,5373178.8],[645913.6,5373183.2],[644941.8,5373252.7],[644435.8,5373351.1],[643987.7,5373595.5],[643826.7,5373631.4],[643617.8,5373630.0],[643156.7,5373553.0],[643247.7,5373629.0],[643610.2,5373689.6],[643833.1,5373691.2]]]}},{"type":"Feature","properties":{},"geometry":{"type":"Polygon","coordinates":[[[655755.5,5368903.6],[655677.4,5368806.9],[655421.2,5368608.1],[655231.4,5368534.2],[654938.8,5368283.9],[654913.6,5368278.9],[654893.8,5368295.2],[654900.7,5368330.2],[655197.5,5368583.9],[655388.6,5368658.7],[655637.0,5368851.3],[655726.4,5368959.3],[656068.6,5368983.7],[656349.0,5369040.9],[656368.6,5369036.1],[656380.7,5369019.9],[656378.6,5368997.1],[656360.9,5368982.4],[656074.5,5368924.0],[655755.5,5368903.6]]]}},{"type":"Feature","properties":{},"geometry":{"type":"Polygon","coordinates":[[[655166.7,5369838.4],[655341.9,5369712.3],[655478.0,5369565.7],[655600.4,5369319.7],[655767.8,5368944.8],[655759.8,5368909.9],[655735.1,5368903.1],[655714.2,5368918.0],[655431.0,5369528.2],[655302.1,5369667.2],[655139.3,5369784.4],[654926.9,5369831.1],[654675.6,5369829.1],[654378.9,5369858.0],[654360.6,5369866.7],[654351.8,5369887.9],[654360.5,5369909.1],[654381.7,5369917.9],[654679.8,5369889.0],[654929.8,5369891.1],[655166.7,5369838.4]]]}},{"type":"Feature","properties":{},"geometry":{"type":"Polygon","coordinates":[[[651552.7,5364953.9],[651575.5,5364951.0],[651589.5,5364932.7],[651585.6,5364908.1],[651566.1,5364891.4],[651397.2,5364825.1],[651334.3,5364816.1],[651311.0,5364826.7],[651304.0,5364848.6],[651314.6,5364869.0],[651378.4,5364882.3],[651552.7,5364953.9]]]}},{"type":"Feature","properties":{},"geometry":{"type":"Polygon","coordinates":[[[651351.0,5364870.8],[651363.7,5364842.6],[651350.1,5364820.9],[651315.1,5364808.4],[651295.0,5364819.6],[651288.7,5364841.7],[651297.7,5364859.8],[651322.9,5364874.0],[651351.0,5364870.8]]]}},{"type":"Feature","properties":{},"geometry":{"type":"Polygon","coordinates":[[[649674.6,5362703.7],[649646.4,5362704.4],[649631.6,5362725.4],[649633.8,5362763.0],[649651.9,5362777.1],[649674.6,5362774.3],[649687.8,5362759.0],[649691.2,5362729.8],[649674.6,5362703.7]]]}},{"type":"Feature","properties":{},"geometry":{"type":"Polygon","coordinates":[[[649296.1,5364163.1],[649316.3,5364163.8],[649332.4,5364151.6],[649333.5,5364120.8],[649276.7,5364061.4],[649375.4,5363930.0],[649409.9,5363915.8],[649434.8,5363888.3],[649465.3,5363821.0],[649546.9,5363697.0],[649625.4,5363520.0],[649666.0,5363508.7],[649697.3,5363464.7],[649732.5,5363265.2],[649716.6,5363176.0],[649688.8,5363120.2],[649677.2,5362858.0],[649689.7,5362745.7],[649668.9,5362719.6],[649646.0,5362721.6],[649632.3,5362736.4],[649617.1,5362857.4],[649629.4,5363133.0],[649659.1,5363194.0],[649672.0,5363270.4],[649639.7,5363443.2],[649628.8,5363458.9],[649570.3,5363480.5],[649565.5,5363515.7],[649493.8,5363669.0],[649412.8,5363791.9],[649384.7,5363854.8],[649335.8,5363882.8],[649216.9,5364042.7],[649207.3,5364071.1],[649213.0,5364092.2],[649229.2,5364111.9],[649257.7,5364120.9],[649296.1,5364163.1]]]}},{"type":"Feature","properties":{},"geometry":{"type":"Polygon","coordinates":[[[651447.6,5368992.9],[651434.9,5369085.5],[651452.7,5369190.6],[651441.7,5369285.3],[651452.2,5369302.5],[651471.3,5369309.1],[651498.8,5369290.4],[651513.6,5369193.8],[651494.9,5369084.3],[651504.5,5369013.6],[651564.5,5368932.3],[651567.2,5368906.7],[651551.9,5368889.6],[651529.0,5368888.3],[651477.5,5368938.0],[651447.6,5368992.9]]]}},{"type":"Feature","properties":{},"geometry":{"type":"Polygon","coordinates":[[[644806.6,5362238.3],[644778.4,5362235.5],[644761.2,5362254.5],[644760.9,5362288.4],[644777.1,5362304.6],[644800.1,5362304.6],[644815.0,5362291.0],[644819.9,5362263.2],[644806.6,5362238.3]]]}},{"type":"Feature","properties":{},"geometry":{"type":"Polygon","coordinates":[[[644818.2,5362272.3],[644808.6,5362254.6],[644787.0,5362246.9],[644766.3,5362256.8],[644752.6,5362352.8],[644757.1,5362400.6],[644775.6,5362418.4],[644798.5,5362416.9],[644813.6,5362399.6],[644818.2,5362272.3]]]}},{"type":"Feature","properties":{},"geometry":{"type":"Polygon","coordinates":[[[644850.1,5362148.1],[644849.6,5362134.9],[644763.7,5362246.1],[644766.9,5362282.5],[644787.3,5362293.1],[644809.2,5362286.2],[644850.1,5362148.1]]]}},{"type":"Feature","properties":{"name":"\u0411\u0435\u043b\u044c\u0431\u0430"},"geometry":{"type":"Polygon","coordinates":[[[644702.2,5362325.6],[644667.5,5362370.6],[644679.4,5362383.3],[644735.9,5362385.1],[644757.7,5362371.6],[644755.4,5362335.9],[644702.2,5362325.6]]]}},{"type":"Feature","properties":{"name":"\u0411\u0435\u043b\u044c\u0431\u0430"},"geometry":{"type":"Polygon","coordinates":[[[644720.0,5362328.0],[644703.5,5362347.6],[644708.2,5362372.9],[644730.4,5362387.7],[644753.1,5362384.6],[644767.0,5362366.3],[644764.0,5362343.6],[644745.7,5362328.3],[644720.0,5362328.0]]]}},{"type":"Feature","properties":{},"geometry":{"type":"Polygon","coordinates":[[[644659.0,5362424.5],[644718.5,5362375.0],[644734.2,5362284.3],[644627.0,5362425.2],[644659.0,5362424.5]]]}},{"type":"Feature","properties":{},"geometry":{"type":"Polygon","coordinates":[[[651045.6,5364837.2],[651103.9,5364856.8],[651126.5,5364852.7],[651139.6,5364833.8],[651129.6,5364804.6],[651079.9,5364785.5],[651047.7,5364754.2],[651027.6,5364756.2],[651013.3,5364770.6],[651011.5,5364790.7],[651045.6,5364837.2]]]}},{"type":"Feature","properties":{},"geometry":{"type":"Polygon","coordinates":[[[643412.6,5365906.5],[643440.7,5365908.4],[643461.1,5365887.2],[643464.0,5365850.8],[643449.0,5365818.0],[643393.6,5365776.6],[643239.1,5365746.6],[643204.3,5365743.7],[643184.9,5365754.7],[643412.6,5365906.5]]]}},{"type":"Feature","properties":{"name":"\u0413\u043d\u0438\u043b\u043e\u043a\u0438\u0448"},"geometry":{"type":"Polygon","coordinates":[[[647428.1,5376040.4],[647640.7,5375920.4],[647651.1,5375899.9],[647644.0,5375878.1],[647609.2,5375870.1],[647387.5,5375994.9],[647362.3,5376033.2],[647341.5,5376106.0],[647354.3,5376125.0],[647373.9,5376129.9],[647392.2,5376121.2],[647428.1,5376040.4]]]}},{"type":"Feature","properties":{"name":"\u0413\u043d\u0438\u043b\u043e\u043a\u0438\u0448"},"geometry":{"type":"Polygon","coordinates":[[[647781.1,5375826.0],[647770.0,5375802.8],[647745.0,5375796.7],[647718.0,5375812.5],[647711.5,5375834.5],[647722.4,5375854.7],[647744.5,5375861.2],[647767.9,5375851.0],[647781.1,5375826.0]]]}},{"type":"Feature","properties":{"name":"\u0413\u043d\u0438\u043b\u043e\u043a\u0438\u0448"},"geometry":{"type":"Polygon","coordinates":[[[647764.5,5375850.5],[647771.2,5375828.5],[647760.4,5375808.2],[647727.2,5375804.9],[647615.5,5375865.9],[647598.3,5375891.6],[647605.6,5375913.4],[647626.2,5375923.6],[647764.5,5375850.5]]]}},{"type":"Feature","properties":{"name":"\u0413\u043d\u0438\u043b\u043e\u043a\u0438\u0448"},"geometry":{"type":"Polygon","coordinates":[[[647658.3,5375893.2],[647647.0,5375870.2],[647622.0,5375864.3],[647597.7,5375878.9],[647591.4,5375901.0],[647602.5,5375921.1],[647621.6,5375927.6],[647645.3,5375918.4],[647658.3,5375893.2]]]}},{"type":"Feature","properties":{},"geometry":{"type":"Polygon","coordinates":[[[648593.0,5367072.5],[648596.7,5367107.5],[648607.9,5367124.4],[648630.1,5367130.0],[648649.9,5367118.3],[648658.9,5367058.0],[648645.1,5367028.6],[648603.1,5367004.7],[648571.3,5367005.6],[648555.1,5367034.7],[648593.0,5367072.5]]]}},{"type":"Feature","properties":{},"geometry":{"type":"Polygon","coordinates":[[[648567.9,5367056.5],[648599.6,5367046.2],[648605.3,5367021.2],[648583.9,5366984.2],[648561.8,5366978.0],[648541.8,5366989.2],[648535.5,5367011.2],[648567.9,5367056.5]]]}},{"type":"Feature","properties":{},"geometry":{"type":"Polygon","coordinates":[[[648599.5,5367058.5],[648614.9,5367034.7],[648605.8,5367010.7],[648578.5,5366997.7],[648556.6,5367004.7],[648546.1,5367025.2],[648553.1,5367047.0],[648573.9,5367060.1],[648599.5,5367058.5]]]}},{"type":"Feature","properties":{},"geometry":{"type":"Polygon","coordinates":[[[648323.7,5366905.6],[648397.0,5366937.3],[648435.3,5366968.4],[648465.9,5366971.9],[648484.6,5366954.2],[648475.1,5366919.8],[648419.4,5366880.9],[648372.1,5366865.1],[648353.6,5366843.2],[648323.2,5366848.4],[648311.9,5366882.5],[648323.7,5366905.6]]]}},{"type":"Feature","properties":{},"geometry":{"type":"Polygon","coordinates":[[[653738.9,5364539.4],[653751.4,5364519.3],[653802.4,5364492.4],[653744.2,5364510.1],[653679.0,5364566.1],[653682.1,5364574.5],[653738.9,5364539.4]]]}},{"type":"Feature","properties":{},"geometry":{"type":"Polygon","coordinates":[[[645577.5,5371051.1],[645483.8,5371006.3],[645475.3,5371024.0],[645564.5,5371066.6],[645577.5,5371051.1]]]}},{"type":"Feature","properties":{},"geometry":{"type":"Polygon","coordinates":[[[644455.0,5374033.3],[644471.4,5374005.2],[644464.0,5373954.3],[644455.3,5373948.9],[644335.0,5374019.8],[644313.2,5374067.1],[644315.8,5374083.3],[644455.0,5374033.3]]]}},{"type":"Feature","properties":{},"geometry":{"type":"Polygon","coordinates":[[[653332.2,5368307.5],[653299.8,5368320.4],[653321.8,5368357.9],[653362.0,5368356.3],[653367.8,5368345.5],[653332.2,5368307.5]]]}},{"type":"Feature","properties":{},"geometry":{"type":"Polygon","coordinates":[[[652232.1,5372142.8],[652211.6,5372088.1],[652200.1,5372093.3],[652197.5,5372126.0],[652224.5,5372186.0],[652232.1,5372142.8]]]}},{"type":"Feature","properties":{},"geometry":{"type":"Polygon","coordinates":[[[649178.9,5362339.7],[649194.3,5362322.5],[649193.0,5362299.6],[649178.6,5362285.4],[649158.5,5362283.6],[648826.7,5362401.8],[648816.4,5362422.4],[648823.6,5362444.2],[648841.2,5362454.1],[649178.9,5362339.7]]]}},{"type":"Feature","properties":{},"geometry":{"type":"Polygon","coordinates":[[[649295.6,5362297.3],[649298.8,5362277.3],[649288.7,5362259.8],[649269.8,5362252.8],[649154.8,5362284.7],[649136.0,5362312.2],[649144.5,5362333.5],[649165.5,5362342.6],[649280.5,5362310.6],[649295.6,5362297.3]]]}},{"type":"Feature","properties":{},"geometry":{"type":"Polygon","coordinates":[[[639962.7,5368897.6],[639959.6,5368923.1],[639977.3,5368941.7],[640005.5,5368941.1],[640025.1,5368926.5],[640028.0,5368901.0],[640010.1,5368882.6],[639986.3,5368883.5],[639962.7,5368897.6]]]}},{"type":"Feature","properties":{},"geometry":{"type":"Polygon","coordinates":[[[652135.0,5365259.3],[652510.9,5365477.4],[652748.3,5365628.4],[652851.3,5365682.9],[652871.5,5365681.9],[652886.5,5365668.3],[652889.5,5365648.3],[652876.7,5365629.2],[652166.9,5365208.5],[652004.0,5365091.3],[651943.9,5365057.7],[651857.2,5365030.0],[651823.4,5365041.6],[651818.6,5365064.1],[651831.1,5365083.3],[651920.0,5365112.9],[652135.0,5365259.3]]]}},{"type":"Feature","properties":{},"geometry":{"type":"Polygon","coordinates":[[[651031.7,5364968.6],[651001.8,5364976.0],[650992.9,5364997.1],[651003.5,5365040.1],[651024.7,5365049.0],[651046.0,5365040.3],[651054.7,5365022.1],[651052.3,5364991.6],[651031.7,5364968.6]]]}},{"type":"Feature","properties":{},"geometry":{"type":"Polygon","coordinates":[[[651042.2,5364994.5],[651014.1,5364991.0],[650996.4,5365009.5],[650996.6,5365040.1],[651012.4,5365056.8],[651035.3,5365057.4],[651052.0,5365041.6],[651054.8,5365016.8],[651042.2,5364994.5]]]}},{"type":"Feature","properties":{},"geometry":{"type":"Polygon","coordinates":[[[642560.9,5367607.7],[642587.0,5367596.7],[642593.0,5367571.8],[642577.9,5367539.7],[642555.9,5367533.1],[642535.7,5367544.1],[642529.0,5367563.2],[642536.0,5367589.5],[642560.9,5367607.7]]]}},{"type":"Feature","properties":{},"geometry":{"type":"Polygon","coordinates":[[[639995.6,5368574.2],[640015.3,5368562.4],[640020.8,5368540.1],[639997.5,5368511.6],[639931.9,5368497.2],[639893.5,5368546.9],[639995.6,5368574.2]]]}},{"type":"Feature","properties":{},"geometry":{"type":"Polygon","coordinates":[[[640005.7,5368732.8],[640025.9,5368722.1],[640032.7,5368700.1],[640011.6,5368674.3],[639877.9,5368637.5],[639853.5,5368645.1],[639843.8,5368666.0],[639851.7,5368687.5],[640005.7,5368732.8]]]}},{"type":"Feature","properties":{},"geometry":{"type":"Polygon","coordinates":[[[639796.1,5369838.5],[639756.8,5369929.9],[639800.4,5369989.9],[639845.0,5369874.2],[639896.7,5369831.1],[639914.4,5369791.2],[639956.0,5369739.8],[639975.1,5369669.8],[639963.5,5369644.0],[639941.4,5369637.9],[639921.4,5369649.4],[639901.8,5369712.8],[639840.9,5369802.3],[639796.1,5369838.5]]]}},{"type":"Feature","properties":{},"geometry":{"type":"Polygon","coordinates":[[[639921.4,5369686.0],[639947.2,5369697.6],[639969.6,5369685.1],[639977.7,5369657.9],[639967.6,5369637.3],[639945.8,5369629.9],[639925.2,5369640.1],[639915.9,5369660.9],[639921.4,5369686.0]]]}},{"type":"Feature","properties":{},"geometry":{"type":"Polygon","coordinates":[[[643981.9,5367980.0],[643985.7,5368016.1],[644000.4,5368033.7],[644023.2,5368035.8],[644042.2,5368018.5],[644042.4,5367986.7],[644060.4,5367959.8],[644060.1,5367939.5],[644047.0,5367924.1],[644027.1,5367920.5],[643994.2,5367948.0],[643981.9,5367980.0]]]}},{"type":"Feature","properties":{},"geometry":{"type":"Polygon","coordinates":[[[648564.5,5367019.3],[648582.4,5367037.7],[648608.0,5367035.5],[648625.6,5367014.0],[648624.8,5366991.1],[648607.9,5366975.5],[648585.0,5366976.3],[648567.4,5366993.8],[648564.5,5367019.3]]]}},{"type":"Feature","properties":{},"geometry":{"type":"Polygon","coordinates":[[[649037.1,5372924.3],[648952.1,5372922.6],[648951.6,5372947.7],[649036.5,5372949.4],[649037.1,5372924.3]]]}},{"type":"Feature","properties":{},"geometry":{"type":"Polygon","coordinates":[[[649011.6,5361848.6],[648947.8,5361846.4],[648944.8,5361934.7],[649008.6,5361936.9],[649011.6,5361848.6]]]}},{"type":"Feature","properties":{},"geometry":{"type":"Polygon","coordinates":[[[649054.9,5361849.2],[649019.3,5361847.8],[649016.0,5361932.0],[649051.6,5361933.4],[649054.9,5361849.2]]]}},{"type":"Feature","properties":{},"geometry":{"type":"Polygon","coordinates":[[[649002.0,5361588.5],[648808.0,5361580.5],[648800.1,5361772.1],[648994.0,5361780.1],[649002.0,5361588.5]]]}},{"type":"Feature","properties":{},"geometry":{"type":"Polygon","coordinates":[[[649298.0,5364106.7],[649279.3,5364124.3],[649281.0,5364149.9],[649302.8,5364169.4],[649325.7,5364169.0],[649341.7,5364152.5],[649341.2,5364129.5],[649325.8,5364111.7],[649298.0,5364106.7]]]}},{"type":"Feature","properties":{},"geometry":{"type":"Polygon","coordinates":[[[649307.3,5364112.2],[649287.0,5364127.9],[649285.2,5364150.8],[649303.5,5364171.6],[649326.4,5364173.4],[649343.9,5364158.5],[649345.7,5364135.6],[649332.3,5364118.0],[649307.3,5364112.2]]]}},{"type":"Feature","properties":{},"geometry":{"type":"Polygon","coordinates":[[[645789.1,5374349.1],[645793.0,5374331.6],[645648.1,5374476.6],[645540.2,5374599.5],[645534.9,5374615.5],[645541.7,5374618.6],[645789.1,5374349.1]]]}},{"type":"Feature","properties":{},"geometry":{"type":"Polygon","coordinates":[[[642646.7,5365786.6],[642662.7,5365875.1],[642686.7,5365931.5],[642804.4,5366078.0],[642849.4,5366186.7],[642912.5,5366235.9],[642971.5,5366246.8],[643030.6,5366240.3],[643155.2,5366197.2],[643164.2,5366165.2],[643140.9,5366144.9],[643015.1,5366182.2],[642972.3,5366186.5],[642938.5,5366180.8],[642896.1,5366147.7],[642857.1,5366048.6],[642737.2,5365898.5],[642720.4,5365857.9],[642706.9,5365785.3],[642717.6,5365586.6],[642673.4,5365519.8],[642649.3,5365511.0],[642629.0,5365521.7],[642622.2,5365543.6],[642658.0,5365601.4],[642646.7,5365786.6]]]}},{"type":"Feature","properties":{},"geometry":{"type":"Polygon","coordinates":[[[642540.8,5365393.1],[642594.7,5365522.1],[642630.4,5365558.5],[642661.3,5365557.7],[642673.7,5365541.8],[642673.2,5365521.6],[642622.6,5365445.9],[642596.5,5365370.5],[642498.7,5365176.4],[642456.6,5365230.9],[642540.8,5365393.1]]]}},{"type":"Feature","properties":{},"geometry":{"type":"Polygon","coordinates":[[[642654.9,5365570.7],[642678.5,5365555.1],[642679.8,5365529.5],[642659.5,5365506.0],[642636.6,5365503.6],[642618.8,5365518.1],[642616.4,5365541.0],[642630.7,5365562.0],[642654.9,5365570.7]]]}},{"type":"Feature","properties":{},"geometry":{"type":"Polygon","coordinates":[[[643721.8,5364891.4],[643627.9,5364781.3],[643619.1,5364752.1],[643621.0,5364635.1],[643595.9,5364466.9],[643599.1,5364390.3],[643620.0,5364294.6],[643662.1,5364207.6],[643727.9,5364128.3],[643753.9,5364080.3],[643809.0,5364029.2],[644042.0,5363925.2],[644129.2,5363896.5],[644172.0,5363866.9],[644258.8,5363841.4],[644290.0,5363807.6],[644384.9,5363757.7],[644501.5,5363677.0],[644612.8,5363582.7],[644808.5,5363393.4],[644817.1,5363369.2],[644803.8,5363347.2],[644768.2,5363349.1],[644466.1,5363628.5],[644352.3,5363707.4],[644254.2,5363758.8],[644227.2,5363789.3],[644147.9,5363811.3],[644103.4,5363842.0],[644019.2,5363869.6],[643775.2,5363979.4],[643707.1,5364042.0],[643678.0,5364094.6],[643611.4,5364175.0],[643563.1,5364274.9],[643539.5,5364382.7],[643535.8,5364471.5],[643561.1,5364639.4],[643559.6,5364762.0],[643575.5,5364811.4],[643668.9,5364921.5],[643726.9,5365146.1],[643756.5,5365166.1],[643777.4,5365156.4],[643785.2,5365134.9],[643721.8,5364891.4]]]}},{"type":"Feature","properties":{},"geometry":{"type":"Polygon","coordinates":[[[645025.9,5363107.2],[645107.8,5363036.4],[645111.1,5363013.7],[645097.4,5362995.3],[645066.5,5362995.3],[644984.4,5363063.7],[644933.4,5363139.4],[644881.9,5363245.7],[644889.9,5363264.3],[644907.8,5363273.5],[644927.6,5363269.3],[645025.9,5363107.2]]]}},{"type":"Feature","properties":{},"geometry":{"type":"Polygon","coordinates":[[[644822.1,5363364.3],[644808.8,5363342.3],[644783.5,5363338.5],[644762.2,5363355.6],[644757.8,5363378.2],[644770.7,5363397.2],[644793.2,5363401.6],[644813.4,5363388.4],[644822.1,5363364.3]]]}},{"type":"Feature","properties":{},"geometry":{"type":"Polygon","coordinates":[[[644932.6,5363267.7],[644931.2,5363247.5],[644914.7,5363231.6],[644891.7,5363232.0],[644769.0,5363348.3],[644765.8,5363381.5],[644783.6,5363396.0],[644806.4,5363393.7],[644916.7,5363292.8],[644932.6,5363267.7]]]}},{"type":"Feature","properties":{},"geometry":{"type":"Polygon","coordinates":[[[644936.5,5363226.8],[644908.4,5363214.0],[644886.6,5363227.5],[644873.9,5363262.9],[644885.0,5363282.9],[644907.1,5363289.3],[644925.2,5363280.4],[644939.7,5363254.9],[644936.5,5363226.8]]]}},{"type":"Feature","properties":{},"geometry":{"type":"Polygon","coordinates":[[[640021.4,5368427.2],[640033.4,5368446.8],[640055.7,5368452.3],[640076.9,5368437.9],[640103.0,5368376.4],[640077.3,5368309.1],[640038.0,5368360.0],[640021.4,5368427.2]]]}},{"type":"Feature","properties":{},"geometry":{"type":"Polygon","coordinates":[[[640447.4,5368265.3],[640330.2,5368323.9],[640230.4,5368309.8],[640132.3,5368338.5],[640105.9,5368363.5],[640104.1,5368389.1],[640131.3,5368408.2],[640234.0,5368370.4],[640337.0,5368384.1],[640380.2,5368371.8],[640466.7,5368322.3],[640515.7,5368313.2],[640588.6,5368282.7],[640638.3,5368282.8],[640656.1,5368273.0],[640663.5,5368251.3],[640653.4,5368230.7],[640601.7,5368222.1],[640447.4,5368265.3]]]}},{"type":"Feature","properties":{},"geometry":{"type":"Polygon","coordinates":[[[640046.6,5368361.3],[640035.8,5368381.6],[640042.5,5368403.5],[640065.7,5368414.5],[640141.2,5368404.8],[640151.6,5368384.3],[640146.2,5368364.8],[640103.6,5368350.6],[640046.6,5368361.3]]]}},{"type":"Feature","properties":{},"geometry":{"type":"Polygon","coordinates":[[[640092.5,5368374.8],[640099.5,5368402.2],[640123.2,5368412.0],[640152.3,5368400.4],[640162.0,5368379.6],[640154.2,5368358.0],[640133.4,5368348.3],[640108.8,5368354.9],[640092.5,5368374.8]]]}},{"type":"Feature","properties":{},"geometry":{"type":"Polygon","coordinates":[[[641766.4,5366304.8],[641785.6,5366270.5],[641781.6,5366211.5],[641767.2,5366176.9],[641774.6,5366113.1],[641710.0,5366196.8],[641723.0,5366254.9],[641691.8,5366258.7],[641661.6,5366291.3],[641664.3,5366311.3],[641681.8,5366326.2],[641766.4,5366304.8]]]}},{"type":"Feature","properties":{},"geometry":{"type":"Polygon","coordinates":[[[642455.4,5372407.5],[642574.3,5372414.3],[642595.3,5372387.6],[642616.4,5372294.6],[642613.2,5372274.6],[642589.5,5372259.1],[642565.5,5372268.0],[642548.7,5372299.0],[642540.8,5372354.1],[642411.0,5372348.6],[642297.1,5372373.1],[642277.0,5372395.3],[642274.2,5372426.2],[642301.5,5372498.4],[642319.2,5372513.0],[642342.1,5372510.9],[642356.7,5372493.2],[642336.9,5372422.1],[642455.4,5372407.5]]]}},{"type":"Feature","properties":{},"geometry":{"type":"Polygon","coordinates":[[[642317.9,5372513.7],[642340.9,5372512.9],[642356.5,5372496.1],[642355.3,5372471.9],[642338.5,5372456.3],[642315.6,5372457.1],[642299.9,5372473.9],[642301.1,5372498.1],[642317.9,5372513.7]]]}},{"type":"Feature","properties":{},"geometry":{"type":"Polygon","coordinates":[[[646126.2,5367368.1],[646104.1,5367356.8],[646075.2,5367321.1],[646049.0,5367319.0],[646089.2,5367382.2],[646115.3,5367390.6],[646125.7,5367383.1],[646126.2,5367368.1]]]}},{"type":"Feature","properties":{},"geometry":{"type":"Polygon","coordinates":[[[642180.7,5369557.5],[642177.2,5369532.2],[642141.6,5369519.3],[642141.2,5369565.4],[642154.0,5369577.5],[642180.7,5369557.5]]]}},{"type":"Feature","properties":{},"geometry":{"type":"Polygon","coordinates":[[[646682.0,5368050.3],[646740.7,5368073.7],[646781.1,5368110.8],[646799.3,5368142.4],[646821.8,5368147.1],[646841.0,5368134.5],[646845.0,5368109.1],[646819.9,5368064.6],[646772.3,5368022.1],[646715.6,5367999.6],[646639.3,5367926.4],[646611.3,5367922.6],[646594.4,5367938.2],[646593.6,5367961.1],[646682.0,5368050.3]]]}},{"type":"Feature","properties":{},"geometry":{"type":"Polygon","coordinates":[[[646118.6,5367420.7],[646144.0,5367417.1],[646157.3,5367395.1],[646150.7,5367366.5],[646131.6,5367353.7],[646109.1,5367358.1],[646096.2,5367377.1],[646098.7,5367400.7],[646118.6,5367420.7]]]}},{"type":"Feature","properties":{},"geometry":{"type":"Polygon","coordinates":[[[646144.2,5367471.6],[646231.8,5367520.8],[646246.0,5367566.3],[646276.6,5367603.5],[646325.7,5367635.1],[646355.1,5367626.0],[646359.8,5367593.0],[646298.6,5367537.2],[646279.9,5367479.2],[646183.9,5367425.9],[646138.3,5367364.1],[646107.9,5367369.3],[646096.7,5367401.5],[646144.2,5367471.6]]]}},{"type":"Feature","properties":{},"geometry":{"type":"Polygon","coordinates":[[[646397.8,5367711.0],[646417.6,5367684.3],[646390.1,5367636.0],[646369.3,5367626.2],[646347.7,5367633.9],[646337.9,5367654.7],[646365.4,5367703.0],[646397.8,5367711.0]]]}},{"type":"Feature","properties":{},"geometry":{"type":"Polygon","coordinates":[[[646357.0,5367684.1],[646380.0,5367683.6],[646395.8,5367666.9],[646394.0,5367641.4],[646342.5,5367577.6],[646322.3,5367577.9],[646305.5,5367593.5],[646303.7,5367613.7],[646357.0,5367684.1]]]}},{"type":"Feature","properties":{},"geometry":{"type":"Polygon","coordinates":[[[646429.0,5367828.0],[646489.4,5367882.2],[646522.5,5367878.2],[646532.5,5367860.7],[646529.1,5367840.8],[646499.8,5367803.2],[646476.3,5367790.1],[646445.3,5367712.7],[646410.4,5367663.2],[646392.8,5367653.3],[646370.4,5367658.2],[646358.1,5367677.6],[646429.0,5367828.0]]]}},{"type":"Feature","properties":{},"geometry":{"type":"Polygon","coordinates":[[[646537.1,5367903.2],[646552.8,5367883.0],[646547.2,5367858.0],[646523.5,5367842.5],[646500.9,5367846.4],[646487.6,5367865.2],[646490.1,5367885.2],[646508.8,5367902.5],[646537.1,5367903.2]]]}},{"type":"Feature","properties":{},"geometry":{"type":"Polygon","coordinates":[[[646520.5,5367901.5],[646543.7,5367885.3],[646544.4,5367859.7],[646524.0,5367837.4],[646501.1,5367835.6],[646483.6,5367850.6],[646481.9,5367873.5],[646496.2,5367893.4],[646520.5,5367901.5]]]}},{"type":"Feature","properties":{},"geometry":{"type":"Polygon","coordinates":[[[646516.9,5367893.4],[646538.4,5367875.0],[646536.5,5367849.4],[646513.8,5367827.5],[646490.9,5367828.0],[646475.0,5367844.6],[646474.4,5367864.8],[646489.7,5367885.8],[646516.9,5367893.4]]]}},{"type":"Feature","properties":{},"geometry":{"type":"Polygon","coordinates":[[[646919.6,5368306.4],[647027.1,5368342.6],[647082.4,5368371.2],[647105.1,5368367.7],[647118.6,5368349.2],[647104.7,5368316.2],[647049.1,5368286.7],[646944.6,5368251.6],[646895.1,5368208.7],[646872.8,5368203.2],[646853.1,5368215.1],[646847.6,5368237.3],[646887.0,5368285.5],[646919.6,5368306.4]]]}},{"type":"Feature","properties":{},"geometry":{"type":"Polygon","coordinates":[[[646868.1,5368261.4],[646893.5,5368258.1],[646907.1,5368236.3],[646900.7,5368206.5],[646881.8,5368193.4],[646859.2,5368197.5],[646846.1,5368216.4],[646848.4,5368241.0],[646868.1,5368261.4]]]}},{"type":"Feature","properties":{},"geometry":{"type":"Polygon","coordinates":[[[646858.4,5368247.4],[646880.8,5368252.3],[646900.1,5368239.8],[646902.1,5368208.5],[646854.8,5368148.0],[646843.3,5368104.7],[646826.2,5368089.3],[646803.3,5368090.5],[646787.9,5368107.6],[646798.9,5368170.8],[646858.4,5368247.4]]]}},{"type":"Feature","properties":{},"geometry":{"type":"Polygon","coordinates":[[[647131.5,5368452.3],[647160.6,5368436.1],[647155.5,5368381.3],[647140.6,5368363.9],[647117.7,5368362.0],[647100.2,5368376.9],[647105.3,5368431.7],[647131.5,5368452.3]]]}},{"type":"Feature","properties":{},"geometry":{"type":"Polygon","coordinates":[[[647140.3,5368417.4],[647154.3,5368402.9],[647155.9,5368382.7],[647109.2,5368319.5],[647081.6,5368313.1],[647063.4,5368327.2],[647060.5,5368349.9],[647105.1,5368411.2],[647140.3,5368417.4]]]}},{"type":"Feature","properties":{},"geometry":{"type":"Polygon","coordinates":[[[646590.7,5367974.1],[646610.6,5367977.3],[646629.9,5367964.8],[646634.6,5367942.3],[646590.9,5367896.3],[646568.6,5367891.1],[646550.9,5367900.9],[646543.5,5367919.7],[646590.7,5367974.1]]]}},{"type":"Feature","properties":{},"geometry":{"type":"Polygon","coordinates":[[[646645.3,5367969.2],[646649.2,5367938.6],[646629.8,5367921.8],[646593.1,5367920.3],[646577.2,5367936.9],[646577.7,5367959.9],[646591.6,5367974.6],[646619.4,5367980.6],[646645.3,5367969.2]]]}},{"type":"Feature","properties":{},"geometry":{"type":"Polygon","coordinates":[[[646556.7,5367940.4],[646576.6,5367937.2],[646590.1,5367922.1],[646590.9,5367901.9],[646564.8,5367868.8],[646535.7,5367849.0],[646515.6,5367847.5],[646497.5,5367861.6],[646494.7,5367884.4],[646556.7,5367940.4]]]}},{"type":"Feature","properties":{},"geometry":{"type":"Polygon","coordinates":[[[646584.0,5367948.8],[646602.7,5367927.5],[646597.3,5367902.4],[646569.1,5367881.7],[646546.4,5367885.4],[646533.0,5367904.1],[646536.8,5367926.7],[646556.0,5367945.1],[646584.0,5367948.8]]]}},{"type":"Feature","properties":{},"geometry":{"type":"Polygon","coordinates":[[[649388.7,5361455.8],[649368.1,5361465.8],[649360.5,5361487.5],[649375.3,5361511.6],[649433.6,5361527.1],[649556.0,5361543.3],[649577.5,5361535.2],[649586.9,5361514.3],[649578.9,5361492.8],[649388.7,5361455.8]]]}},{"type":"Feature","properties":{},"geometry":{"type":"Polygon","coordinates":[[[645311.8,5373968.3],[645324.6,5373929.5],[645296.8,5373935.5],[645228.9,5374003.8],[645217.2,5374028.4],[645186.8,5374050.4],[645190.7,5374057.2],[645233.3,5374037.2],[645311.8,5373968.3]]]}},{"type":"Feature","properties":{"name":"\u041a\u0440\u0438\u043c\u043a\u0430"},"geometry":{"type":"Polygon","coordinates":[[[656644.9,5376574.6],[656679.5,5376091.4],[656721.8,5375973.3],[656745.2,5375950.4],[656800.5,5375922.7],[656843.0,5375875.0],[656878.9,5375811.9],[656912.9,5375708.3],[656940.9,5375659.1],[657011.0,5375572.4],[657049.1,5375444.9],[657043.7,5375369.4],[657020.0,5375280.0],[656947.3,5375177.7],[656921.4,5375126.3],[656917.0,5375059.5],[656934.6,5374968.8],[656997.6,5374863.3],[657100.8,5374751.2],[657323.3,5374632.8],[658106.3,5374341.6],[658406.3,5374261.2],[658438.5,5374260.2],[658484.5,5374198.7],[658394.1,5374202.3],[658087.2,5374284.7],[657299.8,5374577.5],[657065.2,5374702.4],[656949.3,5374827.3],[656878.2,5374947.2],[656856.9,5375059.6],[656863.9,5375145.0],[656896.5,5375210.1],[656964.2,5375303.1],[656989.2,5375436.4],[656956.1,5375547.5],[656892.0,5375624.0],[656859.2,5375681.2],[656823.9,5375787.5],[656792.5,5375842.5],[656763.9,5375874.4],[656711.7,5375900.2],[656670.8,5375940.0],[656621.8,5376074.1],[656585.2,5376568.0],[656562.6,5376679.1],[656530.7,5376743.5],[656526.1,5376813.8],[656623.1,5376684.2],[656644.9,5376574.6]]]}},{"type":"Feature","properties":{},"geometry":{"type":"Polygon","coordinates":[[[657730.0,5374385.3],[657758.5,5374368.0],[657753.8,5374325.8],[657735.1,5374303.1],[657703.4,5374301.4],[657652.3,5374314.9],[657632.7,5374331.4],[657631.9,5374354.4],[657647.6,5374371.2],[657703.1,5374365.7],[657730.0,5374385.3]]]}},{"type":"Feature","properties":{"name":"\u0421\u0430\u043c\u0430\u0440\u0441\u044c\u043a\u0430 \u0437\u0430\u0442\u043e\u043a\u0430"},"geometry":{"type":"Polygon","coordinates":[[[656781.8,5369073.1],[656750.4,5369073.5],[656740.1,5369059.4],[656726.9,5369065.6],[656723.8,5369099.5],[656689.0,5369125.7],[656678.9,5369122.2],[656682.2,5369103.5],[656600.4,5369117.2],[656559.2,5369096.1],[656315.4,5369227.4],[656312.2,5369252.5],[656277.9,5369281.3],[656244.6,5369336.6],[656053.1,5369481.1],[656014.3,5369565.4],[655982.0,5369675.8],[655934.2,5369923.0],[655938.1,5370107.1],[655894.5,5370286.6],[655914.4,5370355.7],[655932.0,5370362.6],[655980.2,5370343.1],[656158.7,5370364.4],[656235.4,5370400.5],[656304.7,5370396.3],[656355.9,5370333.5],[656356.2,5370322.4],[656409.4,5370274.7],[656439.0,5370213.8],[656441.3,5370176.8],[656390.0,5370105.3],[656306.8,5370039.0],[656263.3,5370027.7],[656250.5,5369988.9],[656270.5,5369985.0],[656342.4,5369999.0],[656411.1,5370036.7],[656416.6,5370050.4],[656494.3,5370080.5],[656515.9,5370107.1],[656547.3,5370123.8],[656559.5,5370159.5],[656510.2,5370248.5],[656448.9,5370321.9],[656369.3,5370443.9],[656364.2,5370472.7],[656387.6,5370496.3],[656360.3,5370488.2],[656349.7,5370508.6],[656355.9,5370525.0],[656450.1,5370583.8],[656465.6,5370568.7],[656466.5,5370598.9],[656487.0,5370600.4],[656541.5,5370632.7],[656595.8,5370633.9],[656612.3,5370646.7],[656627.0,5370681.3],[656660.3,5370711.1],[656670.1,5370701.6],[656708.5,5370719.5],[656705.2,5370738.2],[656743.1,5370753.0],[656772.9,5370802.9],[656811.3,5370789.4],[656856.5,5370827.2],[656911.9,5370849.2],[656958.5,5370893.0],[656993.9,5370904.1],[657035.4,5370934.9],[657054.6,5370932.0],[657089.8,5370946.3],[657134.2,5370984.2],[657170.2,5370988.0],[657234.6,5370967.7],[657257.1,5370951.4],[657254.2,5370930.1],[657294.3,5370883.9],[657303.9,5370849.5],[657320.7,5370840.3],[657315.4,5370811.8],[657342.6,5370769.2],[657335.8,5370749.8],[657342.2,5370723.7],[657348.7,5370717.0],[657360.6,5370726.7],[657379.6,5370710.7],[657382.5,5370696.3],[657371.5,5370676.8],[657385.3,5370663.5],[657379.9,5370624.1],[657418.6,5370589.6],[657411.8,5370581.1],[657421.5,5370580.7],[657416.9,5370566.0],[657428.3,5370559.9],[657415.4,5370414.7],[657402.8,5370385.1],[657368.0,5370350.7],[657254.5,5370275.2],[657276.4,5370240.1],[657303.2,5370234.4],[657323.3,5370242.8],[657443.0,5370356.1],[657462.4,5370400.3],[657457.6,5370436.3],[657475.4,5370467.7],[657462.4,5370475.1],[657464.8,5370524.1],[657482.6,5370560.6],[657487.2,5370606.3],[657463.1,5370685.3],[657380.2,5370778.2],[657293.1,5370946.8],[657281.4,5370993.7],[657284.6,5371042.8],[657339.3,5371113.1],[657418.3,5371166.3],[657458.4,5371170.6],[657486.9,5371200.4],[657508.4,5371200.8],[657548.6,5371231.4],[657741.2,5371304.0],[657776.3,5371340.7],[657825.5,5371353.3],[657824.6,5371365.1],[657842.6,5371367.7],[657843.6,5371375.1],[657853.6,5371368.3],[657877.7,5371376.8],[657886.0,5371390.9],[657928.1,5371410.2],[657937.4,5371425.0],[657992.4,5371454.6],[658082.0,5371523.4],[658114.5,5371536.1],[658148.9,5371572.6],[658183.6,5371579.2],[658182.4,5371595.7],[658195.0,5371608.9],[658233.6,5371607.6],[658240.9,5371616.9],[658284.5,5371621.8],[658300.2,5371635.1],[658314.6,5371628.6],[658346.9,5371641.4],[658357.3,5371665.1],[658388.0,5371673.6],[658433.4,5371700.4],[658445.4,5371720.0],[658460.9,5371722.7],[658476.0,5371751.3],[658548.1,5371770.5],[658557.9,5371795.0],[658581.0,5371811.2],[658632.9,5371820.0],[658676.4,5371856.1],[658737.9,5371875.0],[656850.6,5369023.8],[656781.8,5369073.1]]]}},{"type":"Feature","properties":{"name":"\u0421\u0430\u043c\u0430\u0440\u0441\u044c\u043a\u0430 \u0437\u0430\u0442\u043e\u043a\u0430"},"geometry":{"type":"Polygon","coordinates":[[[658801.9,5372100.6],[658800.6,5372103.9],[658817.6,5372122.5],[658902.7,5372124.0],[658874.3,5372081.1],[658801.9,5372100.6]]]}},{"type":"Feature","properties":{"name":"\u0421\u0430\u043c\u0430\u0440\u0441\u044c\u043a\u0430 \u0437\u0430\u0442\u043e\u043a\u0430"},"geometry":{"type":"Polygon","coordinates":[[[658505.5,5374149.0],[658489.3,5374064.4],[658477.9,5374051.1],[658472.4,5374054.6],[658485.7,5374070.1],[658496.6,5374146.3],[658492.0,5374157.5],[658475.6,5374160.1],[658463.3,5374100.1],[658469.8,5374095.5],[658459.9,5374084.4],[658444.6,5374075.2],[658464.9,5374155.5],[658447.0,5374159.3],[658427.6,5374074.5],[658416.1,5374096.6],[658435.2,5374157.2],[658414.6,5374164.0],[658398.6,5374075.9],[658383.6,5374071.0],[658394.1,5374128.0],[658385.2,5374129.9],[658400.3,5374156.5],[658384.7,5374161.9],[658368.6,5374070.8],[658345.3,5374071.6],[658362.0,5374115.1],[658363.7,5374148.9],[658338.4,5374072.9],[658331.2,5374100.5],[658315.4,5374112.7],[658318.0,5374119.6],[658308.8,5374117.1],[658318.0,5374160.4],[658325.2,5374160.8],[658321.6,5374181.8],[658309.7,5374195.1],[658291.4,5374185.1],[658293.0,5374192.1],[658281.1,5374190.1],[658286.6,5374205.9],[658276.7,5374207.5],[658280.1,5374190.6],[658257.5,5374200.0],[658263.2,5374220.9],[658223.6,5374187.2],[658225.8,5374214.8],[658192.6,5374244.6],[658162.3,5374241.1],[658133.0,5374254.5],[658106.0,5374250.7],[658064.5,5374265.3],[658050.5,5374242.2],[658037.7,5374246.1],[658024.1,5374232.7],[657997.3,5374246.1],[657997.5,5374271.4],[657989.1,5374276.0],[657946.2,5374275.5],[657917.9,5374301.7],[657798.7,5374346.4],[657751.7,5374358.4],[657732.2,5374351.9],[657723.5,5374366.7],[657675.5,5374381.1],[657707.5,5374528.1],[657777.8,5374508.9],[657790.0,5374514.2],[657787.2,5374525.7],[657821.0,5374504.6],[657879.9,5374492.1],[657903.7,5374477.4],[657977.0,5374453.7],[657992.3,5374458.4],[658018.4,5374448.1],[658016.4,5374432.7],[658047.3,5374405.3],[658172.6,5374351.7],[658214.1,5374341.8],[658256.5,5374345.5],[658300.2,5374322.8],[658372.2,5374325.4],[658398.9,5374313.0],[658513.4,5374160.2],[658505.5,5374149.0]]]}},{"type":"Feature","properties":{"name":"\u041f\u043e\u043a\u0440\u043e\u0432\u0441\u044c\u043a\u0430"},"geometry":{"type":"Polygon","coordinates":[[[642513.1,5372823.9],[642547.5,5372819.0],[642624.4,5372841.8],[642688.3,5372808.1],[642718.9,5372763.5],[642775.5,5372720.4],[642814.5,5372672.4],[642825.7,5372634.7],[642840.3,5372634.1],[642843.0,5372610.6],[642867.0,5372578.8],[642840.1,5372574.0],[642837.0,5372551.6],[642871.4,5372521.1],[642846.3,5372505.9],[642824.9,5372541.3],[642807.9,5372526.6],[642784.2,5372530.0],[642770.0,5372554.2],[642758.9,5372545.5],[642703.0,5372556.5],[642691.5,5372552.6],[642694.3,5372541.7],[642606.1,5372558.3],[642554.0,5372549.5],[642389.5,5372554.8],[642314.9,5372577.9],[642244.7,5372519.8],[642245.7,5372503.4],[642234.9,5372510.8],[642210.8,5372504.6],[642178.5,5372480.1],[642177.3,5372471.6],[642187.9,5372468.6],[642162.0,5372431.8],[642132.3,5372404.8],[642109.1,5372408.4],[642097.5,5372400.6],[642090.0,5372370.0],[642063.9,5372355.5],[642039.1,5372361.9],[642040.0,5372386.7],[642021.4,5372398.4],[642024.5,5372408.0],[642057.9,5372430.0],[642065.8,5372495.3],[642099.8,5372516.9],[642116.4,5372557.3],[642103.1,5372593.3],[642089.4,5372599.5],[642083.9,5372634.5],[642053.7,5372631.3],[642404.7,5372919.5],[642513.1,5372823.9]]]}},{"type":"Feature","properties":{"name":"\u0425\u0430\u0440\u0447\u043e\u0432\u0435 \u043e\u0437\u0435\u0440\u043e"},"geometry":{"type":"Polygon","coordinates":[[[658296.1,5371922.0],[658329.9,5371911.4],[658348.5,5371932.6],[658427.1,5371962.7],[658431.3,5371982.7],[658452.9,5371979.7],[658477.8,5371989.2],[658481.8,5372002.8],[658499.2,5371996.1],[658508.7,5372011.5],[658538.7,5372011.2],[658600.6,5372050.3],[658658.6,5372059.5],[658671.6,5372053.9],[658673.6,5371966.0],[658645.9,5371944.9],[658486.6,5371862.1],[658474.1,5371867.3],[658379.6,5371819.3],[658349.7,5371818.0],[658144.7,5371701.7],[658123.5,5371728.9],[658118.9,5371752.7],[658134.3,5371830.7],[658165.9,5371856.3],[658223.1,5371878.6],[658266.7,5371917.2],[658296.1,5371922.0]]]}},{"type":"Feature","properties":{"name":"\u0427\u0435\u0440\u0432\u043e\u043d\u043e\u043a\u0430\u043c'\u044f\u043d\u0441\u044c\u043a\u0435 \u043e\u0437\u0435\u0440\u043e"},"geometry":{"type":"Polygon","coordinates":[[[643304.2,5372163.3],[643307.9,5372206.6],[643318.9,5372233.4],[643341.1,5372250.7],[643432.5,5372230.2],[643468.9,5372201.0],[643478.6,5372131.2],[643438.1,5372071.4],[643397.6,5372071.9],[643380.4,5372089.1],[643348.4,5372098.4],[643304.2,5372163.3]]]}},{"type":"Feature","properties":{},"geometry":{"type":"Polygon","coordinates":[[[657407.1,5374629.1],[657446.8,5374617.3],[657477.2,5374594.5],[657537.7,5374613.9],[657567.7,5374600.8],[657575.3,5374580.5],[657593.5,5374566.5],[657631.7,5374554.6],[657661.6,5374528.0],[657707.5,5374528.1],[657675.5,5374381.1],[657599.1,5374410.3],[657563.1,5374398.8],[657531.7,5374373.7],[657518.2,5374380.9],[657506.4,5374373.8],[657490.3,5374389.4],[657505.8,5374417.9],[657500.2,5374447.4],[657419.4,5374520.8],[657370.1,5374541.6],[657358.5,5374531.4],[657374.1,5374517.7],[657366.4,5374501.3],[657338.9,5374506.5],[657280.8,5374552.5],[657202.6,5374586.3],[657181.9,5374617.4],[657084.6,5374664.8],[656986.5,5374731.8],[656942.3,5374778.3],[656892.2,5374851.2],[656851.6,5374933.0],[656822.2,5374959.1],[656768.8,5375035.2],[656785.0,5375051.6],[656805.9,5375041.0],[656815.9,5375222.0],[656940.7,5375240.3],[656966.7,5375258.0],[657000.3,5375371.6],[656994.9,5375389.8],[657006.2,5375450.9],[656982.1,5375503.5],[656971.9,5375557.1],[656928.1,5375597.6],[656902.7,5375642.9],[656888.4,5375645.1],[656859.7,5375727.9],[656852.2,5375780.6],[656837.9,5375795.4],[656804.0,5375801.2],[656828.8,5375823.9],[656797.8,5375866.4],[656692.0,5375928.3],[656629.9,5375946.1],[656594.7,5375946.5],[656544.3,5375929.1],[656528.0,5375935.9],[656520.3,5375932.3],[656528.6,5375896.9],[656519.8,5375894.7],[656510.6,5375909.6],[656470.0,5376070.3],[656455.6,5376149.4],[656464.4,5376183.7],[656443.5,5376250.4],[656472.3,5376214.6],[656478.0,5376169.0],[656499.2,5376143.3],[656472.4,5376106.4],[656492.4,5376035.8],[656531.3,5376010.6],[656576.4,5376003.6],[656595.9,5375972.9],[656613.8,5375977.8],[656654.9,5375961.4],[656659.5,5375968.8],[656628.9,5376086.9],[656590.8,5376580.6],[656541.8,5376725.9],[656540.1,5376795.1],[656599.6,5376715.6],[656618.4,5376675.4],[656653.3,5376510.6],[656664.0,5376265.3],[656648.0,5376244.9],[656651.9,5376226.9],[656669.6,5376223.0],[656660.1,5376178.9],[656676.1,5376146.7],[656674.2,5376127.6],[656656.1,5376109.1],[656678.9,5376099.5],[656687.3,5376114.8],[656707.4,5376006.7],[656722.0,5375972.0],[656716.2,5375954.8],[656787.8,5375910.5],[656845.5,5375839.4],[656895.2,5375694.8],[656912.0,5375681.5],[656934.4,5375636.9],[656959.3,5375628.1],[656960.2,5375657.0],[656977.0,5375659.2],[656998.9,5375569.4],[657008.1,5375563.6],[656997.6,5375556.0],[657014.0,5375553.0],[657006.9,5375545.0],[657036.0,5375461.9],[657013.6,5375289.0],[657001.2,5375284.3],[656964.8,5375209.6],[656935.0,5375179.5],[656945.9,5375143.6],[656945.5,5375097.5],[656975.3,5375021.3],[656964.0,5375008.5],[656976.5,5374931.7],[656999.1,5374926.3],[656987.1,5374907.5],[657018.6,5374845.0],[657044.7,5374822.0],[657047.3,5374807.6],[657111.8,5374761.4],[657116.5,5374746.5],[657220.0,5374695.0],[657258.5,5374689.1],[657313.6,5374690.1],[657353.1,5374725.6],[657348.3,5374704.5],[657375.1,5374690.2],[657407.1,5374629.1]]]}},{"type":"Feature","properties":{},"geometry":{"type":"Polygon","coordinates":[[[657460.3,5375135.2],[657424.8,5375152.3],[657361.6,5375215.9],[657285.8,5375324.4],[657259.6,5375383.6],[657284.9,5375387.4],[657298.9,5375375.6],[657460.3,5375135.2]]]}},{"type":"Feature","properties":{},"geometry":{"type":"Polygon","coordinates":[[[657505.2,5375334.2],[657454.9,5375392.6],[657384.1,5375501.8],[657422.8,5375467.9],[657452.0,5375416.1],[657499.0,5375377.5],[657521.6,5375333.3],[657505.2,5375334.2]]]}},{"type":"Feature","properties":{"name":"\u043a\u0430\u043d\u0430\u043b \u041b\u0456\u0432\u043e\u0431\u0435\u0440\u0435\u0436\u043d\u0438\u0439"},"geometry":{"type":"Polygon","coordinates":[[[646820.0,5373991.5],[646767.0,5374157.8],[646737.3,5374201.8],[646730.9,5374223.6],[646741.6,5374246.4],[646729.9,5374292.9],[646708.1,5374322.8],[646714.3,5374351.4],[646701.2,5374395.7],[646679.5,5374408.6],[646689.0,5374416.4],[646675.5,5374449.8],[646610.0,5374503.6],[646596.8,5374536.4],[646598.6,5374561.8],[646611.8,5374556.1],[646636.2,5374566.9],[646588.5,5374661.1],[646584.3,5374718.3],[646576.4,5374724.7],[646561.3,5374803.9],[646531.4,5374851.8],[646478.4,5374996.7],[646468.9,5375049.2],[646451.1,5375078.1],[646456.4,5375104.4],[646440.0,5375117.3],[646485.1,5375150.2],[646518.5,5375143.9],[646521.3,5375116.3],[646500.2,5375119.3],[646500.4,5375104.3],[646502.8,5375072.4],[646536.4,5374992.6],[646526.7,5374975.7],[646545.6,5374969.2],[646556.0,5374945.0],[646591.8,5374846.9],[646606.3,5374743.3],[646626.6,5374712.0],[646645.7,5374709.6],[646639.3,5374701.4],[646648.0,5374671.2],[646658.4,5374668.3],[646653.8,5374651.0],[646701.3,5374534.0],[646713.5,5374524.5],[646709.1,5374515.9],[646730.8,5374464.1],[646740.1,5374458.2],[646733.5,5374453.6],[646753.2,5374398.3],[646771.2,5374372.7],[646778.7,5374312.4],[646797.7,5374285.1],[646810.3,5374218.5],[646854.3,5374116.8],[646858.8,5374076.3],[646881.8,5374040.5],[646875.5,5373998.1],[646902.7,5373921.8],[646928.1,5373880.1],[646965.3,5373732.2],[646993.1,5373681.5],[647012.3,5373664.9],[647026.2,5373594.6],[646855.1,5373618.2],[646858.4,5373711.0],[646816.4,5373742.2],[646759.0,5373761.6],[646752.1,5373896.7],[646778.8,5373913.8],[646802.9,5373900.4],[646807.6,5373766.6],[646831.4,5373756.4],[646847.2,5373767.3],[646853.0,5373802.0],[646845.1,5373881.3],[646853.2,5373925.6],[646820.0,5373991.5]]]}},{"type":"Feature","properties":{},"geometry":{"type":"Polygon","coordinates":[[[647358.7,5375992.0],[647332.4,5375973.3],[647321.2,5375977.1],[647328.4,5375993.0],[647316.9,5376006.7],[647271.2,5376037.5],[647225.8,5376052.0],[647264.3,5376054.2],[647352.5,5376030.3],[647368.4,5376044.7],[647358.6,5376064.8],[647374.2,5376071.6],[647371.0,5376080.8],[647384.2,5376089.9],[647392.0,5376080.8],[647412.7,5376094.7],[647427.0,5376059.6],[647404.4,5376052.6],[647413.6,5376037.7],[647407.3,5376030.6],[647413.3,5376025.5],[647453.2,5376039.3],[647455.9,5376026.0],[647494.6,5375996.2],[647486.1,5375989.0],[647498.8,5375971.3],[647624.9,5375901.0],[647618.2,5375894.9],[647501.6,5375953.9],[647470.5,5375979.2],[647382.7,5375967.1],[647358.7,5375992.0]]]}},{"type":"Feature","properties":{},"geometry":{"type":"Polygon","coordinates":[[[647714.4,5376148.6],[647836.1,5376059.1],[647900.1,5376029.8],[647944.1,5376024.3],[648187.6,5375822.6],[648246.0,5375753.8],[648239.5,5375750.1],[648194.1,5375802.6],[648120.4,5375859.4],[648144.0,5375829.7],[648198.3,5375791.8],[648225.4,5375749.1],[648207.3,5375754.9],[648201.3,5375770.5],[648187.9,5375767.3],[648176.9,5375789.6],[648157.2,5375796.6],[648153.1,5375817.0],[648113.0,5375844.9],[648120.0,5375865.8],[647941.6,5376012.5],[647900.2,5376015.4],[647818.1,5376062.9],[647714.4,5376148.6]]]}},{"type":"Feature","properties":{},"geometry":{"type":"Polygon","coordinates":[[[647119.1,5376368.5],[647111.7,5376382.2],[647098.8,5376375.9],[647087.8,5376385.8],[647059.0,5376433.5],[647105.7,5376416.1],[647103.6,5376407.2],[647149.2,5376377.6],[647190.9,5376317.3],[647219.2,5376324.5],[647241.3,5376303.2],[647253.2,5376274.2],[647286.2,5376263.0],[647355.6,5376161.9],[647370.3,5376154.8],[647386.9,5376125.0],[647384.5,5376112.4],[647373.2,5376114.4],[647370.9,5376100.0],[647343.0,5376090.3],[647267.8,5376201.0],[647182.2,5376276.5],[647176.5,5376297.3],[647142.2,5376325.8],[647131.5,5376357.2],[647109.0,5376360.8],[647119.1,5376368.5]]]}},{"type":"Feature","properties":{"name":"\u041a\u0443\u0440\u044f\u0447\u0435 \u043e\u0437\u0435\u0440\u043e"},"geometry":{"type":"Polygon","coordinates":[[[647825.8,5377433.5],[647878.6,5377372.0],[647994.2,5377198.4],[647999.0,5377148.9],[648007.7,5377149.8],[648005.1,5377183.7],[648010.5,5377158.6],[648024.1,5377160.0],[648060.6,5377130.4],[648064.2,5377114.9],[648185.2,5376971.8],[648269.9,5376818.8],[648417.5,5376622.1],[648466.1,5376583.0],[648501.2,5376535.3],[648584.9,5376477.5],[648848.1,5376232.8],[648930.9,5376145.7],[648916.9,5376123.6],[648867.1,5376100.0],[648840.4,5376122.0],[648762.4,5376219.3],[648682.7,5376280.0],[648535.1,5376417.5],[648469.1,5376496.4],[648406.5,5376541.8],[648377.3,5376583.5],[648309.9,5376640.0],[648283.6,5376700.3],[648177.6,5376810.0],[648133.7,5376868.4],[648129.0,5376914.0],[648032.7,5377031.2],[648021.5,5377058.1],[647997.3,5377080.9],[647849.4,5377296.9],[647832.1,5377304.9],[647825.0,5377323.9],[647751.7,5377392.4],[647808.2,5377439.6],[647825.8,5377433.5]]]}},{"type":"Feature","properties":{"name":"\u043a\u0430\u043d\u0430\u043b \u041f\u043b\u0435\u0441\u043e \u041b\u043e\u043c\u0456\u0432\u0441\u044c\u043a\u0435"},"geometry":{"type":"Polygon","coordinates":[[[645636.9,5375596.8],[645651.5,5375625.4],[645645.4,5375598.1],[645684.0,5375564.0],[645977.9,5375487.9],[646019.5,5375496.7],[646075.6,5375475.2],[646112.1,5375482.1],[646138.5,5375475.3],[646155.2,5375462.0],[646154.0,5375393.3],[646186.1,5375330.6],[646205.8,5375312.5],[646264.9,5375299.7],[646326.3,5375265.0],[646366.3,5375265.7],[646412.0,5375249.0],[646451.7,5375220.0],[646475.7,5375184.0],[646468.8,5375173.5],[646485.1,5375150.2],[646443.3,5375125.2],[646427.8,5375171.8],[646365.4,5375209.1],[646319.7,5375205.7],[646298.7,5375185.1],[646243.6,5375178.5],[646221.3,5375146.8],[646194.5,5375157.4],[646185.8,5375140.7],[646163.8,5375129.4],[646134.6,5375159.1],[646110.6,5375164.7],[646085.1,5375216.5],[646073.6,5375222.1],[646071.4,5375239.3],[646092.9,5375276.0],[646075.5,5375306.2],[645952.5,5375339.4],[645904.3,5375377.1],[645850.7,5375390.6],[645746.3,5375450.1],[645711.0,5375481.6],[645556.0,5375557.7],[645610.2,5375603.0],[645636.9,5375596.8]]]}},{"type":"Feature","properties":{},"geometry":{"type":"Polygon","coordinates":[[[645848.9,5372675.6],[645844.7,5372722.1],[645866.0,5372760.8],[645880.5,5372762.6],[645889.6,5372756.7],[645886.7,5372713.4],[645915.1,5372659.8],[645909.6,5372651.5],[645871.4,5372649.7],[645848.9,5372675.6]]]}},{"type":"Feature","properties":{"name":"\u041c\u0430\u043d\u0443\u0439\u043b\u0456\u0432\u0441\u044c\u043a\u0435 \u043e\u0437\u0435\u0440\u043e"},"geometry":{"type":"Polygon","coordinates":[[[651952.4,5373840.0],[651844.3,5373944.3],[651827.6,5373968.3],[651831.0,5373982.4],[651795.4,5374004.3],[651776.2,5374046.3],[651609.6,5374161.3],[651616.6,5374176.8],[651630.1,5374174.3],[651671.2,5374133.3],[651734.9,5374102.1],[651821.2,5374023.9],[651832.7,5374029.4],[651849.9,5374018.0],[651863.6,5373973.3],[651922.9,5373912.4],[651952.4,5373840.0]]]}},{"type":"Feature","properties":{},"geometry":{"type":"Polygon","coordinates":[[[644179.9,5368640.1],[644170.5,5368629.4],[644182.2,5368617.3],[644210.2,5368605.0],[644201.7,5368622.2],[644210.0,5368634.6],[644232.2,5368611.1],[644218.7,5368606.6],[644235.8,5368588.0],[644229.5,5368550.0],[644210.7,5368552.1],[644170.0,5368586.4],[644158.1,5368626.9],[644166.8,5368644.8],[644179.9,5368640.1]]]}},{"type":"Feature","properties":{},"geometry":{"type":"Polygon","coordinates":[[[653733.9,5364506.2],[653787.5,5364479.2],[653809.1,5364482.9],[653838.5,5364473.2],[653827.9,5364457.1],[653816.4,5364457.5],[653821.5,5364447.4],[653807.5,5364426.3],[653789.0,5364418.4],[653792.7,5364429.8],[653777.5,5364455.0],[653734.1,5364468.0],[653711.0,5364489.9],[653692.1,5364473.3],[653656.7,5364463.8],[653659.9,5364482.2],[653703.3,5364499.1],[653662.8,5364516.7],[653659.0,5364529.2],[653624.6,5364550.8],[653605.9,5364524.7],[653620.7,5364522.3],[653637.7,5364487.1],[653623.6,5364465.7],[653504.6,5364528.0],[653502.2,5364538.1],[653473.3,5364539.7],[653465.7,5364563.0],[653450.0,5364561.1],[653427.4,5364575.0],[653423.8,5364625.5],[653454.5,5364686.8],[653451.3,5364708.4],[653482.4,5364724.6],[653487.4,5364714.2],[653470.7,5364702.5],[653467.1,5364680.7],[653498.5,5364660.8],[653541.7,5364661.2],[653633.5,5364602.4],[653681.1,5364548.5],[653733.9,5364506.2]]]}},{"type":"Feature","properties":{},"geometry":{"type":"Polygon","coordinates":[[[653716.5,5364404.6],[653691.9,5364436.3],[653662.3,5364452.4],[653706.4,5364446.9],[653713.9,5364429.1],[653728.2,5364444.1],[653764.0,5364420.5],[653748.8,5364404.2],[653778.6,5364382.6],[653772.2,5364373.0],[653716.5,5364404.6]]]}},{"type":"Feature","properties":{"name":"\u0414\u043d\u0456\u043f\u0440\u043e\u0432\u0441\u044c\u043a\u0435 \u0432\u043e\u0434\u043e\u0441\u0445\u043e\u0432\u0438\u0449\u0435"},"geometry":{"type":"Polygon","coordinates":[[[644862.2,5374890.9],[644931.9,5374808.7],[645194.2,5374691.9],[645297.1,5374672.6],[645361.8,5374648.1],[645381.5,5374658.4],[645377.6,5374705.3],[645364.5,5374718.8],[645308.2,5374743.6],[645176.9,5374829.8],[645169.1,5374843.6],[645183.7,5374861.4],[645216.0,5374853.3],[645416.9,5374729.7],[645459.5,5374578.1],[645550.0,5374497.7],[645583.1,5374495.6],[645600.7,5374477.7],[645649.1,5374380.3],[645652.3,5374355.8],[645703.9,5374262.1],[645809.1,5374195.2],[645826.9,5374163.0],[645880.9,5374135.3],[645937.4,5374067.7],[646013.6,5374008.9],[646022.8,5373995.8],[646024.2,5373962.2],[646048.7,5374005.3],[646045.9,5374056.9],[646007.8,5374146.8],[646015.5,5374171.1],[646049.1,5374172.0],[646098.4,5374100.3],[646069.6,5374051.4],[646081.5,5374026.7],[646057.9,5373981.6],[646059.9,5373949.5],[646087.2,5373927.5],[646148.5,5373920.2],[646191.6,5373894.9],[646178.8,5373841.9],[646206.6,5373816.4],[646345.2,5373742.4],[646552.1,5373658.3],[646611.2,5373656.7],[646660.3,5373639.7],[646728.5,5373638.9],[646754.9,5373627.1],[647026.2,5373594.6],[647096.1,5373552.0],[647148.8,5373531.8],[647152.3,5373539.7],[647107.2,5373561.8],[647101.9,5373594.5],[647049.7,5373611.2],[647060.6,5373640.3],[647223.0,5373616.9],[647265.1,5373594.4],[647280.4,5373563.9],[647278.0,5373543.6],[647249.9,5373529.1],[647182.4,5373529.7],[647178.9,5373516.7],[647349.7,5373499.3],[647391.4,5373483.7],[647483.3,5373400.4],[647616.4,5373320.6],[647686.7,5373309.7],[647975.8,5373130.1],[648009.8,5373117.6],[648038.2,5373118.7],[648418.3,5372892.4],[648603.7,5372798.2],[648623.0,5372793.3],[648643.3,5372806.5],[648701.2,5372810.3],[648764.0,5372795.6],[648812.9,5372801.2],[648869.1,5372782.4],[648920.0,5372794.6],[649000.8,5372779.5],[649049.6,5372783.0],[649087.9,5372767.1],[649160.3,5372772.7],[649252.2,5372744.2],[649282.0,5372749.9],[649308.5,5372741.2],[649414.4,5372746.8],[649482.7,5372736.9],[649574.9,5372738.7],[649612.9,5372758.7],[649619.7,5372895.7],[649477.8,5372889.1],[649317.4,5372895.1],[649312.7,5372882.2],[649168.9,5372916.7],[649065.2,5372927.2],[648948.0,5372916.9],[648935.0,5372919.1],[648935.3,5372932.7],[648902.8,5372933.2],[648877.9,5372917.1],[648856.4,5372930.1],[648711.7,5372940.8],[648712.8,5372985.2],[648707.8,5372965.7],[648623.0,5372961.8],[648564.1,5372973.4],[648472.2,5372974.9],[648441.2,5372966.6],[648303.9,5373001.0],[648281.7,5372998.0],[648078.6,5373122.8],[648069.5,5373161.9],[648086.9,5373231.1],[648180.5,5373239.9],[648755.0,5373174.1],[648767.8,5373143.7],[648905.6,5373140.7],[649495.6,5373071.5],[650004.6,5373328.8],[650064.0,5373224.8],[650023.3,5373207.9],[649997.1,5373217.8],[649858.3,5373140.5],[649782.1,5373048.2],[649794.5,5373013.8],[649838.4,5372976.0],[649862.7,5372979.1],[649901.7,5372942.7],[649935.3,5372939.7],[649983.0,5372912.8],[650166.5,5372854.7],[650193.0,5372878.4],[650221.5,5372939.4],[650197.5,5372871.5],[650202.4,5372864.4],[650229.7,5372882.1],[650230.1,5372849.5],[650257.7,5372847.6],[650240.5,5372856.5],[650266.5,5372873.7],[650355.6,5372841.0],[650379.0,5372850.6],[650392.0,5372843.8],[650395.3,5372915.2],[650321.7,5372971.1],[650286.5,5372985.8],[650275.3,5373014.8],[650295.2,5373116.6],[650319.4,5373168.7],[650351.1,5373219.6],[650355.1,5373224.3],[650366.1,5373225.0],[650354.5,5373219.8],[650309.6,5373141.3],[650278.5,5373012.3],[650289.2,5372988.5],[650315.2,5372979.7],[650396.0,5372920.7],[650399.8,5372844.3],[650501.7,5372834.7],[650667.3,5372759.2],[650722.4,5372763.1],[650744.2,5372749.9],[650819.7,5372733.1],[650885.1,5372695.0],[650995.1,5372655.8],[651047.8,5372625.2],[651103.1,5372622.6],[651181.1,5372591.6],[651225.2,5372540.6],[651332.3,5372477.5],[651378.4,5372426.2],[651532.5,5372353.4],[651587.7,5372306.2],[651624.6,5372296.7],[651701.5,5372252.7],[651793.2,5372226.6],[651826.1,5372193.3],[651815.6,5372177.1],[651891.5,5372239.4],[651910.6,5372233.9],[651909.0,5372221.7],[651996.5,5372145.2],[652018.8,5372137.1],[652010.1,5372118.8],[652075.2,5372094.2],[652079.8,5372083.3],[652071.4,5372076.7],[652113.5,5372052.4],[652140.4,5372001.6],[652177.4,5371971.3],[652191.5,5371914.6],[652203.6,5371903.0],[652272.8,5371897.9],[652299.3,5371885.8],[652351.0,5371887.8],[652843.0,5371740.9],[652922.4,5371690.1],[652999.5,5371667.3],[653387.4,5371505.1],[653458.9,5371435.3],[653528.8,5371395.5],[653600.9,5371329.9],[653700.4,5371282.1],[654371.3,5370643.8],[654658.6,5370495.3],[654612.5,5370400.4],[654621.6,5370379.9],[654652.4,5370358.2],[654727.1,5370353.3],[654950.7,5370247.3],[655067.0,5370206.6],[655062.8,5370216.1],[654937.1,5370271.5],[654815.9,5370343.2],[654734.7,5370376.6],[654700.5,5370380.8],[654691.8,5370394.2],[654650.1,5370401.4],[654652.5,5370421.0],[654644.8,5370423.3],[654669.3,5370469.9],[654702.7,5370444.9],[654714.3,5370410.3],[654725.1,5370413.1],[654731.8,5370437.1],[654936.0,5370365.0],[655073.4,5370289.5],[655113.4,5370278.1],[655133.8,5370276.5],[655141.6,5370321.8],[655149.8,5370322.7],[655153.3,5370310.4],[655224.4,5370320.1],[655238.3,5370312.2],[655334.5,5370339.9],[655397.3,5370340.9],[655412.1,5370334.7],[655419.2,5370317.1],[655439.4,5370310.3],[655499.3,5370329.1],[655579.6,5370328.7],[655644.2,5370349.3],[655734.7,5370344.0],[655722.2,5370290.4],[655754.9,5370178.1],[655748.9,5370159.7],[655733.5,5370154.8],[655688.0,5370103.1],[655689.2,5370065.8],[655709.4,5370060.0],[655779.5,5370079.3],[655799.0,5370072.1],[655810.2,5370026.0],[655797.2,5370006.5],[655809.2,5369959.2],[655794.8,5369948.1],[655780.0,5369956.2],[655779.7,5369986.3],[655744.0,5370019.3],[655668.0,5369977.6],[655675.2,5369940.7],[655696.5,5369938.7],[655705.8,5369964.8],[655730.7,5369931.9],[655715.5,5369867.3],[655678.9,5369791.0],[655624.2,5369731.2],[655605.6,5369693.6],[655603.3,5369659.2],[655563.2,5369585.0],[655561.4,5369549.0],[655571.6,5369543.3],[655591.8,5369479.5],[655621.0,5369451.4],[655656.5,5369393.5],[655727.5,5369199.7],[655747.1,5369181.2],[655781.3,5369111.8],[655804.2,5369092.2],[655813.4,5369098.5],[655814.0,5369116.5],[655769.5,5369200.9],[655762.1,5369272.1],[655782.7,5369338.6],[655774.8,5369425.7],[655748.2,5369477.8],[655731.2,5369598.4],[655742.8,5369703.7],[655787.5,5369751.6],[655819.2,5369758.9],[655851.6,5369745.5],[655863.7,5369628.3],[655876.9,5369599.7],[655876.7,5369524.5],[655943.5,5369403.6],[655942.3,5369358.3],[655987.7,5369305.0],[655947.5,5369254.2],[656036.5,5369174.9],[656080.3,5369230.7],[656156.2,5369182.4],[656090.2,5369100.4],[656066.7,5369117.4],[656059.8,5369108.8],[656115.8,5369062.5],[656263.5,5369182.8],[656292.9,5369195.8],[656315.4,5369227.4],[656559.2,5369096.1],[656539.5,5369054.9],[656546.5,5369034.6],[656606.0,5368990.6],[656686.1,5368960.7],[656775.0,5368909.5],[654352.5,5365249.7],[654304.0,5365257.3],[654231.7,5365252.3],[654026.2,5365199.1],[653882.4,5365044.4],[653778.9,5364895.9],[653762.6,5364900.1],[653634.0,5364781.2],[653519.3,5364731.6],[653490.7,5364738.7],[653468.7,5364761.4],[653416.3,5364786.6],[653381.5,5364868.8],[653277.1,5364977.5],[653227.0,5365090.2],[653137.3,5365184.7],[653046.5,5365464.7],[653034.1,5365476.4],[652992.7,5365478.7],[652992.9,5365551.4],[653009.6,5365567.6],[653052.1,5365564.1],[653059.5,5365582.3],[653032.2,5365626.4],[653026.0,5365700.1],[652989.0,5365838.7],[652954.1,5365885.6],[652952.0,5365906.0],[653020.9,5366031.8],[653023.5,5366067.9],[653036.2,5366087.5],[653029.3,5366102.8],[653041.7,5366220.3],[653087.1,5366354.9],[653107.3,5366377.1],[653098.8,5366385.5],[653117.4,5366416.6],[653136.4,5366412.8],[653155.0,5366423.3],[653173.9,5366466.7],[653195.9,5366489.2],[653179.2,5366525.5],[653188.2,5366688.3],[653205.5,5366747.7],[653214.2,5366889.6],[653253.7,5366968.2],[653241.5,5367013.5],[653252.4,5367065.5],[653416.7,5367626.2],[653426.2,5367627.1],[653437.1,5367662.9],[653432.2,5367672.7],[653468.6,5367715.0],[653454.2,5367749.3],[653466.7,5367788.8],[653486.0,5367781.1],[653473.1,5367742.0],[653481.5,5367710.6],[653523.1,5367703.0],[653567.5,5367708.7],[653583.8,5367717.8],[653601.4,5367751.3],[653610.3,5367750.6],[653602.8,5367755.0],[653600.6,5367788.8],[653644.9,5367847.4],[653631.8,5367871.2],[653559.1,5367903.7],[653529.9,5367891.8],[653507.0,5367846.2],[653485.2,5367848.4],[653518.0,5367913.9],[653528.1,5367966.1],[653563.7,5367996.7],[653544.5,5368019.7],[653523.6,5368013.8],[653584.6,5368061.7],[653649.6,5368077.8],[653767.4,5368038.7],[653807.5,5368011.7],[653798.9,5367948.2],[653810.1,5367937.4],[653855.6,5367967.1],[653877.2,5367967.2],[653883.5,5367959.0],[653895.5,5367961.5],[653897.6,5367972.0],[653924.1,5367976.7],[653987.7,5367966.4],[654022.0,5368066.8],[653982.6,5368057.0],[653948.7,5368062.8],[653836.9,5368161.6],[653819.4,5368192.1],[653821.3,5368260.5],[653787.0,5368350.9],[653831.1,5368360.9],[653842.5,5368355.4],[653850.7,5368365.6],[653952.7,5368150.9],[653946.1,5368132.6],[653961.7,5368109.9],[653986.6,5368104.5],[654002.7,5368111.2],[654046.0,5368194.7],[654024.5,5368379.8],[654001.5,5368492.5],[654017.3,5368512.0],[653993.3,5368524.8],[653995.7,5368542.3],[654029.9,5368563.7],[654040.2,5368583.6],[653941.3,5368611.5],[653939.0,5368620.9],[653955.1,5368622.4],[653956.7,5368667.7],[653943.4,5368673.2],[653962.2,5368686.0],[653969.9,5368709.7],[653962.2,5368750.3],[653942.4,5368773.1],[653911.0,5368775.0],[653870.6,5368733.5],[653831.6,5368656.7],[653791.0,5368633.8],[653753.5,5368638.4],[653721.7,5368715.0],[653723.9,5368727.9],[653746.2,5368745.8],[653856.9,5368813.9],[653894.6,5368823.4],[653914.3,5368850.1],[653910.6,5368869.2],[653880.1,5368893.9],[653834.4,5368896.2],[653720.9,5368838.5],[653695.4,5368836.6],[653687.0,5368853.6],[653686.0,5368873.7],[653707.4,5368888.6],[653760.2,5368911.2],[653816.4,5368917.8],[653814.0,5368941.1],[653802.3,5368953.3],[653709.1,5368943.6],[653695.7,5368971.9],[653701.0,5368993.3],[653781.3,5369012.6],[653808.1,5368974.0],[653816.8,5368974.4],[653823.0,5369054.3],[653809.7,5369073.1],[653816.1,5369090.0],[653803.3,5369089.7],[653794.5,5369176.6],[653837.6,5369185.3],[653827.7,5369231.8],[653777.4,5369220.0],[653769.3,5369267.6],[653782.3,5369273.4],[653761.0,5369309.8],[653767.9,5369317.4],[653761.9,5369337.6],[653643.7,5369598.2],[653574.0,5369660.3],[653485.0,5369760.8],[653474.2,5369760.3],[653175.8,5370087.1],[653042.9,5370150.7],[652812.7,5370179.2],[652776.9,5370199.8],[652775.1,5370260.1],[652614.0,5370258.4],[651698.6,5370649.2],[651590.1,5370687.1],[651587.4,5370678.6],[651507.7,5370704.4],[651494.7,5370719.9],[651476.2,5370714.7],[651243.1,5370797.5],[651159.5,5370818.4],[651129.2,5370851.2],[650961.6,5370905.0],[650765.8,5371059.6],[650759.5,5371102.5],[650742.9,5371134.5],[650728.2,5371143.6],[650679.3,5371133.2],[650616.0,5371189.1],[650600.2,5371249.4],[650610.0,5371367.1],[650600.9,5371395.2],[650569.9,5371426.4],[650504.4,5371459.0],[650331.7,5371479.0],[649812.2,5371751.2],[649770.2,5371724.0],[649758.3,5371725.9],[649682.6,5371768.0],[649595.4,5371849.5],[649434.2,5371928.5],[649364.9,5371985.1],[649153.8,5372121.3],[648989.8,5372131.0],[648970.1,5372149.0],[648962.1,5372176.2],[648945.5,5372147.3],[648926.8,5372134.5],[648738.4,5372148.7],[648719.4,5372168.2],[648715.4,5372216.7],[648705.0,5372226.1],[648677.4,5372175.6],[648571.6,5372171.2],[648480.5,5372193.8],[648457.7,5372215.5],[648464.6,5372251.0],[648552.9,5372238.3],[648464.3,5372256.3],[648454.0,5372254.1],[648444.3,5372212.4],[648387.4,5372219.3],[648337.3,5372211.3],[648279.7,5372237.9],[647974.7,5372299.8],[647970.4,5372329.0],[647890.2,5372347.8],[647875.8,5372326.6],[647859.9,5372326.9],[647301.6,5372455.5],[647185.0,5372500.0],[647184.5,5372575.1],[647174.3,5372573.1],[647159.0,5372523.9],[647140.7,5372514.7],[647005.2,5372575.3],[647019.1,5372619.4],[647155.3,5372589.7],[647137.2,5372601.8],[647025.3,5372636.6],[647007.1,5372634.2],[646970.6,5372606.6],[646911.6,5372622.2],[646830.2,5372665.4],[646803.0,5372723.2],[646792.1,5372723.4],[646781.1,5372702.5],[646749.8,5372704.1],[646613.8,5372772.7],[646594.9,5372814.9],[646472.4,5372828.7],[646454.8,5372858.5],[646418.6,5372852.9],[646256.0,5372908.6],[646016.7,5372904.9],[646004.4,5372889.0],[645990.7,5372909.2],[645851.1,5372877.2],[645815.2,5372892.3],[645742.2,5372880.7],[645667.5,5372886.3],[645638.9,5372872.5],[645572.1,5372785.0],[645492.0,5372753.5],[645470.5,5372733.8],[645189.5,5372827.0],[645186.8,5372872.2],[645172.6,5372902.5],[645177.7,5372978.1],[645171.1,5372989.5],[645156.1,5372988.7],[645148.6,5372928.7],[645128.7,5372926.8],[645073.2,5372939.1],[645009.0,5372967.0],[645002.4,5372989.2],[645018.7,5373009.1],[645014.2,5373014.8],[644775.1,5373061.1],[644689.4,5373042.9],[644657.3,5373005.9],[644624.3,5373011.5],[644583.8,5373001.9],[644544.8,5372969.8],[644498.1,5372973.9],[644431.6,5373017.9],[644352.9,5373015.4],[644342.3,5373007.9],[644346.8,5372999.0],[644403.6,5373003.8],[644462.4,5372988.5],[644503.3,5372950.4],[644439.3,5372910.1],[644351.3,5372900.5],[644293.1,5372869.9],[644274.7,5372875.9],[644264.1,5372862.7],[644259.6,5372877.5],[644201.4,5372876.6],[644173.5,5372895.8],[644162.1,5372921.5],[644167.9,5372936.9],[644247.7,5372960.1],[644267.3,5372976.3],[644267.1,5372996.6],[644291.3,5373034.6],[644360.2,5373049.5],[644361.5,5373060.8],[644277.6,5373055.3],[644223.7,5372984.4],[644221.8,5372968.9],[644134.6,5372953.9],[644123.2,5372935.3],[644164.8,5372886.3],[644160.0,5372863.7],[644024.7,5372808.6],[643746.1,5372747.9],[643664.2,5372715.2],[643518.8,5372622.9],[643469.3,5372621.6],[643444.1,5372634.4],[643389.1,5372702.7],[643324.8,5372736.6],[643281.1,5372800.4],[643244.2,5372928.7],[643219.0,5372984.6],[643170.7,5373056.9],[642976.2,5373283.9],[642898.8,5373337.4],[644810.8,5374935.1],[644862.2,5374890.9]]]}},{"type":"Feature","properties":{"name":"\u0414\u043d\u0456\u043f\u0440\u043e\u0432\u0441\u044c\u043a\u0435 \u0432\u043e\u0434\u043e\u0441\u0445\u043e\u0432\u0438\u0449\u0435"},"geometry":{"type":"Polygon","coordinates":[[[653590.8,5364665.1],[653569.1,5364682.2],[653567.9,5364693.3],[653680.0,5364746.3],[653708.3,5364744.7],[653740.5,5364712.1],[653730.7,5364703.2],[653737.4,5364677.2],[653826.5,5364633.1],[653891.9,5364553.8],[653850.9,5364491.9],[653590.8,5364665.1]]]}},{"type":"Feature","properties":{"name":"\u0414\u043d\u0456\u043f\u0440\u043e\u0432\u0441\u044c\u043a\u0435 \u0432\u043e\u0434\u043e\u0441\u0445\u043e\u0432\u0438\u0449\u0435"},"geometry":{"type":"Polygon","coordinates":[[[653912.4,5364615.7],[653898.9,5364632.7],[653927.5,5364657.5],[653898.3,5364691.3],[653899.7,5364770.3],[653921.0,5364857.7],[653921.1,5364884.8],[653907.3,5364900.6],[653879.1,5364900.6],[653837.1,5364866.9],[653832.2,5364786.3],[653805.2,5364737.5],[653752.4,5364738.4],[653726.6,5364768.3],[653929.4,5365050.8],[654030.1,5365158.3],[654120.1,5365191.5],[654233.2,5365215.3],[654298.1,5365225.6],[654331.3,5365217.7],[653935.0,5364618.9],[653928.2,5364627.7],[653912.4,5364615.7]]]}},{"type":"Feature","properties":{"name":"\u0414\u043d\u0456\u043f\u0440\u043e\u0432\u0441\u044c\u043a\u0435 \u0432\u043e\u0434\u043e\u0441\u0445\u043e\u0432\u0438\u0449\u0435"},"geometry":{"type":"Polygon","coordinates":[[[642798.2,5373141.8],[642877.0,5373216.4],[642898.0,5373215.9],[642952.8,5373174.8],[643045.8,5373040.7],[643081.4,5372968.1],[643127.4,5372911.7],[643170.6,5372825.2],[643205.0,5372791.5],[643284.3,5372650.9],[643294.2,5372623.6],[643286.6,5372607.2],[643223.6,5372573.7],[643150.5,5372595.0],[643083.8,5372673.9],[642885.6,5372862.7],[642829.8,5372950.7],[642805.7,5373038.5],[642736.1,5373071.0],[642685.7,5373022.4],[642652.7,5373046.8],[642660.4,5373111.7],[642652.1,5373116.5],[642640.9,5373107.8],[642639.7,5373120.9],[642730.7,5373197.0],[642798.2,5373141.8]]]}}]}