{"type": "FeatureCollection", "features": [{"type": "Feature", "properties": {"landuse": "cemetery", "name": "Friedhof Betzenhausen"}, "geometry": {"type": "Polygon", "coordinates": [[[411103.25467035617, 5318053.733957154], [411104.04553207656, 5318055.189172508], [411104.1333465462, 5318056.043824442], [411103.78066092794, 5318057.839117464], [411102.95836110675, 5318059.1747583775], [411101.28653819393, 5318060.568005187], [411100.31555728044, 5318060.972116811], [411098.7461133632, 5318060.785165329], [411097.42566675204, 5318059.816172508], [411095.13267512165, 5318063.008866945], [411098.2844250587, 5318065.661556993], [411101.20190136327, 5318064.260162185], [411113.07909070037, 5318053.72655685], [411118.84731932846, 5318049.501838604], [411121.6911224141, 5318046.711967345], [411100.47871328215, 5318024.250102881], [411073.32388632203, 5318002.480554493], [411069.79170898104, 5317997.421370546], [411065.3536812047, 5317994.566254362], [411051.4797570734, 5318014.424675698], [411065.40953824355, 5318031.929672169], [411077.1952011362, 5318047.789198507], [411081.6188725404, 5318048.754652594], [411084.76186375774, 5318044.570508067], [411087.597983471, 5318040.8024413055], [411099.3876646065, 5318049.691582287], [411100.98968524963, 5318047.643510796], [411104.61617466947, 5318050.12210745], [411102.30035255454, 5318052.803769261], [411103.25467035617, 5318053.733957154]]]}}, {"type": "Feature", "properties": {"landuse": "allotments", "name": "Untermetzgergr\u00fcn"}, "geometry": {"type": "Polygon", "coordinates": [[[411984.69579607534, 5317146.578431424], [411992.51212896634, 5317139.577402952], [412000.19591664564, 5317132.689583652], [412007.6368010611, 5317126.016714262], [412014.6437325172, 5317119.75070521], [412022.4670876317, 5317112.71626147], [412029.7829176196, 5317106.156505158], [412037.6066499155, 5317099.1443113005], [412044.9445522394, 5317092.562003833], [412052.52539652155, 5317085.7647685995], [412056.55883580464, 5317082.156774779], [412060.34291505703, 5317078.830521064], [412064.5911528037, 5317075.119195726], [412068.36343899986, 5317073.460669278], [412076.8546458477, 5317069.595536272], [412086.48932318814, 5317065.3683086345], [412093.4586400335, 5317064.928252676], [412104.76832273084, 5317061.920547157], [412111.3743028608, 5317060.163151017], [412112.8379887957, 5317059.2736583855], [412121.03592634096, 5317054.279146637], [412126.8299912649, 5317050.655414254], [412132.5281116653, 5317047.099855655], [412138.6473430705, 5317043.271061996], [412140.33972831536, 5317042.211328133], [412145.4690782913, 5317038.053041694], [412152.6544525499, 5317032.218042973], [412153.8482583903, 5317031.2437486695], [412160.22652637534, 5317025.810182795], [412167.70928528794, 5317019.903959468], [412168.5277635341, 5317019.268909357], [412174.8362280892, 5317014.636846091], [412178.1203235293, 5317012.274366086], [412184.72530997574, 5317007.51549923], [412190.3119493682, 5317003.494791486], [412191.6280022779, 5317002.707626539], [412199.2429082731, 5316998.122343411], [412209.08831710496, 5316991.557553736], [412215.1372998245, 5316987.518695575], [412220.94436192495, 5316982.783170183], [412232.01279704156, 5316973.7317931745], [412232.8602782733, 5316973.040725312], [412234.70256310166, 5316971.534055221], [412241.9762703306, 5316966.098034819], [412250.4672240934, 5316959.754094637], [412232.1418189986, 5316938.678138897], [412221.8359772403, 5316926.8180409195], [412205.61379980965, 5316908.144668978], [412198.140808059, 5316899.554207855], [412190.65999536065, 5316890.941641506], [412185.60202113964, 5316885.126903486], [412180.7673824624, 5316883.188568599], [412179.3643172807, 5316883.165527882], [412131.83460293314, 5316904.057705103], [412122.38729958166, 5316902.501176976], [412109.0919273066, 5316906.928804299], [412102.85003387404, 5316895.907271589], [412124.81567518966, 5316883.198417607], [412129.06668986275, 5316881.121293304], [412145.1881669912, 5316872.181529856], [412146.47880991193, 5316871.194638789], [412163.76461609924, 5316857.879303466], [412137.1506506227, 5316829.581949535], [412130.2261081669, 5316822.228289178], [412121.5329711877, 5316828.041880202], [412116.29442823096, 5316820.184443542], [412110.2003527057, 5316811.028288354], [412100.96019033407, 5316797.1621776605], [412100.6468713314, 5316796.677821557], [412038.7700783117, 5316834.743399391], [412030.4259270934, 5316839.951478436], [412022.8508049669, 5316845.192272589], [412013.747555451, 5316851.501450272], [411961.3347967501, 5316883.364364662], [411912.3564568871, 5316914.363626618], [411841.23978335416, 5316959.376528502], [411821.61762632563, 5316972.072789695], [411808.61506414093, 5316980.487619318], [411792.82000523334, 5316990.712910026], [411778.20707425853, 5317000.175273388], [411762.72963398905, 5317010.184554917], [411745.250385421, 5317021.503053072], [411736.46637199953, 5317027.185238123], [411727.2465416616, 5317033.152051335], [411718.1968806692, 5317038.538185419], [411708.6267201779, 5317045.01067137], [411700.22958723793, 5317050.131125593], [411688.6313258093, 5317057.657550121], [411681.21236640884, 5317062.3405660195], [411671.5693484538, 5317068.4362583915], [411663.0495724417, 5317073.825459983], [411666.1231495141, 5317078.658590462], [411676.81238686026, 5317095.503347808], [411677.7618626774, 5317096.600460202], [411678.4392208138, 5317097.468296185], [411684.67862923455, 5317106.343852762], [411689.1496216409, 5317109.8659646], [411693.3394639123, 5317111.113420049], [411697.3792666645, 5317112.3075977815], [411726.22902784275, 5317119.479754195], [411729.8416434224, 5317121.036255186], [411752.7042046048, 5317130.901823699], [411754.2646180274, 5317129.999636266], [411762.074322144, 5317125.499705435], [411770.4829468152, 5317120.645970009], [411780.0453315455, 5317115.129762318], [411788.51314837753, 5317110.241795153], [411794.5700737868, 5317106.747091507], [411797.2085488225, 5317106.084069123], [411800.404590601, 5317105.290209081], [411802.88693471055, 5317104.662935052], [411804.279459466, 5317106.920552557], [411810.5304631429, 5317117.052278381], [411818.45727863396, 5317129.91531595], [411824.19568641495, 5317139.221144911], [411829.3389286838, 5317147.179836675], [411831.5194299869, 5317147.7911851145], [411859.8509846175, 5317155.739018271], [411861.4366439201, 5317154.536315382], [411869.0476133649, 5317148.750010526], [411876.68792376557, 5317142.92991569], [411884.490818618, 5317137.007287427], [411892.72854201635, 5317130.733381932], [411900.38398888276, 5317124.9242050825], [411907.91383669013, 5317119.194781744], [411915.9453070747, 5317113.090825157], [411921.91899694805, 5317108.541422345], [411923.73370470665, 5317107.190708622], [411932.9104938167, 5317100.357749001], [411945.36944542977, 5317114.429992494], [411948.1038222004, 5317112.72057784], [411949.21711619623, 5317112.825816505], [411954.8450137591, 5317108.593018247], [411957.68053645344, 5317111.540061193], [411970.89413691976, 5317128.613496242], [411984.69579607534, 5317146.578431424]]]}}, {"type": "Feature", "properties": {"landuse": "allotments", "name": "Gartenfreunde Freiburg S\u00fcd e.V."}, "geometry": {"type": "Polygon", "coordinates": [[[412867.08930583275, 5315881.455568694], [412870.31718013465, 5315879.26111846], [412872.03044021525, 5315873.143119331], [412875.7773605845, 5315866.293955912], [412877.42956605786, 5315866.491269804], [412878.7953394202, 5315865.514533248], [412880.25692551024, 5315864.458527809], [412886.11758195463, 5315861.179227715], [412893.292193856, 5315860.892710348], [412896.97632229805, 5315860.736872058], [412912.2042384204, 5315861.517946165], [412925.75576324906, 5315862.969214548], [412939.0173078943, 5315865.970148925], [412947.9293570962, 5315869.0480506085], [412955.8474282044, 5315872.0298377685], [412968.36812970496, 5315874.897529867], [412980.78466176067, 5315880.746146436], [412992.631731269, 5315886.936908706], [412998.00579660095, 5315889.968349574], [413012.2384990291, 5315897.979587333], [413016.92245596385, 5315900.7769102], [413020.32530697243, 5315902.748725818], [413019.41657644924, 5315904.341062238], [413022.46574405953, 5315906.1181234345], [413032.09942754236, 5315911.030641762], [413033.3051438853, 5315918.716403832], [413045.9986369143, 5315924.138528819], [413044.91447353957, 5315926.467226486], [413053.9440220103, 5315930.910887251], [413056.537794018, 5315932.18347329], [413059.1768331263, 5315933.4887269], [413062.31458820915, 5315929.77273642], [413067.9086218255, 5315923.662850309], [413025.44892029266, 5315890.698385878], [413030.8856741078, 5315884.057232449], [412952.6347262077, 5315802.242257622], [412941.4377996685, 5315792.673320891], [412937.2096365147, 5315787.456796835], [412932.3029273139, 5315780.305093075], [412927.4783940272, 5315772.173864581], [412922.43882611144, 5315764.134829864], [412917.1450673793, 5315756.066296604], [412912.58527118363, 5315748.664785837], [412907.39442429005, 5315740.494651167], [412902.70765575266, 5315732.594810739], [412897.5812374503, 5315724.245838903], [412893.06520455994, 5315716.287836292], [412887.83267696877, 5315707.3401681], [412883.94514031167, 5315699.984083006], [412878.90326012, 5315690.322055375], [412874.00508886506, 5315681.280400305], [412869.5180485047, 5315672.777248985], [412864.9870706247, 5315664.3303508], [412860.50808555825, 5315656.360693977], [412855.9626652681, 5315647.947371795], [412851.5678539942, 5315639.131563914], [412847.404219287, 5315631.2905418845], [412843.31944667525, 5315623.237107263], [412838.93571243744, 5315615.154854255], [412814.7564457845, 5315626.5047177365], [412812.4600057598, 5315627.628975119], [412793.692477225, 5315637.574005759], [412775.4875058265, 5315647.2104142085], [412773.11187431146, 5315648.524875417], [412754.78675091086, 5315658.107588824], [412736.1952808378, 5315667.83892207], [412733.8157460674, 5315669.386913739], [412722.6455218605, 5315675.39273418], [412724.6308399718, 5315679.3424581], [412731.25595287, 5315692.504391421], [412739.488900445, 5315709.332747614], [412747.44498941046, 5315725.131443955], [412747.6132957676, 5315727.8636440765], [412748.2893859161, 5315738.981388228], [412749.2837800544, 5315745.992175369], [412750.768293113, 5315748.415373716], [412740.2150254778, 5315753.266768342], [412733.1199060935, 5315756.342604728], [412732.97915959416, 5315756.411441155], [412732.54979637364, 5315756.640292291], [412730.6744835583, 5315757.480273789], [412711.44101758034, 5315765.698424779], [412691.65380943543, 5315773.813877094], [412690.7508292728, 5315774.305608055], [412689.8256351589, 5315774.808793204], [412691.7770001781, 5315777.013670413], [412696.1029987008, 5315785.218977748], [412674.98052772507, 5315795.822703882], [412675.86741967197, 5315797.221085264], [412676.8352000919, 5315798.5404206775], [412713.38977070746, 5315867.077080957], [412739.25658956496, 5315915.3988270145], [412747.39560794825, 5315930.483265201], [412749.9413077957, 5315935.469483794], [412751.8370395382, 5315938.931431711], [412757.1890829583, 5315948.3774268655], [412760.05772436893, 5315953.99241411], [412764.4925467979, 5315962.007131426], [412769.22809932125, 5315970.6620707465], [412773.6718744434, 5315978.776710853], [412777.9598063404, 5315986.949301681], [412782.6555654946, 5315996.4275041595], [412783.02479869325, 5315997.155620041], [412783.47828960425, 5315998.026977898], [412787.3074345835, 5316005.472817144], [412788.04539309914, 5316006.895706534], [412796.2300307306, 5316021.067932815], [412799.4242022622, 5316019.118521835], [412816.8075144563, 5316002.613255036], [412825.36699739547, 5315994.74617806], [412826.6741057985, 5315993.347875401], [412836.64617133414, 5315982.66907146], [412844.0319267877, 5315975.642458954], [412848.8372278798, 5315971.178484118], [412851.7611115683, 5315968.132627528], [412855.51945565804, 5315963.028624628], [412862.565382896, 5315948.836798346], [412862.76064504933, 5315947.933373183], [412865.1024492559, 5315937.003357261], [412865.4993350965, 5315929.704672513], [412865.8274014251, 5315923.774406483], [412866.4348471037, 5315912.148066656], [412866.7318414966, 5315906.629596078], [412867.08930583275, 5315881.455568694]]]}}, {"type": "Feature", "properties": {"landuse": "allotments"}, "geometry": {"type": "Polygon", "coordinates": [[[409622.35858239466, 5316776.416659252], [409615.72190978064, 5316755.787629181], [409614.96857026115, 5316753.431533598], [409663.302327383, 5316739.042554947], [409670.33466586587, 5316762.544740322], [409622.35858239466, 5316776.416659252]]]}}, {"type": "Feature", "properties": {"landuse": "cemetery", "name": "Alter Friedhof"}, "geometry": {"type": "Polygon", "coordinates": [[[414894.95137810137, 5317120.510779474], [414889.98182219325, 5317122.985561947], [414880.2797702199, 5317127.8204629375], [414816.4983947205, 5317159.602987819], [414782.5265649781, 5317062.234049989], [414755.9537604422, 5317078.024687572], [414727.1818741623, 5317094.937510165], [414701.0413994893, 5317033.226757759], [414676.6977209925, 5316978.504157488], [414705.92203575786, 5316964.396937355], [414740.81468126865, 5316947.62672721], [414757.8758268547, 5316939.425282192], [414802.3031615422, 5316918.067405391], [414821.11393471377, 5316958.965349904], [414842.36111905286, 5316949.779458573], [414847.9019971571, 5316963.204311679], [414853.4735107821, 5316976.684300071], [414848.3109428654, 5316978.728418086], [414832.43708283023, 5316985.989316215], [414861.42016224057, 5317047.280569203], [414889.2053972309, 5317108.334001447], [414892.9660511175, 5317116.426949751], [414894.95137810137, 5317120.510779474]]]}}, {"type": "Feature", "properties": {"landuse": "allotments"}, "geometry": {"type": "Polygon", "coordinates": [[[409177.2233689139, 5314416.4159160275], [409181.43784158566, 5314419.061967452], [409187.5719287722, 5314420.365918846], [409191.7818125929, 5314419.410126], [409192.6519725808, 5314419.207406061], [409197.40843191755, 5314416.464265266], [409170.7566278169, 5314350.994081231], [409154.31504562206, 5314356.8676996585], [409161.00211726804, 5314372.392720046], [409177.2233689139, 5314416.4159160275]]]}}, {"type": "Feature", "properties": {"landuse": "allotments"}, "geometry": {"type": "Polygon", "coordinates": [[[410596.929272272, 5314285.06192934], [410601.77762030525, 5314286.26506816], [410610.65155796043, 5314291.930291852], [410622.5191048902, 5314301.940240911], [410605.8815603168, 5314331.814251119], [410670.22295509547, 5314364.755311643], [410639.8450685565, 5314438.020830949], [410549.5934793488, 5314410.274202137], [410546.3131567525, 5314408.135144815], [410543.8759122252, 5314404.048630777], [410543.1435556316, 5314398.712749348], [410542.7916624045, 5314395.283073815], [410542.97363230336, 5314391.6227604095], [410543.28778645874, 5314383.980515287], [410544.4922242445, 5314376.946982551], [410553.8342664124, 5314352.700180563], [410555.4513835769, 5314351.085320413], [410566.18518936756, 5314329.929664397], [410579.35269054974, 5314303.978153933], [410584.5919629861, 5314295.269982678], [410588.09282060666, 5314289.979500028], [410591.330698733, 5314287.46123083], [410596.929272272, 5314285.06192934]]]}}, {"type": "Feature", "properties": {"landuse": "allotments"}, "geometry": {"type": "Polygon", "coordinates": [[[409464.81624363066, 5314320.3579455055], [409493.6941728974, 5314314.467511963], [409454.6779844607, 5314263.820572179], [409424.77694494015, 5314254.519193829], [409464.81624363066, 5314320.3579455055]]]}}, {"type": "Feature", "properties": {"landuse": "allotments"}, "geometry": {"type": "Polygon", "coordinates": [[[411753.72992895305, 5313898.093774551], [411833.67638349545, 5313828.066179428], [411832.33009959874, 5313825.463213332], [411812.975471361, 5313779.835808053], [411805.522210319, 5313761.618238507], [411786.43537525594, 5313708.160517761], [411720.37736396235, 5313743.413265055], [411725.94495710527, 5313788.584781597], [411753.72992895305, 5313898.093774551]]]}}, {"type": "Feature", "properties": {"landuse": "allotments", "name": "Gartenfreunde Freiburg-Wonnhalde e.V."}, "geometry": {"type": "Polygon", "coordinates": [[[413940.00948438403, 5314212.512576634], [413939.3548484115, 5314189.699593132], [413949.73684697744, 5314190.111317043], [413952.48645465676, 5314187.291010272], [413952.8559123303, 5314157.081168354], [413947.21570831694, 5314151.796085322], [413915.11052523926, 5314158.312611163], [413888.4999873773, 5314164.369135247], [413882.5568398108, 5314165.780956277], [413847.5303699959, 5314174.109144867], [413846.0203744895, 5314174.465251836], [413843.53572256427, 5314175.036051613], [413832.7932803606, 5314177.475814434], [413826.82995832426, 5314179.532769989], [413820.63636445324, 5314183.160648208], [413821.2481035696, 5314191.611370908], [413821.9283911864, 5314201.15051347], [413822.7542489684, 5314209.9426511], [413823.9039689589, 5314221.420204664], [413824.9591121604, 5314232.065414822], [413825.9337730945, 5314241.822486482], [413826.09273450065, 5314243.465392447], [413826.8059479345, 5314251.714494453], [413827.6836120679, 5314261.973274785], [413828.7248935051, 5314274.186162059], [413829.5381647084, 5314283.634380716], [413830.2173591083, 5314291.60607281], [413828.50090675603, 5314291.631772505], [413804.69859275065, 5314291.765871004], [413801.54164644436, 5314291.802036183], [413777.368686558, 5314292.108551031], [413776.9655268761, 5314292.10347422], [413776.47281315434, 5314292.099739115], [413752.052880834, 5314291.865337068], [413748.7456779918, 5314291.83708213], [413727.61055519636, 5314291.631374207], [413726.7430797871, 5314236.749602604], [413721.10784766113, 5314161.595558683], [413720.613942417, 5314142.092975742], [413717.5243442869, 5314141.149896621], [413716.01694330736, 5314140.683355419], [413696.3631843546, 5314162.144422005], [413689.9587796844, 5314169.1328782], [413683.4525001516, 5314175.300226372], [413676.38671620144, 5314181.987347112], [413669.3874486525, 5314188.629012083], [413660.3443526497, 5314193.378138771], [413651.2939751297, 5314198.138506156], [413643.0804223693, 5314202.452776542], [413634.1781644637, 5314207.133131557], [413633.01548783254, 5314207.75088648], [413629.62197584484, 5314209.435982175], [413623.0052709561, 5314212.714689117], [413622.60710943094, 5314213.043052187], [413614.53094355273, 5314219.545313907], [413611.5071755025, 5314221.991930762], [413608.05302967376, 5314226.1014140695], [413605.4935153505, 5314229.141373207], [413601.1344989067, 5314234.631811757], [413597.4795679076, 5314242.768601215], [413597.3877226701, 5314243.114601157], [413594.9894969645, 5314252.422024906], [413592.9878133865, 5314261.790197375], [413590.87490766874, 5314271.704764461], [413588.83129850595, 5314281.26255429], [413588.48268635146, 5314282.901959685], [413586.6810942655, 5314291.177683633], [413584.52989683405, 5314301.026128183], [413584.24361314205, 5314302.342210546], [413582.21202219883, 5314310.7103244765], [413579.7243473825, 5314320.5193567285], [413577.2721597876, 5314330.205572612], [413574.77074592956, 5314340.09263178], [413574.44431551994, 5314341.220331894], [413573.8947176125, 5314342.896107208], [413570.8968864676, 5314352.034680111], [413569.94060779427, 5314354.9616464265], [413567.8662584525, 5314361.47390149], [413566.49021235993, 5314365.774540814], [413565.2384255823, 5314365.426486163], [413564.07585773827, 5314365.054858174], [413559.98033211136, 5314363.726768591], [413556.42967934516, 5314368.360226903], [413549.6386907523, 5314389.339612089], [413549.4175308978, 5314390.021059989], [413542.81164677994, 5314412.387276735], [413540.2441711714, 5314422.342048151], [413537.66298754903, 5314434.364754917], [413534.52001563273, 5314451.720859221], [413531.9702635242, 5314472.291930095], [413531.8968585187, 5314472.87110752], [413532.2560948529, 5314484.36049929], [413533.52789111855, 5314509.887837868], [413533.80991179356, 5314517.231817269], [413534.91324948, 5314525.5862038275], [413550.43756374926, 5314524.508096482], [413571.21996874816, 5314523.150957366], [413568.5436761581, 5314512.44119051], [413572.04540136066, 5314512.010627687], [413571.35778036166, 5314504.4948701905], [413570.4728130435, 5314495.270087024], [413570.64885363454, 5314491.087520427], [413572.84277886234, 5314476.636061776], [413616.30312917277, 5314475.861253133], [413646.7243590832, 5314475.649266987], [413672.981075292, 5314476.967329273], [413718.5667957609, 5314483.531854929], [413779.0060619795, 5314497.555892218], [413784.9572115343, 5314500.190350616], [413816.27240972547, 5314513.82851781], [413848.4447482138, 5314529.388343376], [413857.66251704085, 5314533.841596345], [413866.2789449524, 5314538.014827315], [413867.7751310287, 5314538.737259295], [413873.6013744103, 5314542.507590407], [413878.8150300744, 5314542.7519520875], [413886.9082649497, 5314547.877970937], [413897.99336355523, 5314554.915792909], [413905.5062990759, 5314559.672548311], [413911.783570359, 5314563.658505295], [413923.8928319727, 5314571.803851408], [413926.6148781843, 5314573.641876115], [413928.823989243, 5314575.12071947], [413945.7552948029, 5314588.774623301], [413955.1617071624, 5314596.371260972], [413957.2680053983, 5314598.463075998], [413967.57786833396, 5314607.0800872035], [413984.8337058498, 5314621.485192033], [413992.97472305427, 5314609.346256698], [413988.2898907527, 5314599.53344476], [413989.16640700935, 5314596.752261898], [413994.0149364369, 5314594.045116118], [413999.07794788876, 5314593.702646607], [413999.8618604409, 5314573.736284419], [414000.4949641478, 5314557.663054902], [414001.0553100009, 5314543.213965213], [414001.58036365977, 5314529.899316378], [414002.1369259911, 5314523.687828293], [414003.3908131656, 5314509.6952812215], [414003.47458175855, 5314503.312990014], [414003.52790139464, 5314492.395502264], [414003.60794920207, 5314475.2744448725], [414003.7236412258, 5314450.048713649], [413991.0875643085, 5314456.107215413], [413981.2602409625, 5314460.811980959], [413978.025885314, 5314458.659200502], [413983.46627345524, 5314451.096280702], [413984.21829941473, 5314449.473105522], [413989.04951854947, 5314439.106747841], [413993.64925915527, 5314429.232993098], [413997.48521240824, 5314421.193810484], [413998.00009065395, 5314419.185093601], [413997.9763396748, 5314417.595747262], [413997.6129597833, 5314416.256045733], [413990.69588911557, 5314402.4300772855], [413992.42215553997, 5314398.068729493], [413996.2267496571, 5314388.429197621], [413998.60738475644, 5314382.401671232], [413998.42983932147, 5314378.013191808], [413998.04719990626, 5314368.391768594], [413995.33373145445, 5314367.631909302], [413997.9290441757, 5314357.487962216], [413995.3560998571, 5314337.660706409], [413991.37407726835, 5314306.960055085], [413989.69071187114, 5314296.213042478], [413986.96399056946, 5314276.588191279], [413986.81371314556, 5314275.523225348], [413985.21638669743, 5314264.041220131], [413983.5356221626, 5314251.971272576], [413981.55329682416, 5314237.704708288], [413979.914485058, 5314225.945404986], [413978.85223952914, 5314218.301813542], [413977.9573573056, 5314211.867450878], [413959.2209123978, 5314212.347625513], [413957.519695065, 5314212.395291915], [413956.01964472345, 5314212.417717754], [413955.40022095107, 5314212.426978288], [413940.00948438403, 5314212.512576634]]]}}, {"type": "Feature", "properties": {"landuse": "allotments"}, "geometry": {"type": "Polygon", "coordinates": [[[412363.05317873514, 5316227.055350558], [412377.4680953282, 5316219.098364621], [412384.6717149096, 5316228.093378021], [412391.7566356988, 5316236.645531539], [412398.1353560925, 5316244.886058749], [412404.7550143314, 5316252.289155065], [412422.342477816, 5316242.449675938], [412437.05078573676, 5316233.665721824], [412441.10939109605, 5316238.5176089555], [412444.1969628752, 5316243.306462001], [412461.3567944482, 5316231.839429322], [412478.64233618235, 5316220.292718706], [412498.8606322018, 5316206.789338237], [412520.4985705946, 5316192.419555514], [412542.8430140241, 5316177.394334679], [412544.320979769, 5316171.535489412], [412545.516377775, 5316160.8339724345], [412545.4839818472, 5316157.721732926], [412545.469279848, 5316156.754786143], [412545.2810327139, 5316140.938299533], [412544.5528110795, 5316137.214093454], [412542.80431845144, 5316131.170851516], [412542.3476141166, 5316129.599195891], [412532.00323889067, 5316114.270648991], [412520.53642128245, 5316097.269421372], [412508.77944387257, 5316079.839069574], [412496.07547613565, 5316060.989066291], [412487.51390806667, 5316066.7222355055], [412481.61312641675, 5316070.769631322], [412480.34191855416, 5316071.578273252], [412475.0358110943, 5316074.982964449], [412471.66728969966, 5316077.235368963], [412465.41791427496, 5316081.421489464], [412461.98460548796, 5316084.3196662115], [412453.9390312783, 5316091.1011405885], [412452.5169123547, 5316092.29006055], [412451.2423127752, 5316093.3655665], [412443.46941923647, 5316099.920567845], [412436.7647809605, 5316105.569965461], [412421.51360504783, 5316118.419845812], [412420.1137118293, 5316119.597318889], [412418.8318331183, 5316120.684060139], [412416.3119938732, 5316122.801290271], [412403.7028131343, 5316133.7100007245], [412388.53808315593, 5316146.836579346], [412387.794227067, 5316147.481573434], [412386.4979476806, 5316148.601892349], [412372.2906228998, 5316160.8912816355], [412371.5311722901, 5316161.49204788], [412355.37673344853, 5316174.300289379], [412353.8430879816, 5316175.513168239], [412353.0763501709, 5316176.125164993], [412352.3391154578, 5316176.714478457], [412337.2692729092, 5316186.749252026], [412344.89344819007, 5316198.3613994885], [412350.3943157729, 5316207.260035388], [412356.7927640502, 5316217.278924083], [412363.05317873514, 5316227.055350558]]]}}, {"type": "Feature", "properties": {"landuse": "allotments"}, "geometry": {"type": "Polygon", "coordinates": [[[410622.9738416217, 5318231.461032646], [410620.6606515985, 5318204.549292893], [410595.5462122338, 5318171.110698203], [410577.93243667483, 5318186.837368693], [410545.41511838476, 5318157.549638485], [410503.3340560822, 5318204.918491112], [410589.6984535233, 5318287.686030984], [410622.9738416217, 5318231.461032646]]]}}, {"type": "Feature", "properties": {"landuse": "allotments", "name": "Gartenfreunde Freiburg Breisgau Innere Elben e. V."}, "geometry": {"type": "Polygon", "coordinates": [[[410257.7911334501, 5315215.863513088], [410218.1473363792, 5315214.580989718], [410181.7193288874, 5315215.149545558], [410189.62389266794, 5315259.18291763], [410184.6686471962, 5315268.7764306385], [410185.2914311503, 5315269.467080331], [410190.14108250954, 5315288.012369882], [410191.27262811037, 5315292.6082663685], [410194.017906855, 5315311.175290664], [410196.36320716725, 5315327.069359819], [410198.69114468666, 5315342.808062828], [410200.3152814397, 5315353.621798805], [410201.26979866636, 5315361.700084887], [410205.86434987583, 5315361.995235666], [410238.25021076796, 5315364.0690156], [410410.3709456877, 5315366.099817587], [410453.8861486612, 5315363.4880132675], [410495.0374413136, 5315355.24364636], [410492.83184750704, 5315341.559586912], [410485.23831443046, 5315289.539019449], [410482.1304091692, 5315268.231627458], [410481.6786205276, 5315263.658455034], [410455.65267671656, 5315263.118505202], [410454.92351008917, 5315217.705809734], [410257.7911334501, 5315215.863513088]]]}}, {"type": "Feature", "properties": {"landuse": "allotments"}, "geometry": {"type": "Polygon", "coordinates": [[[412623.1409242899, 5316794.129194616], [412607.24067423295, 5316804.920753103], [412606.5389377286, 5316805.387210647], [412605.31770456414, 5316806.528577717], [412602.4554482351, 5316809.173433637], [412598.5627038713, 5316812.745539382], [412594.80429029, 5316815.337318149], [412588.4456182212, 5316819.647276901], [412570.5367790483, 5316831.803501876], [412569.48816691793, 5316832.5198098915], [412568.4622716872, 5316833.258006545], [412550.6894556932, 5316846.012541092], [412545.41962712584, 5316849.794613538], [412532.23196314287, 5316858.877599236], [412531.412408289, 5316859.445910599], [412530.4646892177, 5316859.927236219], [412522.1056100631, 5316864.178763618], [412506.4947656431, 5316871.408796886], [412504.26300050406, 5316867.429546612], [412500.2515803969, 5316860.253470256], [412497.2757689606, 5316854.940397032], [412495.77040534595, 5316852.117372872], [412497.13959598483, 5316851.385056109], [412496.7934313773, 5316850.701074699], [412495.88105458947, 5316849.091888145], [412494.9303648553, 5316847.416583228], [412495.7729731295, 5316846.892383495], [412488.5824488928, 5316833.794906739], [412489.821447937, 5316832.842231258], [412485.3601794151, 5316826.506778767], [412486.17092205095, 5316825.849659659], [412478.3469638546, 5316817.708862016], [412482.22373263113, 5316813.09192583], [412489.08088214113, 5316805.750461243], [412491.26883251814, 5316803.415965187], [412505.93755826226, 5316787.706907485], [412516.81805833976, 5316776.057605575], [412520.9444362889, 5316771.659238496], [412523.191075578, 5316769.257161184], [412531.78125405544, 5316760.0773328105], [412539.0964443541, 5316752.917952748], [412551.0184674975, 5316743.0204687435], [412556.8621437146, 5316738.696067586], [412558.9900841228, 5316737.318565738], [412583.5737894343, 5316721.503437144], [412587.8106471012, 5316729.276456169], [412591.7789718148, 5316736.564415635], [412597.28229645063, 5316746.663859561], [412601.02801795414, 5316753.543882572], [412605.5257210489, 5316761.790976538], [412609.4172102378, 5316768.935595196], [412618.5710670992, 5316785.549676964], [412623.1409242899, 5316794.129194616]]]}}, {"type": "Feature", "properties": {"landuse": "allotments"}, "geometry": {"type": "Polygon", "coordinates": [[[412439.71265784756, 5316328.130034513], [412433.1479165942, 5316331.187076221], [412433.9113520846, 5316332.809638702], [412421.4857045365, 5316338.59063584], [412426.79996306146, 5316348.481586385], [412438.6058745961, 5316343.165828312], [412441.5444844351, 5316349.446612921], [412449.3416981305, 5316366.081098814], [412438.4586854918, 5316371.238265788], [412437.0014906371, 5316368.647976763], [412436.2083293488, 5316368.993559542], [412435.19966946903, 5316369.398007893], [412424.2539615377, 5316373.8669083435], [412407.76972813526, 5316380.665792893], [412401.3776748651, 5316383.297800601], [412398.8476695978, 5316383.269633421], [412397.2972364164, 5316379.457913775], [412365.6196326611, 5316311.749349053], [412378.03446023073, 5316304.767769952], [412385.7971210586, 5316300.013763871], [412390.254538096, 5316296.266168198], [412397.3424345452, 5316290.321830188], [412402.6030492297, 5316285.906113461], [412406.95333608566, 5316281.982292445], [412407.4416232874, 5316276.316349144], [412409.0217707778, 5316272.768224746], [412410.85791368, 5316270.350127188], [412424.9875149925, 5316259.340453625], [412434.7279506086, 5316254.111727137], [412450.8217864936, 5316246.640743144], [412459.81168351066, 5316240.634184417], [412462.19243848266, 5316243.59951485], [412454.90995875315, 5316249.024236192], [412442.08472407714, 5316257.490439258], [412428.23811378324, 5316266.9949784605], [412418.12463678484, 5316274.185973192], [412415.4946690765, 5316275.926908111], [412413.34488234087, 5316277.34925855], [412413.3482142647, 5316279.5281220665], [412420.9661119253, 5316293.6862323135], [412425.6505616951, 5316302.397263012], [412429.8816444585, 5316310.248081015], [412434.2663201695, 5316318.385603146], [412437.13071274257, 5316323.711461481], [412439.71265784756, 5316328.130034513]]]}}, {"type": "Feature", "properties": {"landuse": "allotments"}, "geometry": {"type": "Polygon", "coordinates": [[[412355.7784838588, 5317064.826062095], [412360.50209602853, 5317061.941484792], [412311.3779456089, 5317008.061811024], [412307.7430368799, 5317010.418446333], [412296.6572704374, 5317017.35772465], [412306.7524183858, 5317027.653675866], [412334.82446520077, 5317056.274170741], [412344.6344646578, 5317070.387638739], [412355.7784838588, 5317064.826062095]]]}}, {"type": "Feature", "properties": {"landuse": "allotments"}, "geometry": {"type": "Polygon", "coordinates": [[[409441.46586730966, 5314252.944764596], [409478.44728987786, 5314155.222385746], [409482.72743224323, 5314144.004690532], [409560.23854945065, 5314202.128874626], [409557.7065100891, 5314211.062283566], [409597.52268264815, 5314238.540574241], [409652.53836121666, 5314278.009231106], [409756.14140736626, 5314356.5374782225], [409756.693923449, 5314357.974026761], [409756.31332635914, 5314366.073183441], [409754.5954826078, 5314371.247299638], [409731.9111126614, 5314415.548632895], [409723.7089468266, 5314407.0727164], [409687.6966836178, 5314363.114060812], [409655.5293775961, 5314340.628931695], [409629.41244447086, 5314331.722906864], [409614.8180299509, 5314331.663050513], [409605.1103432262, 5314327.157484044], [409564.772144815, 5314274.018143721], [409553.66175122006, 5314256.739004134], [409543.0199238666, 5314251.703483899], [409535.87789497594, 5314253.716751621], [409508.08454443194, 5314267.838745783], [409491.1821260793, 5314265.803305321], [409473.5962745539, 5314261.132810518], [409455.98748754314, 5314255.006398281], [409441.46586730966, 5314252.944764596]]]}}, {"type": "Feature", "properties": {"landuse": "allotments"}, "geometry": {"type": "Polygon", "coordinates": [[[410978.3926311756, 5317712.650724326], [410972.81496692577, 5317732.569846005], [410963.04682934127, 5317760.8138144985], [410960.4707159629, 5317766.923602448], [410954.5336058226, 5317780.967412948], [410906.3890207589, 5317748.440095211], [410929.79007967486, 5317696.816932674], [410991.4752306206, 5317562.135062247], [410997.32112813334, 5317545.068889476], [411013.16884698375, 5317511.439208519], [411025.75943449367, 5317490.533368662], [411038.63232507865, 5317470.990583182], [411039.7265470924, 5317469.383920803], [411058.83647929307, 5317448.388409498], [411075.5428346101, 5317431.643483982], [411077.31950352306, 5317429.7817004295], [411091.30892692326, 5317418.737398177], [411091.7482068203, 5317418.196989341], [411092.35924621526, 5317418.632220659], [411105.14578366885, 5317427.73944205], [411089.44617266743, 5317451.216730487], [411118.45862507296, 5317470.411895566], [411103.652693731, 5317489.43964947], [411097.85890716594, 5317497.355603601], [411092.93935863464, 5317512.595266901], [411081.6839681494, 5317547.487729902], [411030.4843454688, 5317618.9283826845], [411011.70576872025, 5317644.899304162], [410985.09983148, 5317694.3705555005], [410978.3926311756, 5317712.650724326]]]}}, {"type": "Feature", "properties": {"landuse": "allotments"}, "geometry": {"type": "Polygon", "coordinates": [[[411480.0902579956, 5317310.3290179465], [411472.4299678982, 5317308.512601669], [411470.4968991138, 5317308.464545982], [411468.3852283136, 5317308.930621969], [411467.10406940227, 5317309.550665467], [411465.0153606684, 5317310.538887161], [411445.8291484776, 5317319.438890662], [411441.94878246257, 5317322.778164104], [411433.54371222144, 5317331.701157515], [411426.1717135989, 5317339.396498627], [411424.17209064285, 5317340.839159594], [411421.05578192987, 5317341.954398149], [411418.8760654599, 5317341.876808963], [411418.1023906331, 5317354.12852577], [411421.0187792756, 5317356.017950512], [411409.60884800483, 5317371.346189278], [411327.9612481892, 5317319.699046738], [411289.59668734134, 5317295.422124515], [411310.30790752196, 5317285.275204193], [411318.88770599396, 5317288.655836984], [411335.73362298356, 5317299.268454274], [411341.84573960287, 5317294.060392945], [411369.8003410922, 5317277.065114427], [411381.428861838, 5317270.104520322], [411407.7266947445, 5317269.043368041], [411419.5221558086, 5317268.072333131], [411442.88281259005, 5317265.711437437], [411445.74313812726, 5317265.411694013], [411476.0235907091, 5317261.832667465], [411489.2011819692, 5317259.528694037], [411513.08581919747, 5317252.913334723], [411517.9377919667, 5317250.648624025], [411532.7505649333, 5317242.605464132], [411542.2683479039, 5317237.612032173], [411552.0791020038, 5317232.74751351], [411561.7692055515, 5317226.828755407], [411570.48060465767, 5317221.792189638], [411583.0031939307, 5317214.729327717], [411590.73196985736, 5317210.319336963], [411594.6091999316, 5317207.736171182], [411602.738899354, 5317201.741423277], [411613.16499145364, 5317194.18836282], [411622.82589669933, 5317186.847188363], [411648.67712943343, 5317175.633106033], [411664.6234382103, 5317175.788317728], [411666.0264376291, 5317175.811232022], [411673.3241984281, 5317175.876997196], [411730.2876785911, 5317188.487133046], [411730.44267943123, 5317194.20998932], [411711.74795089825, 5317221.077667967], [411706.44985309424, 5317224.905437807], [411701.7990445374, 5317229.101249472], [411691.8469264672, 5317241.771789975], [411679.0003185173, 5317258.344396629], [411677.9904359252, 5317259.627243228], [411677.0512702105, 5317261.142460049], [411675.653967208, 5317263.431785234], [411664.03367637465, 5317272.892965568], [411656.1049546265, 5317279.340336329], [411647.6753585116, 5317286.206742885], [411640.90697289736, 5317291.9359369315], [411603.42210335773, 5317322.372285908], [411582.69367549574, 5317338.699442639], [411581.4720735204, 5317339.796574545], [411580.4208921221, 5317341.302414], [411569.2063036675, 5317344.62098718], [411554.35047979705, 5317344.515980073], [411550.3411111233, 5317344.321965591], [411544.3813943978, 5317341.501001278], [411539.6987510142, 5317339.249594616], [411534.35708825354, 5317336.352429767], [411514.70870522177, 5317326.371570797], [411492.61289522017, 5317315.405688494], [411480.0902579956, 5317310.3290179465]]]}}, {"type": "Feature", "properties": {"landuse": "allotments"}, "geometry": {"type": "Polygon", "coordinates": [[[410865.20245059207, 5317700.397096065], [410836.99220215867, 5317648.251040082], [410818.65676017676, 5317638.763570264], [410833.12703448604, 5317624.153703343], [410864.31865114445, 5317589.018283582], [410886.2512767946, 5317564.409842571], [410903.46792770724, 5317546.466960785], [410921.6061579537, 5317574.034022343], [410865.20245059207, 5317700.397096065]]]}}, {"type": "Feature", "properties": {"landuse": "allotments"}, "geometry": {"type": "Polygon", "coordinates": [[[411168.0951893443, 5317401.464232973], [411140.7349911624, 5317387.812895206], [411154.1090117617, 5317374.588215175], [411191.96285030164, 5317351.302505796], [411197.30789763347, 5317356.822915569], [411168.0951893443, 5317401.464232973]]]}}, {"type": "Feature", "properties": {"landuse": "allotments"}, "geometry": {"type": "Polygon", "coordinates": [[[409517.82955652603, 5314308.418326285], [409500.0844620434, 5314276.046618893], [409508.14636562695, 5314274.619161697], [409517.1604738255, 5314267.284720289], [409530.4817709306, 5314263.273279833], [409546.4596422359, 5314260.153948404], [409559.92393072427, 5314283.766140809], [409571.6258179527, 5314298.312325991], [409588.1378371618, 5314326.823770544], [409601.34217558155, 5314342.936144519], [409590.941652096, 5314347.546329208], [409548.3467491485, 5314291.407604818], [409547.3707770191, 5314292.479061213], [409531.95051234565, 5314301.148141965], [409517.82955652603, 5314308.418326285]]]}}, {"type": "Feature", "properties": {"landuse": "allotments"}, "geometry": {"type": "Polygon", "coordinates": [[[409507.0807861105, 5314398.646393258], [409457.938029565, 5314323.000834139], [409454.0278306678, 5314324.507565748], [409434.767270359, 5314336.739199826], [409487.85448691575, 5314410.199177373], [409507.0807861105, 5314398.646393258]]]}}, {"type": "Feature", "properties": {"landuse": "cemetery", "name": "Friedhof Haslach"}, "geometry": {"type": "Polygon", "coordinates": [[[411708.048284056, 5315891.335777369], [411699.7340053726, 5315896.132512957], [411691.01995976735, 5315899.679183788], [411688.66905321367, 5315900.637981141], [411675.03680967586, 5315902.214666899], [411660.36881371797, 5315901.4616164], [411646.5342520042, 5315901.040427159], [411632.14988136204, 5315904.663168058], [411625.31669973367, 5315906.7691942], [411623.9328958888, 5315909.958783425], [411620.45244690054, 5315913.169468944], [411596.80108888407, 5315922.226353345], [411581.9292862289, 5315896.074412041], [411558.9871611487, 5315854.671841004], [411545.0461002863, 5315829.861946334], [411682.9390597986, 5315769.479355392], [411694.1579727741, 5315773.042417956], [411705.4264135582, 5315776.916016097], [411725.40298320784, 5315826.935811054], [411734.56580161327, 5315846.3054355495], [411722.634771358, 5315856.627165756], [411697.6422832357, 5315863.903261131], [411708.048284056, 5315891.335777369]]]}}, {"type": "Feature", "properties": {"landuse": "allotments", "name": "Bahn - Landwirtschaft Bezirk Karlsruhe e.V., Unterbezirk Freiburg"}, "geometry": {"type": "Polygon", "coordinates": [[[413193.1928120443, 5317987.976506269], [413217.86505128304, 5318011.8832979], [413255.08054879576, 5318047.40704239], [413258.7292950672, 5318050.931624149], [413299.9611360305, 5318098.067783979], [413285.8641060111, 5318113.010309783], [413277.117996847, 5318121.680030074], [413270.9734297041, 5318127.75362577], [413265.3267865578, 5318133.208285925], [413235.0534776544, 5318138.9790323945], [413188.4003143264, 5318189.287031068], [413212.67773106985, 5318182.650500648], [413241.54103342723, 5318178.368341261], [413272.31267406105, 5318176.469902016], [413302.60864008893, 5318179.136730186], [413320.5425606608, 5318181.2008170765], [413337.55664221983, 5318184.101477687], [413351.51359508646, 5318187.581881733], [413379.2730022223, 5318195.679041437], [413409.41088702076, 5318207.175622675], [413422.5471820176, 5318212.636248887], [413428.2417233603, 5318207.881387068], [413315.29257022985, 5318084.840915871], [413283.8050172419, 5318053.65491079], [413269.8990605339, 5318039.735126624], [413265.999072677, 5318034.391157591], [413234.0440388991, 5318001.922906017], [413231.110880511, 5318003.801466928], [413147.26402726426, 5317916.443737881], [413139.50033722346, 5317924.476273059], [413154.1312051728, 5317975.971046341], [413163.33490465616, 5317970.429195824], [413167.627779785, 5317968.685698197], [413171.5031260566, 5317968.438174972], [413193.1928120443, 5317987.976506269]]]}}, {"type": "Feature", "properties": {"landuse": "allotments"}, "geometry": {"type": "Polygon", "coordinates": [[[410243.4170072451, 5314400.978239943], [410247.11966144375, 5314370.359885454], [410293.13778258057, 5314371.7212797245], [410289.81851003505, 5314418.8089997955], [410272.09680458566, 5314411.092159168], [410243.4170072451, 5314400.978239943]]]}}, {"type": "Feature", "properties": {"landuse": "allotments"}, "geometry": {"type": "Polygon", "coordinates": [[[410118.81453076337, 5314308.962037923], [410109.4616519127, 5314312.332041388], [410103.02651273314, 5314298.436255105], [410100.4400947774, 5314279.088612076], [410098.70953106397, 5314272.000766102], [410111.28472291806, 5314269.903341359], [410112.84551565035, 5314269.945666451], [410118.81453076337, 5314308.962037923]]]}}, {"type": "Feature", "properties": {"landuse": "cemetery", "name": "J\u00fcdischer Friedhof"}, "geometry": {"type": "Polygon", "coordinates": [[[409519.99421969213, 5315072.246986423], [409511.02996861277, 5315086.940167969], [409525.2675808169, 5315118.06633767], [409537.88900785125, 5315111.442235875], [409569.4929455059, 5315098.316480448], [409612.67966729886, 5315080.373131396], [409609.2446741825, 5315072.18936724], [409597.6390337788, 5315072.694093064], [409595.3567426254, 5315072.796654246], [409592.9668416566, 5315072.700800434], [409590.45755030576, 5315072.606823576], [409528.78310727974, 5315072.030967606], [409527.3648231601, 5315072.019917158], [409526.1041126074, 5315072.0619745795], [409519.99421969213, 5315072.246986423]]]}}, {"type": "Feature", "properties": {"landuse": "allotments"}, "geometry": {"type": "Polygon", "coordinates": [[[408766.99743070867, 5313543.211139626], [408768.6452109199, 5313545.430670777], [408827.7994197646, 5313630.939710375], [408821.9859194697, 5313637.679787845], [408814.16531716695, 5313644.963049642], [408750.3304094592, 5313556.182105193], [408766.99743070867, 5313543.211139626]]]}}, {"type": "Feature", "properties": {"landuse": "allotments"}, "geometry": {"type": "Polygon", "coordinates": [[[408897.7302341838, 5313726.706549147], [408903.1440525515, 5313735.281053841], [408908.1628420148, 5313741.538350514], [408915.51191787695, 5313750.693679282], [408922.1472946345, 5313756.736417658], [408927.99268810253, 5313760.03463308], [408932.2971159721, 5313761.723026619], [408942.1058106877, 5313763.079773535], [408949.37726002187, 5313761.197139981], [408950.5702385813, 5313757.79868649], [408942.1891159084, 5313742.389623808], [408941.4858732024, 5313742.767611044], [408924.1950791838, 5313712.52485376], [408897.7302341838, 5313726.706549147]]]}}, {"type": "Feature", "properties": {"boundary": "protected_area", "name": "Arboretum"}, "geometry": {"type": "Polygon", "coordinates": [[[413213.6001434399, 5313560.668739987], [413193.5860398159, 5313494.881026321], [413193.1198067426, 5313490.697016657], [413184.04202545853, 5313452.6031753635], [413174.18720627134, 5313396.656342472], [413171.59994013864, 5313371.13780357], [413171.20869048336, 5313345.197056088], [413176.45136984915, 5313340.3599892445], [413174.8738059239, 5313336.248326112], [413174.49847108463, 5313331.162485386], [413174.9201279573, 5313324.964059984], [413178.5818067803, 5313309.845552807], [413195.9246555624, 5313278.634823322], [413206.17031485826, 5313269.887054305], [413216.77963493497, 5313266.9367984105], [413228.24060276494, 5313269.96568747], [413236.37595343945, 5313278.225151542], [413238.54786534206, 5313289.576034114], [413249.91675499605, 5313326.134654376], [413261.85872096143, 5313346.231780419], [413275.9312672282, 5313370.4878711], [413283.9204647148, 5313382.440380748], [413292.40924567636, 5313393.362629722], [413309.8312365356, 5313413.988738379], [413326.8831338721, 5313426.405147131], [413336.48341392167, 5313432.319276356], [413342.60765898577, 5313435.951215322], [413350.85773376387, 5313436.482923953], [413361.62263471575, 5313435.4537936365], [413368.0623763377, 5313432.766664604], [413410.98423347046, 5313410.554308538], [413444.38885275903, 5313394.87752881], [413458.916494864, 5313388.878384406], [413474.94027999236, 5313389.037731655], [413484.0974553741, 5313396.770802385], [413486.764169503, 5313403.8232453205], [413483.5365566364, 5313436.944232569], [413481.26957236114, 5313456.488288941], [413477.55276551354, 5313488.349320843], [413478.0088928607, 5313511.74333453], [413481.01078541146, 5313526.694783932], [413487.3830106162, 5313543.363154703], [413501.7118067669, 5313561.912995287], [413509.0610953084, 5313571.073982255], [413516.36793238175, 5313578.901599643], [413525.87371928635, 5313586.507207297], [413533.8648137262, 5313592.1790244235], [413552.69509687246, 5313603.279816809], [413571.65343386016, 5313613.467168802], [413594.5421166938, 5313623.8957384955], [413612.6317253545, 5313630.427718479], [413623.1480240058, 5313637.72928005], [413635.1856179661, 5313637.4597305795], [413639.70639733184, 5313638.737038554], [413647.3045856969, 5313640.624075615], [413655.1526996126, 5313642.251687439], [413663.5804001013, 5313642.703353481], [413670.0847845679, 5313640.849348844], [413680.72763501003, 5313635.687188679], [413687.3178130292, 5313629.596418907], [413694.1287345518, 5313618.310805018], [413701.8054673688, 5313602.03189713], [413715.3188038433, 5313581.674584849], [413726.72739683924, 5313568.319078566], [413754.3337280676, 5313539.357495136], [413779.75074773515, 5313525.2030528495], [413810.933476568, 5313511.195851367], [413846.1217433994, 5313464.523351064], [413874.5920068222, 5313453.31406506], [413910.35923285293, 5313434.814356948], [413960.06180589914, 5313411.104037804], [413993.08718189877, 5313396.436658301], [414009.37831909396, 5313388.011348593], [414018.27117540233, 5313380.096782067], [414029.0540413654, 5313364.761352275], [414042.27497673495, 5313338.206070164], [414044.072292897, 5313333.576891817], [414062.5067756236, 5313298.172691912], [414094.94593847956, 5313258.168447617], [414124.20844409685, 5313219.390160799], [414129.6385211113, 5313207.536514463], [414133.03089959297, 5313193.712248002], [414134.9097913635, 5313171.51740111], [414135.7707367907, 5313149.148752603], [414139.52000538574, 5313131.717339359], [414146.7640284664, 5313120.837171005], [414161.346655826, 5313113.427190953], [414185.852301068, 5313105.057813844], [414237.6381480015, 5313091.123937436], [414312.55449810065, 5313079.225222555], [414324.27222798596, 5313076.449520693], [414335.4986188302, 5313059.718515744], [414339.1976322229, 5313045.8898273455], [414341.117076107, 5313033.38827745], [414340.6556454174, 5313021.9448911855], [414338.3520269346, 5313020.167134309], [414337.0478932617, 5312952.585591157], [414332.1568820376, 5312935.983240415], [414328.69969925535, 5312912.378241476], [414315.3591379492, 5312877.370015568], [414302.69680181425, 5312840.284008762], [414290.05327882076, 5312818.516625721], [414286.409698615, 5312808.988227218], [414298.30354697444, 5312792.425100328], [414298.9166098335, 5312781.443746568], [414292.1567767069, 5312758.188078454], [414286.4000146872, 5312734.606217135], [414278.5764163864, 5312720.148628594], [414283.7887161473, 5312690.600541232], [414262.3167130727, 5312657.125306404], [414257.01869362104, 5312621.241520943], [414243.99182991264, 5312604.860442454], [414236.70548492845, 5312317.656713252], [414443.37485658797, 5312314.415842813], [414580.31375435705, 5312462.981291639], [414661.7989596931, 5312501.248634563], [414705.19351226866, 5312556.033679564], [414719.4637341868, 5312578.811701219], [414744.97548840696, 5312623.567814405], [414787.8081190954, 5312690.445640747], [414789.2773491699, 5312711.5234324], [414810.2688426696, 5312729.399781923], [414837.592843567, 5312695.856657387], [414844.4311053583, 5312684.1719050845], [414846.0760524791, 5312648.985405517], [414839.90208525636, 5312620.773552477], [414836.7658444888, 5312604.600647738], [414847.21882368845, 5312594.985736693], [414860.0862880626, 5312594.139583229], [414877.72461613175, 5312599.83737565], [414902.52064187906, 5312606.863494264], [414923.3818274219, 5312602.275306089], [414971.16782248043, 5312585.050055589], [414993.3516681075, 5312561.81099334], [415023.7808862876, 5312498.730355749], [415041.7923923726, 5312478.599045414], [415059.05554610316, 5312450.752726447], [415102.49034122995, 5312361.1230424065], [415108.7586160958, 5312351.73707772], [415109.15296104114, 5312348.09610473], [415143.7295378959, 5312299.251120832], [415147.294134649, 5312250.285146423], [415145.9085226553, 5312238.344000683], [415168.2298109351, 5312240.516411135], [415168.2439547119, 5312219.172154941], [415167.3838202172, 5312167.369928478], [415166.79875922285, 5312148.435706239], [415167.823814915, 5312129.31101698], [415172.7794738817, 5312091.61914616], [415173.26298077556, 5312087.943517336], [415178.2244214695, 5312060.779073932], [415178.58182903705, 5312059.695491362], [415188.6223216243, 5312026.019697438], [415198.3517908617, 5311993.526874194], [415218.5614745185, 5311927.774305269], [415227.1399578492, 5311894.17570258], [415234.1922204783, 5311860.377245064], [415238.37403921335, 5311836.526004464], [415243.3551362593, 5311791.37456494], [415245.40663710237, 5311751.646715204], [415342.17872834066, 5311749.978983159], [415342.83313214825, 5311749.791498016], [415336.38219502463, 5311779.845754196], [415338.2266435603, 5311829.121096847], [415343.78853720956, 5311867.125075868], [415348.372848729, 5311876.217837347], [415360.33103380457, 5311881.478148985], [415381.14611220517, 5311881.683667432], [415399.9945027289, 5311888.821602637], [415406.1279507246, 5311898.658703588], [415406.3272686718, 5311912.229234395], [415390.09116336703, 5311936.001726441], [415354.11511369323, 5311979.852035636], [415323.91423825733, 5312048.241121692], [415316.1619432417, 5312066.441944842], [415313.35926398396, 5312087.604850525], [415316.8666112605, 5312139.757215655], [415322.5005449672, 5312245.638598489], [415323.07814533473, 5312260.037328221], [415315.214042901, 5312272.136750608], [415329.25773510506, 5312287.249045316], [415337.2380070331, 5312322.160391573], [415342.1332782282, 5312355.98319753], [415347.5244250414, 5312396.1129958965], [415360.5933620903, 5312434.851528324], [415380.5906354326, 5312464.906193752], [415406.02558372606, 5312480.362651335], [415412.2002857388, 5312489.999044974], [415412.6889996968, 5312501.920068001], [415408.49648660095, 5312510.8194182115], [415402.90267535613, 5312516.32653598], [415391.2717037754, 5312523.589863218], [415376.6871779836, 5312532.597471267], [415372.20715083176, 5312541.234275125], [415369.2841039972, 5312546.579893862], [415365.44410337193, 5312558.119869447], [415363.7726062058, 5312566.826569829], [415361.95670017175, 5312577.391880415], [415361.9771203916, 5312578.781166274], [415361.9377536959, 5312604.55022828], [415353.9975083096, 5312638.361628329], [415339.6495950636, 5312669.532543978], [415317.957497222, 5312698.854966266], [415297.64973433956, 5312731.414304834], [415290.2346935785, 5312769.4201992955], [415298.5579790024, 5312803.815093805], [415312.39767408115, 5312814.783801035], [415346.24079025467, 5312814.152733558], [415399.33238462574, 5312809.981825552], [415441.5569740484, 5312805.570786279], [415482.6349904101, 5312799.342634859], [415522.46826803515, 5312793.255324314], [415561.82378065423, 5312790.732635831], [415604.33772777516, 5312788.219505722], [415615.45861613844, 5312788.456715345], [415628.8551966764, 5312787.059798617], [415647.32462675637, 5312776.706369905], [415657.47929317073, 5312758.893217071], [415663.21008409857, 5312739.799760503], [415675.3060375282, 5312717.900623826], [415679.3370207166, 5312713.250406646], [415683.90035855357, 5312710.282131607], [415686.2973276906, 5312708.76851551], [415702.3148609496, 5312709.923582892], [415708.0658076608, 5312712.084960562], [415711.1558842198, 5312715.074577762], [415711.93730011367, 5312720.510308776], [415712.2187041453, 5312729.532927818], [415709.49979251705, 5312752.917742287], [415708.47374570405, 5312787.89470159], [415706.4016945349, 5312810.580817536], [415698.70479909587, 5312832.05975211], [415682.9101192958, 5312854.257577231], [415673.75926340977, 5312865.66389944], [415660.6326062508, 5312878.340190956], [415644.6078304723, 5312891.948307326], [415632.577595652, 5312897.916361855], [415597.64570297283, 5312905.2206120845], [415584.47558478, 5312908.8042753935], [415569.4476115359, 5312915.016516265], [415492.26034587296, 5313000.869180548], [415448.33375555486, 5313042.823715312], [415432.0197684031, 5313061.583728343], [415422.1255416585, 5313076.20300296], [415418.6521715858, 5313085.23631755], [415425.7297144594, 5313094.37031947], [415431.07669383596, 5313104.118934037], [415435.2218631653, 5313109.816495442], [415440.65565360565, 5313114.294530382], [415446.25967709394, 5313117.147032915], [415459.12053562276, 5313120.504394974], [415479.9146518684, 5313125.690737579], [415502.42616742756, 5313132.930769796], [415511.3192820202, 5313137.59155018], [415529.00183509797, 5313145.447269178], [415544.70845830487, 5313153.987911083], [415566.9635894795, 5313166.668012288], [415585.50106976065, 5313176.323382898], [415606.4340623439, 5313183.875992335], [415623.7763184821, 5313190.436331767], [415638.66369845177, 5313195.565291192], [415656.21596706135, 5313201.177730994], [415668.5908179444, 5313203.997955593], [415679.07939381443, 5313204.955996765], [415689.08239241404, 5313211.501742696], [415698.1824370838, 5313216.037491079], [415710.5717787326, 5313221.381079154], [415723.91327882366, 5313226.99978878], [415749.76775066287, 5313235.703703738], [415767.83879418223, 5313239.029966918], [415778.37110973394, 5313240.432214024], [415784.8951475241, 5313241.381744655], [415795.70025485277, 5313244.0806841655], [415808.6031056674, 5313246.771199501], [415826.7369631961, 5313254.398880955], [415839.3532710053, 5313259.96175613], [415860.322642128, 5313270.049342569], [415883.5292245653, 5313279.970915101], [415911.2270290524, 5313293.262029419], [415882.7943454641, 5313349.238536736], [415746.826300425, 5313339.265285875], [415726.89382863237, 5313345.949125832], [415719.30453732266, 5313350.251216722], [415694.50194137404, 5313358.796257276], [415674.1694679547, 5313365.686241393], [415655.3403464409, 5313371.74275453], [415645.2093356019, 5313370.201457129], [415636.06940279534, 5313368.5344867725], [415625.45658803196, 5313360.608188309], [415560.75175060384, 5313321.90364079], [415511.8451834121, 5313300.610121266], [415500.008840117, 5313301.917742562], [415497.63852113433, 5313302.174867851], [415467.75665719336, 5313292.741930075], [415434.5460413068, 5313285.41462899], [415388.46330722555, 5313285.124571254], [415355.3284884365, 5313276.362554738], [415298.467628416, 5313260.512673883], [415279.2650910714, 5313254.892253996], [415251.8910752293, 5313251.0374528095], [415235.25729297864, 5313249.514779611], [415181.15103260166, 5313244.330876405], [415141.8785380616, 5313238.595314009], [415108.06253392674, 5313232.2904207725], [415050.3201006381, 5313223.059289371], [415014.0603928664, 5313220.148250215], [414999.0591417571, 5313220.491998467], [414990.7592949659, 5313224.683265494], [414978.44418470503, 5313235.537172241], [414972.7707674431, 5313247.204582488], [414962.9086353209, 5313263.3916735025], [414951.666785478, 5313287.758839456], [414932.73350235244, 5313322.611579801], [414918.2999265027, 5313334.575251378], [414898.81557756994, 5313344.245758491], [414888.49106562603, 5313347.310970596], [414881.83312059427, 5313349.932903521], [414875.8504647209, 5313352.278057746], [414862.4615387592, 5313358.134461488], [414851.5641124519, 5313362.842372846], [414840.02108642686, 5313376.897908084], [414834.3638815957, 5313389.632434818], [414831.4096128103, 5313401.382057212], [414837.2931084708, 5313435.234395548], [414865.3585925851, 5313478.307924477], [414881.4504104027, 5313494.711712282], [414902.5728299072, 5313514.076043032], [414926.55919849203, 5313531.2414775435], [414944.4824357425, 5313542.2712232405], [414960.6273571211, 5313554.71688394], [414971.117600176, 5313564.41134464], [414975.3824726925, 5313574.664672265], [414973.5753095755, 5313586.2527598785], [414968.32572796394, 5313590.198922055], [414964.55986813625, 5313593.511751381], [414951.68484190694, 5313597.737328985], [414920.1329833697, 5313597.514336373], [414904.18956448685, 5313600.718166381], [414894.507047386, 5313606.275155284], [414884.3400101332, 5313621.9777843105], [414886.77919175295, 5313638.505648843], [414882.9489650485, 5313648.567341996], [414871.6987208044, 5313655.125826359], [414863.59737808804, 5313655.023304167], [414855.2356295758, 5313652.456730235], [414846.0473773558, 5313647.51229679], [414834.2802826084, 5313637.803601571], [414814.5944322251, 5313626.21109582], [414799.8711086695, 5313622.060117446], [414707.1972324948, 5313610.0146079715], [414641.70805405406, 5313589.663410822], [414592.87100245897, 5313577.181087027], [414553.88518292014, 5313573.557504463], [414530.3754063255, 5313577.49722581], [414518.6585984731, 5313582.78490713], [414505.9413270451, 5313590.57762356], [414502.1779066694, 5313593.534990085], [414489.0939841928, 5313608.303394091], [414475.3332782757, 5313622.737265716], [414461.54930046794, 5313652.179135955], [414457.0966551984, 5313676.068507627], [414457.91320479615, 5313696.85582153], [414461.1100710905, 5313708.025120885], [414474.03738229186, 5313755.590613291], [414491.72927412624, 5313789.222758341], [414504.22780665616, 5313812.471223025], [414504.6057048971, 5313820.825409686], [414502.23227452446, 5313828.898076759], [414489.4481438082, 5313840.693873183], [414478.67722728814, 5313846.801358358], [414458.93705293734, 5313846.627781457], [414402.7843174944, 5313842.571172288], [414367.0218936035, 5313837.733704375], [414344.16153081704, 5313844.09912985], [414321.84162701573, 5313857.682499986], [414311.11132472905, 5313870.0150886215], [414303.9651876879, 5313880.904740091], [414297.9905092738, 5313896.268132898], [414296.8444024038, 5313913.549537149], [414299.4343548367, 5313933.076485019], [414305.43733534834, 5313957.221661547], [414308.0072919512, 5313973.402763939], [414309.09733931493, 5313985.448228677], [414305.3145688563, 5313997.610707677], [414294.3318662904, 5314008.513033027], [414286.82149800425, 5314010.9705091175], [414280.3223810756, 5314011.15623031], [414275.81262617616, 5314011.08999417], [414266.8644501447, 5314010.233879848], [414260.378781616, 5314009.819117594], [414253.11793307663, 5314009.482611531], [414246.14365387533, 5314009.842201662], [414239.65112664556, 5314011.973305692], [414231.9763766262, 5314016.923460414], [414227.3404689735, 5314022.417528621], [414223.731146476, 5314029.174730673], [414222.92869172496, 5314033.433296973], [414221.65073058254, 5314038.843977673], [414221.54346478777, 5314045.6712752655], [414221.737053512, 5314052.149469229], [414222.2484002725, 5314058.911963756], [414224.6917617133, 5314071.092884788], [414228.35885739845, 5314085.245472825], [414242.3725493115, 5314115.96351806], [414248.9005936509, 5314129.250849452], [414251.6287219837, 5314137.5033171205], [414252.4996149875, 5314142.848627163], [414251.8513514968, 5314148.939160588], [414250.6340681541, 5314155.416142149], [414250.2182237509, 5314158.568384819], [414244.09805632057, 5314166.641415542], [414239.4865583643, 5314168.25536008], [414228.8822455212, 5314171.959633286], [414214.18638553243, 5314177.1033904115], [414207.74795020965, 5314179.845152864], [414202.4579757042, 5314183.514728264], [414197.43668144045, 5314186.680048214], [414193.27027464675, 5314193.112076691], [414190.02994602005, 5314199.5747682005], [414189.2243667173, 5314206.123444606], [414188.46487520577, 5314214.261133397], [414187.81960383634, 5314226.55479466], [414187.6846936501, 5314248.045539811], [414187.288958278, 5314266.06062274], [414186.8447064714, 5314292.836452251], [414188.27720439323, 5314310.813160141], [414195.67597697536, 5314339.450840328], [414206.5513134732, 5314368.4702562615], [414208.7171867487, 5314378.565356002], [414209.71629072074, 5314407.031654302], [414205.6122637338, 5314448.680714066], [414206.17584207584, 5314468.960439454], [414209.1122525211, 5314496.6975033255], [414215.7688825965, 5314518.131480596], [414229.07537323947, 5314540.522444033], [414242.9581518331, 5314556.512698789], [414256.8720920405, 5314569.5899243355], [414268.09156186966, 5314581.173207113], [414258.3923761973, 5314588.465801437], [414254.3103576555, 5314591.528153716], [414245.9628060268, 5314603.869883445], [414242.7935950753, 5314613.088456641], [414229.02496139763, 5314622.77627323], [414220.8813220435, 5314634.77038306], [414211.1699506854, 5314647.243665129], [414203.6909200702, 5314669.26635142], [414200.5573772008, 5314687.377848968], [414162.00027033815, 5314780.066578525], [414139.5193232692, 5314781.580352229], [414009.36957166647, 5314686.018357981], [414006.7879903314, 5314594.176619149], [414007.21503682726, 5314444.427029854], [413999.7882758089, 5314373.012569572], [413969.5388160945, 5314154.041461205], [413969.45822930505, 5314148.150767772], [413843.1398261211, 5314171.028814777], [413833.1141563008, 5314173.480080616], [413823.9967642719, 5314174.772734416], [413813.2128405269, 5314170.454142339], [413797.6632596902, 5314158.447420703], [413724.1689301693, 5314089.924122495], [413736.96960331727, 5314010.636231318], [413704.7600011823, 5313927.576310191], [413676.57885437994, 5313905.620767022], [413634.47787737066, 5313935.089305652], [413629.0591036051, 5313944.097407968], [413523.23345443106, 5313932.524070374], [413475.62487273104, 5313919.821550844], [413430.4970395507, 5313901.334716379], [413402.7362283992, 5313887.055878623], [413372.9077764541, 5313863.8703696225], [413318.9274324858, 5313816.758419903], [413304.3765507542, 5313807.750601535], [413288.27634788613, 5313800.956171072], [413288.3522771867, 5313799.5543082], [413288.6725254197, 5313793.557519109], [413289.0013915154, 5313785.159367687], [413284.602841859, 5313776.632329165], [413275.33294354705, 5313775.271214995], [413274.8279575838, 5313757.113942706], [413232.9602146684, 5313761.391206801], [413233.16162921384, 5313757.419465987], [413233.47679832904, 5313751.089244707], [413233.5213285979, 5313746.119355006], [413233.68093718105, 5313739.869296458], [413235.3739693483, 5313736.297511461], [413237.2909193886, 5313722.817266002], [413246.10843444656, 5313709.510938747], [413246.6829749029, 5313696.117630545], [413247.514593592, 5313684.921578349], [413246.38515472284, 5313676.356416529], [413243.8074865788, 5313664.822657535], [413227.58140110865, 5313610.583703215], [413213.6001434399, 5313560.668739987]]]}}, {"type": "Feature", "properties": {"boundary": "protected_area", "protect_class": "5", "protection_title": "Landschaftsschutzgebiet"}, "geometry": {"type": "Polygon", "coordinates": [[[413742.1651931617, 5314090.832769418], [413747.6654510379, 5314095.230411052], [413776.4687430914, 5314118.433154326], [413810.68623602076, 5314146.290710978], [413821.560160835, 5314155.121371172], [413827.22449750046, 5314156.526210973], [413839.0541542127, 5314155.404178353], [413897.8850540855, 5314145.041142595], [413949.07236699725, 5314135.682331333], [413959.9252017092, 5314132.629715375], [413963.94318814785, 5314128.267454174], [413958.3112647783, 5314013.181723553], [413960.4835659235, 5313975.73014787], [413968.78209686995, 5313896.654699287], [413978.7374919305, 5313842.011439199], [414004.58891015704, 5313742.563531574], [414055.8544625679, 5313622.692742269], [414109.4823335227, 5313496.383984496], [414092.4932591637, 5313484.042188593], [414053.9930138922, 5313526.5159740215], [413963.4673303701, 5313589.510763837], [413889.01586158574, 5313651.966403697], [413838.6236792203, 5313696.776276421], [413752.7351724436, 5313780.949314062], [413699.68032149127, 5313864.609107378], [413688.36935694073, 5313876.962715533], [413706.033657877, 5313926.389951217], [413741.77727019193, 5314011.153369727], [413741.1937689072, 5314046.435715605], [413735.0153482709, 5314085.448227818], [413742.1651931617, 5314090.832769418]]]}}, {"type": "Feature", "properties": {"landuse": "allotments", "name": "Hochhaus - G\u00e4rtner Freiburg - Weingarten e. V."}, "geometry": {"type": "Polygon", "coordinates": [[[411666.6206933849, 5316374.625146626], [411614.4352642151, 5316349.591067274], [411610.1892512777, 5316292.770869837], [411615.03578057373, 5316287.182383066], [411647.0105851823, 5316317.296082783], [411672.7310998738, 5316341.525078128], [411673.4131324676, 5316355.8110020375], [411666.6206933849, 5316374.625146626]]]}}, {"type": "Feature", "properties": {"landuse": "allotments"}, "geometry": {"type": "Polygon", "coordinates": [[[409707.9416550582, 5314199.965430752], [409709.91935039486, 5314173.286915446], [409707.09583945473, 5314172.697540468], [409708.21782169444, 5314159.517391184], [409718.2225254879, 5314159.627255595], [409718.93726313004, 5314127.62127347], [409745.58585273277, 5314136.108057023], [409763.59921005537, 5314141.851033761], [409786.2172000232, 5314146.565826722], [409784.30574843887, 5314160.825563193], [409803.8098737892, 5314163.577053495], [409797.8789986059, 5314191.440296647], [409797.0094705733, 5314194.544453747], [409798.8427233292, 5314196.728007547], [409800.175188952, 5314200.7759512905], [409791.5502090195, 5314219.154147414], [409790.12444169517, 5314225.346436907], [409750.805965449, 5314204.796051659], [409746.087562761, 5314209.516953869], [409734.79710129346, 5314205.002636269], [409722.961398075, 5314201.8976367805], [409707.9416550582, 5314199.965430752]]]}}, {"type": "Feature", "properties": {"landuse": "allotments"}, "geometry": {"type": "Polygon", "coordinates": [[[409578.9178835084, 5314162.358829654], [409606.3967645956, 5314175.701182486], [409622.2589568199, 5314182.311280451], [409630.6547802746, 5314185.025404918], [409636.748886396, 5314161.4283401305], [409669.6981964882, 5314169.9381391145], [409663.505355936, 5314195.3376726685], [409674.5793189233, 5314197.9431229895], [409689.4320017904, 5314200.644938114], [409688.25131762866, 5314203.420485303], [409670.3593337653, 5314245.356739204], [409659.8524902193, 5314236.5502169635], [409575.21099693293, 5314171.588612041], [409578.4300803575, 5314163.14468489], [409571.682794135, 5314159.882233522], [409577.61061578064, 5314132.841436454], [409553.24937997747, 5314123.6191048715], [409546.7971949038, 5314145.787796403], [409523.3350568179, 5314128.702840958], [409512.7583128504, 5314121.176133224], [409500.68557286315, 5314114.884722578], [409493.2455480715, 5314108.876230209], [409511.19281255786, 5314067.183116388], [409527.2585424112, 5314074.367848419], [409576.6385348168, 5314090.923298613], [409598.35044840013, 5314098.286332301], [409624.8483573509, 5314106.66376213], [409619.11272690096, 5314129.321378141], [409592.72375991894, 5314121.220191423], [409578.9178835084, 5314162.358829654]]]}}, {"type": "Feature", "properties": {"landuse": "allotments"}, "geometry": {"type": "Polygon", "coordinates": [[[409690.74535829405, 5314171.119764561], [409676.54015375406, 5314170.675654583], [409684.06530880934, 5314119.808379167], [409695.7442667864, 5314122.426614258], [409690.74535829405, 5314171.119764561]]]}}, {"type": "Feature", "properties": {"landuse": "allotments"}, "geometry": {"type": "Polygon", "coordinates": [[[409461.7758880484, 5314083.424031029], [409474.25727355835, 5314050.665934741], [409458.5146002668, 5314043.62078654], [409447.50168169994, 5314073.865600916], [409461.7758880484, 5314083.424031029]]]}}, {"type": "Feature", "properties": {"landuse": "allotments"}, "geometry": {"type": "Polygon", "coordinates": [[[409806.5307452493, 5314359.582937114], [409772.7977142505, 5314330.996227549], [409781.8288438873, 5314314.256945004], [409807.12038484204, 5314342.431260051], [409806.5307452493, 5314359.582937114]]]}}, {"type": "Feature", "properties": {"landuse": "allotments"}, "geometry": {"type": "Polygon", "coordinates": [[[409215.5274221317, 5313976.966235565], [409211.5333420764, 5313982.6322222], [409243.8343591228, 5314007.202859057], [409247.42880520853, 5314003.17740079], [409274.7456082375, 5313969.195539605], [409252.5824859104, 5313952.213461043], [409244.87534046767, 5313945.864861065], [409236.6542637522, 5313953.32061959], [409215.5274221317, 5313976.966235565]]]}}, {"type": "Feature", "properties": {"landuse": "allotments"}, "geometry": {"type": "Polygon", "coordinates": [[[409288.7081554599, 5314041.836533135], [409292.6077022617, 5314044.854496154], [409300.8830569383, 5314052.2169692265], [409303.9721846257, 5314054.969784444], [409331.07771843835, 5314078.655579974], [409335.2349978395, 5314078.134293387], [409339.6510117916, 5314079.821224346], [409350.173944248, 5314086.281234415], [409358.1164157014, 5314088.157214325], [409379.2243960287, 5314092.227182221], [409391.5740796296, 5314093.811478524], [409401.887242859, 5314094.538494632], [409406.68320151616, 5314095.23007968], [409404.6923305327, 5314088.735718576], [409397.87205992243, 5314076.580989198], [409390.24406533124, 5314069.074785381], [409355.31177687895, 5314038.052443195], [409338.1679418823, 5314023.581272496], [409327.40717692423, 5314013.878853928], [409319.2741319503, 5314006.547451663], [409315.7703037092, 5314003.534352799], [409288.7081554599, 5314041.836533135]]]}}, {"type": "Feature", "properties": {"landuse": "allotments"}, "geometry": {"type": "Polygon", "coordinates": [[[409344.97803530114, 5314184.370859109], [409359.23272106156, 5314203.1231303], [409373.727476046, 5314201.571947333], [409399.93015820766, 5314201.159414189], [409403.7416935418, 5314191.483181388], [409380.3725762382, 5314181.745696046], [409394.6622919152, 5314158.630750347], [409411.34293543757, 5314128.530067021], [409392.1838441164, 5314120.215949125], [409344.97803530114, 5314184.370859109]]]}}, {"type": "Feature", "properties": {"landuse": "allotments"}, "geometry": {"type": "Polygon", "coordinates": [[[412793.1647761838, 5315275.349773017], [412797.70143570466, 5315268.388551531], [412798.863333415, 5315265.769593684], [412755.31458124105, 5315200.284404676], [412736.57733542984, 5315170.486301008], [412731.1640523232, 5315160.985660875], [412723.6903442057, 5315150.960435618], [412722.37940072257, 5315149.657413342], [412720.72562979034, 5315151.338913617], [412711.48832529126, 5315159.372024229], [412710.2121158956, 5315160.358553622], [412704.74136335804, 5315165.766536307], [412705.0719564221, 5315174.766188228], [412705.5514462631, 5315187.676720837], [412705.83317905315, 5315196.899451855], [412707.11932849063, 5315216.245533413], [412708.5695857543, 5315236.078268312], [412710.0169705578, 5315247.85131319], [412712.5301777249, 5315261.498057315], [412717.8138773381, 5315290.010501934], [412748.19472085463, 5315284.94730537], [412751.05507412984, 5315284.581539071], [412773.03653122304, 5315282.25831986], [412777.4305964768, 5315274.754516631], [412791.4450756804, 5315275.142384976], [412793.1647761838, 5315275.349773017]]]}}, {"type": "Feature", "properties": {"landuse": "allotments"}, "geometry": {"type": "Polygon", "coordinates": [[[413121.15791347047, 5314663.66342294], [413113.18149484415, 5314664.828834686], [413113.89285258926, 5314672.888922105], [413133.0717715851, 5314672.643845064], [413134.7404177329, 5314662.535680953], [413141.27855313534, 5314619.981775575], [413125.63843694335, 5314623.753019196], [413121.15791347047, 5314663.66342294]]]}}, {"type": "Feature", "properties": {"landuse": "allotments"}, "geometry": {"type": "Polygon", "coordinates": [[[411015.51779564115, 5314589.604795113], [411030.2862971213, 5314581.18325664], [411039.960580284, 5314579.28833633], [411048.5145796293, 5314578.800367586], [411059.97615314764, 5314579.5348064015], [411060.88839330233, 5314567.080840028], [411047.1478471821, 5314568.126986295], [411040.6965003979, 5314566.536933513], [411021.71447573183, 5314553.000907498], [411013.5504960534, 5314539.130898295], [411010.9506666466, 5314535.124529222], [410994.57328685035, 5314536.533965711], [410995.95133031614, 5314540.6926271925], [411010.3487227911, 5314575.844119102], [411011.2048318845, 5314578.109855975], [411012.8703826304, 5314582.519765217], [411015.51779564115, 5314589.604795113]]]}}, {"type": "Feature", "properties": {"landuse": "allotments"}, "geometry": {"type": "Polygon", "coordinates": [[[412312.3583496325, 5313922.017672496], [412322.31268174876, 5313918.319751498], [412331.4535272103, 5313936.690109777], [412322.34103881597, 5313940.764282689], [412307.3746760923, 5313955.533149406], [412279.98292557226, 5313976.427820384], [412254.51046791376, 5313995.892641973], [412235.3498032286, 5314006.790274259], [412216.6667301083, 5314013.267287758], [412192.25465327385, 5314021.477058301], [412189.4218299462, 5313993.839244987], [412205.68487522687, 5313958.884264015], [412226.59749916295, 5313947.337275101], [412223.9404547558, 5313941.986108704], [412264.5417578758, 5313922.32388436], [412268.58468311524, 5313930.9334226735], [412288.2223039241, 5313919.961941636], [412287.9431228929, 5313919.2769498285], [412306.9637055798, 5313909.448858715], [412312.3583496325, 5313922.017672496]]]}}, {"type": "Feature", "properties": {"landuse": "allotments"}, "geometry": {"type": "Polygon", "coordinates": [[[412073.0842611041, 5314033.212581054], [412070.88120571175, 5314029.733300185], [412033.3735666246, 5313970.38639341], [412029.7970104562, 5313972.775601574], [412013.66879574093, 5313983.761036933], [412009.8827622945, 5313985.63096638], [412001.8220358655, 5313989.63399232], [412000.86098833656, 5313990.248997519], [411998.87986756314, 5313991.524378426], [411994.4813752687, 5313994.34861794], [411991.73787304526, 5313997.51441262], [411988.53964038455, 5314001.2096558055], [411987.4895230689, 5314006.739690895], [411984.83625623566, 5314020.687493488], [411980.63053415634, 5314036.115351483], [411975.4248581833, 5314043.754448147], [411972.71501521673, 5314048.142596444], [411928.66034484596, 5314069.338322592], [411942.92955996154, 5314104.716292694], [411943.6201329638, 5314106.428846056], [411941.6708258083, 5314113.195507681], [411930.1424289358, 5314118.874763086], [411924.1974345312, 5314115.752951692], [411893.9036976694, 5314130.290600041], [411906.22352670523, 5314152.424750618], [411908.3502424583, 5314154.32653964], [411914.0796909468, 5314147.268555115], [411932.82391032315, 5314132.151773461], [411946.68042722554, 5314122.023497347], [411950.9753700052, 5314120.245789581], [411976.0514058871, 5314116.449342898], [411986.08308712643, 5314113.939148871], [411996.8464435531, 5314109.483445968], [411994.61433706165, 5314105.081935532], [412025.13641974883, 5314090.808143338], [412031.19829034025, 5314088.392060579], [412024.5997784572, 5314063.513264517], [412073.0842611041, 5314033.212581054]]]}}, {"type": "Feature", "properties": {"landuse": "allotments"}, "geometry": {"type": "Polygon", "coordinates": [[[412101.3889317614, 5313962.666066721], [412077.7229573504, 5313934.690583938], [412114.8109005395, 5313903.986311571], [412138.58366318984, 5313929.181093508], [412101.3889317614, 5313962.666066721]]]}}, {"type": "Feature", "properties": {"landuse": "allotments"}, "geometry": {"type": "Polygon", "coordinates": [[[414072.17131855985, 5317849.150127314], [414101.0974885155, 5317850.429831534], [414087.1767751736, 5317792.985870964], [414099.9648480429, 5317784.612776485], [414076.15704967827, 5317748.471945892], [414072.17131855985, 5317849.150127314]]]}}, {"type": "Feature", "properties": {"landuse": "allotments"}, "geometry": {"type": "Polygon", "coordinates": [[[414105.08959732606, 5317705.706640489], [414073.96883662796, 5317656.968523531], [414104.2579564535, 5317637.06142493], [414122.5345125457, 5317667.470883464], [414105.9960944802, 5317678.001032716], [414118.1036393855, 5317697.463619489], [414105.08959732606, 5317705.706640489]]]}}, {"type": "Feature", "properties": {"landuse": "allotments"}, "geometry": {"type": "Polygon", "coordinates": [[[409042.2704590989, 5313869.409312271], [409044.94501725567, 5313873.31360104], [409049.2869974823, 5313882.583311879], [409100.1732059582, 5313946.569624742], [409102.3752716058, 5313943.722236567], [409116.1961368567, 5313957.133490428], [409122.2059732085, 5313949.590179888], [409073.6233069579, 5313896.250772295], [409045.27972428035, 5313867.093882571], [409043.3103376557, 5313868.60356969], [409042.2704590989, 5313869.409312271]]]}}, {"type": "Feature", "properties": {"landuse": "allotments"}, "geometry": {"type": "Polygon", "coordinates": [[[410700.91537741816, 5314288.616925823], [410686.55382978456, 5314310.295522349], [410712.82404672954, 5314326.307660454], [410719.73889349774, 5314316.851019405], [410749.4393750249, 5314338.424174924], [410754.18188919674, 5314333.770441892], [410740.8569441611, 5314317.368344484], [410752.50025366683, 5314302.346632314], [410773.17303315183, 5314315.066288698], [410780.68440559716, 5314307.968388555], [410777.75989988423, 5314302.777637263], [410700.91537741816, 5314288.616925823]]]}}, {"type": "Feature", "properties": {"landuse": "allotments", "name": "Achillea Heilpflanzengarten"}, "geometry": {"type": "Polygon", "coordinates": [[[410262.06442843634, 5314180.337611897], [410287.9606650383, 5314179.422520596], [410306.4318141411, 5314180.579843391], [410354.96073384, 5314190.640593231], [410364.56169403193, 5314139.908797317], [410367.53973344347, 5314125.499280649], [410359.68118260615, 5314106.455994945], [410319.2123696202, 5314134.156268982], [410283.26421380497, 5314158.762549911], [410264.8040948217, 5314171.723699806], [410262.06442843634, 5314180.337611897]]]}}, {"type": "Feature", "properties": {"landuse": "allotments"}, "geometry": {"type": "Polygon", "coordinates": [[[411455.50217179547, 5313622.738688766], [411423.62730452954, 5313634.568319963], [411414.53776829666, 5313603.258440984], [411446.64202009107, 5313594.68249091], [411455.50217179547, 5313622.738688766]]]}}, {"type": "Feature", "properties": {"landuse": "allotments"}, "geometry": {"type": "Polygon", "coordinates": [[[411424.4146555584, 5313734.252696086], [411415.32071800285, 5313699.252066988], [411441.54589226074, 5313686.097444878], [411428.9582262497, 5313649.160619857], [411458.116688486, 5313639.829634858], [411471.08476707374, 5313663.164684588], [411445.6693793752, 5313677.529569831], [411458.59522448387, 5313723.843901661], [411424.4146555584, 5313734.252696086]]]}}, {"type": "Feature", "properties": {"landuse": "allotments"}, "geometry": {"type": "Polygon", "coordinates": [[[411260.91162510234, 5313837.623698328], [411259.57507288456, 5313816.299805261], [411322.7680150177, 5313810.934740487], [411324.74651236535, 5313835.661647359], [411294.64385079464, 5313836.447863], [411260.91162510234, 5313837.623698328]]]}}, {"type": "Feature", "properties": {"landuse": "allotments"}, "geometry": {"type": "Polygon", "coordinates": [[[411649.3647533463, 5313759.799634764], [411640.1564842521, 5313733.79401841], [411653.09200932144, 5313728.804084677], [411662.30329660384, 5313755.00977804], [411649.3647533463, 5313759.799634764]]]}}, {"type": "Feature", "properties": {"landuse": "allotments"}, "geometry": {"type": "Polygon", "coordinates": [[[412016.1532909806, 5313646.681323922], [411984.7576958574, 5313633.27628659], [411989.527602366, 5313617.128343927], [412020.41619645414, 5313628.128794469], [412022.367626091, 5313628.321307482], [412016.1532909806, 5313646.681323922]]]}}, {"type": "Feature", "properties": {"landuse": "landfill"}, "geometry": {"type": "Polygon", "coordinates": [[[410580.06029029575, 5317844.543966628], [410557.25256320933, 5317836.727751686], [410548.000346901, 5317839.495329972], [410542.8759447733, 5317848.168538946], [410548.76073463715, 5317858.638155379], [410538.67306458915, 5317865.243011064], [410549.2469584545, 5317880.29769811], [410575.75387400127, 5317900.529649871], [410591.60713169584, 5317882.829318477], [410589.9792455182, 5317854.906407059], [410592.86775783857, 5317846.846100368], [410602.1564616784, 5317843.066376874], [410583.49748119974, 5317815.163762735], [410565.7369021312, 5317823.922332834], [410580.06029029575, 5317844.543966628]]]}}, {"type": "Feature", "properties": {"landuse": "allotments", "name": "WandelGarten Vauban"}, "geometry": {"type": "Polygon", "coordinates": [[[411764.6190233365, 5314350.28480506], [411764.17393998516, 5314345.111149453], [411762.62105734576, 5314341.199572185], [411759.76807490614, 5314336.718732569], [411755.2633559277, 5314333.563898625], [411749.9576618093, 5314331.722028561], [411753.6138645385, 5314321.405058553], [411766.7036313469, 5314315.846013995], [411771.2264863049, 5314321.157259094], [411772.99725480966, 5314326.621865443], [411777.80252621433, 5314329.90550877], [411784.4744241797, 5314329.325210942], [411800.84719473036, 5314324.160599611], [411810.8301462765, 5314333.112364003], [411764.6190233365, 5314350.28480506]]]}}, {"type": "Feature", "properties": {"landuse": "allotments", "name": "Vaugarten"}, "geometry": {"type": "Polygon", "coordinates": [[[412386.7240255249, 5314249.511056272], [412388.45662445406, 5314249.073356858], [412394.2227213074, 5314271.363850637], [412392.4977608351, 5314271.812549103], [412386.7240255249, 5314249.511056272]]]}}, {"type": "Feature", "properties": {"landuse": "allotments"}, "geometry": {"type": "Polygon", "coordinates": [[[409250.36482029624, 5317767.305392657], [409204.5053374794, 5317801.23629399], [409240.45643372496, 5317860.323021635], [409264.3626321614, 5317853.95352931], [409279.1987555104, 5317842.946907133], [409286.0070814914, 5317830.47724772], [409376.54755680944, 5317785.759285195], [409371.82624554576, 5317778.251848482], [409309.4729587621, 5317757.879184912], [409305.98091449484, 5317771.552726335], [409301.6112402727, 5317773.1002377225], [409264.7376388057, 5317787.433953556], [409250.36482029624, 5317767.305392657]]]}}, {"type": "Feature", "properties": {"landuse": "allotments"}, "geometry": {"type": "Polygon", "coordinates": [[[409857.77283685637, 5316747.119184605], [409837.2019075635, 5316717.647952669], [409890.7697411955, 5316682.478899551], [409910.59084915783, 5316711.250571882], [409857.77283685637, 5316747.119184605]]]}}, {"type": "Feature", "properties": {"landuse": "allotments", "name": "Kleintierz\u00fcchterverein C.58 Freiburg-Haslach e.V."}, "geometry": {"type": "Polygon", "coordinates": [[[410589.47775282967, 5315265.406258158], [410510.6062089191, 5315265.053866173], [410501.1610537173, 5315264.322540571], [410481.6786205276, 5315263.658455034], [410455.65267671656, 5315263.118505202], [410454.92351008917, 5315217.705809734], [410470.74036483996, 5315217.8154119225], [410510.4845785077, 5315217.886358542], [410551.3875913244, 5315218.084084891], [410577.4902682382, 5315218.26753673], [410581.15193086053, 5315234.408080297], [410589.47775282967, 5315265.406258158]]]}}, {"type": "Feature", "properties": {"landuse": "allotments", "name": "Kleintierzuchtverein C 166 Freiburg St. Georgen"}, "geometry": {"type": "Polygon", "coordinates": [[[410495.0374413136, 5315355.24364636], [410492.83184750704, 5315341.559586912], [410485.23831443046, 5315289.539019449], [410482.1304091692, 5315268.231627458], [410481.6786205276, 5315263.658455034], [410501.1610537173, 5315264.322540571], [410510.6062089191, 5315265.053866173], [410589.47775282967, 5315265.406258158], [410606.55616897705, 5315265.541092924], [410616.80736897513, 5315265.7931552185], [410629.3956477378, 5315265.630955239], [410639.86935209314, 5315265.312636065], [410642.1724049372, 5315265.110111985], [410644.70918487053, 5315265.059596705], [410647.2631714832, 5315264.675305752], [410650.3020049952, 5315266.195607921], [410658.1122834205, 5315263.539649814], [410663.75218321616, 5315270.111148533], [410672.333452848, 5315289.232527933], [410676.6696575996, 5315299.326129834], [410680.02406053373, 5315305.310575544], [410687.10220969946, 5315312.226628016], [410690.72137068753, 5315314.593949748], [410693.878947261, 5315317.035140425], [410655.94438939204, 5315323.871844006], [410495.0374413136, 5315355.24364636]]]}}, {"type": "Feature", "properties": {"landuse": "allotments"}, "geometry": {"type": "Polygon", "coordinates": [[[411357.3670672158, 5315973.147002044], [411363.1954659962, 5315966.865041549], [411340.291322941, 5315941.571191996], [411344.12870886305, 5315937.320953539], [411213.33762408275, 5315795.462460799], [411203.020658116, 5315804.904372035], [411299.1282483854, 5315909.155056756], [411327.77686494315, 5315940.129897819], [411331.2676457633, 5315944.378351805], [411331.9471473353, 5315945.857550394], [411357.3670672158, 5315973.147002044]]]}}, {"type": "Feature", "properties": {"boundary": "protected_area", "name": "Freiburger Rieselfeld", "protect_class": "4", "protection_title": "Naturschutzgebiet"}, "geometry": {"type": "Polygon", "coordinates": [[[407162.4883741612, 5316854.611947499], [407201.54968066333, 5316918.883726602], [407259.8380330554, 5317006.280701191], [407310.27230067225, 5317080.9866896365], [407406.520147034, 5317233.275847349], [407450.8369764954, 5317311.961402125], [407588.77727576566, 5317544.66018756], [407678.6386416679, 5317700.635971538], [407725.1296665544, 5317777.643228714], [407813.4395638895, 5317934.079440078], [407868.1802022492, 5318023.340035783], [407916.16647642496, 5318099.001819022], [408014.368739023, 5318249.112401836], [408065.1686734702, 5318322.295656564], [408117.6891584359, 5318394.929319817], [408189.0466807862, 5318489.719212003], [408306.7569639746, 5318466.417369014], [408539.8971596769, 5318399.635169025], [408565.05220290966, 5318503.369375145], [408676.21654983726, 5318475.999217233], [408725.46057742287, 5318654.31430979], [408896.0475544825, 5318604.215351576], [408899.7977012552, 5318598.452814498], [408755.54738246504, 5318078.935601549], [408766.7245487203, 5318071.0873706965], [409185.3508561129, 5317787.753623834], [409201.03701402195, 5317779.079084477], [409655.61814446934, 5317470.433234648], [409420.9247884169, 5317126.794624066], [409416.3931579601, 5317118.094628996], [409322.1507261844, 5316814.238058368], [409320.04415153543, 5316813.13733272], [408889.97179954546, 5316936.142183564], [408617.957451042, 5317013.909252857], [408592.12857335125, 5316898.56822321], [408551.8643951898, 5316655.832213537], [408504.9504140236, 5316493.890360124], [408482.17671449936, 5316505.625524351], [408355.31971035723, 5316582.174825948], [408237.77060205775, 5316652.163915665], [408139.81253358827, 5316711.025544145], [408113.090999176, 5316722.158251466], [408066.1232352285, 5316733.581357694], [408045.0492998014, 5316741.844818828], [407985.37301872356, 5316776.951255671], [407970.4827936471, 5316787.873115585], [407946.5303540183, 5316812.069438567], [407831.0970061861, 5316936.663050155], [407809.6628834783, 5316951.7146558], [407785.3803159592, 5316961.753707894], [407757.2817756873, 5316968.796852544], [407629.20112325915, 5316987.006089749], [407608.02733956825, 5316987.568594809], [407578.197711157, 5316985.7689233525], [407554.0636372785, 5316983.1996906055], [407507.0477100263, 5316972.883009201], [407459.4229459149, 5316956.273056975], [407408.10632377537, 5316932.363351932], [407358.08167416137, 5316906.698996376], [407305.1622828681, 5316883.861023891], [407253.55273388757, 5316867.316972272], [407200.7100881268, 5316857.608120631], [407162.4883741612, 5316854.611947499]]]}}, {"type": "Feature", "properties": {"landuse": "allotments", "leisure": "garden", "name": "zusammen g\u00e4rtnern"}, "geometry": {"type": "Polygon", "coordinates": [[[411815.0630842247, 5314242.53366287], [411817.23024107196, 5314237.331097194], [411834.45226333424, 5314206.6958712805], [411876.3274195655, 5314170.002443197], [411862.61582219193, 5314144.732467031], [411850.9715055499, 5314149.657711043], [411845.86030183814, 5314152.237297084], [411847.4217732843, 5314155.248294919], [411834.8134808041, 5314161.566833008], [411819.97371106665, 5314166.941300295], [411817.01179887983, 5314168.020552631], [411771.88863821654, 5314186.132278066], [411815.0630842247, 5314242.53366287]]]}}, {"type": "Feature", "properties": {"landuse": "landfill", "name": "Erdaushubzwischenlager Dietenbach"}, "geometry": {"type": "Polygon", "coordinates": [[[410193.5483764248, 5318560.460208056], [410175.93811352336, 5318540.468978343], [410165.89299261017, 5318526.307185986], [410155.5930548122, 5318512.071573799], [410108.6727751839, 5318446.625264107], [410096.427005639, 5318422.937319933], [410088.80705476605, 5318398.365491563], [410083.6305302027, 5318386.940297346], [410081.1946063696, 5318385.244140767], [410076.96377870784, 5318382.2976020565], [410081.8428657376, 5318375.662199233], [410085.3391772886, 5318368.84832438], [410088.8540556625, 5318357.4983958695], [410091.1484502665, 5318344.900214537], [410091.4478781398, 5318337.813955893], [410090.6962810883, 5318330.299454518], [410088.4129095712, 5318313.559509764], [410089.8233491319, 5318296.906308218], [410092.8742048393, 5318286.408540634], [410101.3562668494, 5318272.61299586], [410110.7948905693, 5318259.402827886], [410128.3921089731, 5318249.389114778], [410138.1592219211, 5318244.778469628], [410143.5151968604, 5318241.4374396615], [410148.91537794226, 5318237.106304891], [410151.601815157, 5318233.351212343], [410155.384630722, 5318219.084473541], [410160.9760106605, 5318187.847063243], [410168.1139871436, 5318147.6918401355], [410172.39361036604, 5318116.041382636], [410174.75698120106, 5318103.064189537], [410177.254532272, 5318094.854121336], [410179.80261787854, 5318089.400296477], [410183.475473628, 5318083.839962191], [410190.1606498594, 5318077.232031285], [410197.9414881427, 5318071.518591088], [410203.19289521413, 5318067.678988992], [410268.4042964018, 5318042.2031568745], [410275.63961474504, 5318038.810688812], [410284.5608019067, 5318033.502019277], [410295.06571350177, 5318026.423272222], [410307.1427438832, 5318017.785861942], [410361.20430036157, 5317960.845964489], [410375.9475182286, 5317934.201980948], [410396.8770351971, 5317897.6230260795], [410405.88324173837, 5317890.089820731], [410416.71248514846, 5317886.563709163], [410431.02692720585, 5317885.518002181], [410446.68444119045, 5317888.3201401], [410456.9036410625, 5317892.563304956], [410471.2855371788, 5317902.555871363], [410476.8046101803, 5317907.739400172], [410490.46816593455, 5317963.111852487], [410493.441671763, 5317978.729468197], [410498.14627522003, 5318009.70612157], [410499.24265065615, 5318027.89876987], [410497.92104884196, 5318046.507045074], [410494.15877356485, 5318065.509068857], [410488.60051100235, 5318080.314585034], [410485.5056874142, 5318078.461762214], [410483.81304118875, 5318079.466420542], [410463.15070315887, 5318113.072659705], [410448.8341352076, 5318104.368684458], [410439.07247958716, 5318128.511357676], [410425.21826568147, 5318184.423652453], [410421.58057099464, 5318184.591510639], [410416.7528934605, 5318185.945206791], [410408.84956715105, 5318209.647650108], [410384.88550800795, 5318248.641851592], [410362.248224446, 5318286.592704757], [410310.4519402852, 5318368.988781366], [410294.16459538817, 5318394.100701972], [410273.9114279137, 5318427.9681249885], [410249.0705118333, 5318470.400702602], [410193.5483764248, 5318560.460208056]]]}}, {"type": "Feature", "properties": {"landuse": "allotments"}, "geometry": {"type": "Polygon", "coordinates": [[[410098.96997854824, 5315272.860777386], [410121.6150773857, 5315265.280922011], [410120.656291904, 5315259.326063182], [410111.0347787723, 5315243.968139988], [410090.9195285752, 5315193.266459096], [410086.1282516002, 5315194.719841788], [410087.6933770375, 5315199.83144407], [410079.4122956295, 5315202.439953622], [410077.15094236215, 5315195.760618448], [410073.7203019623, 5315196.8814700935], [410075.9523331291, 5315203.594613358], [410098.96997854824, 5315272.860777386]]]}}, {"type": "Feature", "properties": {"landuse": "allotments"}, "geometry": {"type": "Polygon", "coordinates": [[[409395.3013177737, 5314573.797567276], [409381.6699642745, 5314547.164543995], [409511.63824050635, 5314489.57876075], [409519.7174582723, 5314511.585744113], [409426.9465440553, 5314555.53439351], [409418.1447049134, 5314562.565494461], [409395.3013177737, 5314573.797567276]]]}}, {"type": "Feature", "properties": {"landuse": "allotments"}, "geometry": {"type": "Polygon", "coordinates": [[[410157.3867957932, 5313887.781777911], [410173.34662900714, 5313879.117132305], [410156.0655738078, 5313847.614493754], [410150.29958263796, 5313851.261931123], [410140.48719551705, 5313853.46063228], [410157.3867957932, 5313887.781777911]]]}}, {"type": "Feature", "properties": {"landuse": "allotments"}, "geometry": {"type": "Polygon", "coordinates": [[[410155.3447309927, 5313892.782945102], [410188.79668218247, 5313874.618238826], [410208.9651972432, 5313861.052140249], [410229.935739281, 5313886.938895232], [410209.50936985784, 5313899.286076246], [410208.2911255148, 5313897.75981958], [410191.0486121546, 5313907.9451748375], [410178.2288489189, 5313915.471306871], [410174.5273162045, 5313919.375547946], [410155.3447309927, 5313892.782945102]]]}}, {"type": "Feature", "properties": {"landuse": "allotments"}, "geometry": {"type": "Polygon", "coordinates": [[[410390.97494640393, 5313913.745056829], [410405.0653604653, 5313905.343620768], [410414.73268060107, 5313902.4583760165], [410419.9118354088, 5313900.910330137], [410422.4120737183, 5313900.871419521], [410430.62181147287, 5313900.743660954], [410442.1751884031, 5313951.424036634], [410435.3729390712, 5313955.165129484], [410427.24400869646, 5313958.081986296], [410418.6317002657, 5313961.1175476005], [410416.3747867462, 5313961.919744734], [410415.1115351178, 5313959.415852833], [410403.67370294005, 5313963.651579617], [410401.89440942655, 5313958.209724883], [410390.97494640393, 5313913.745056829]]]}}, {"type": "Feature", "properties": {"landuse": "allotments"}, "geometry": {"type": "Polygon", "coordinates": [[[410276.1054671666, 5314016.065366755], [410289.1984626276, 5314009.313378717], [410294.2856637258, 5314008.100158599], [410312.65211211424, 5314001.065933523], [410338.70156411274, 5313990.765975854], [410343.39065899013, 5313988.914216666], [410337.46428924974, 5313962.136795427], [410332.92392088455, 5313963.952890939], [410327.30087688623, 5313941.795416996], [410302.0810811039, 5313950.73733596], [410299.8026544236, 5313951.59549926], [410279.74916158884, 5313959.122970716], [410277.227050428, 5313960.1516963355], [410263.60773463844, 5313965.711279725], [410276.1054671666, 5314016.065366755]]]}}, {"type": "Feature", "properties": {"landuse": "allotments"}, "geometry": {"type": "Polygon", "coordinates": [[[410139.2196774279, 5314078.2992953705], [410146.7861198266, 5314078.103349473], [410169.3998884205, 5314076.816536509], [410182.24771104724, 5314071.591151208], [410186.55745739804, 5314069.834116499], [410191.2643279954, 5314067.214880438], [410204.97778386145, 5314059.574770958], [410220.6848268425, 5314051.48115279], [410223.315550946, 5314049.761453558], [410241.70862031623, 5314037.7461709995], [410256.6210658592, 5314027.99749811], [410253.90304792725, 5314021.247400676], [410243.88685907284, 5313974.456561503], [410229.1685294844, 5313983.257291965], [410215.46628280845, 5313992.586943827], [410211.2354127973, 5313996.0547401905], [410204.4466962381, 5314001.6079694545], [410193.7369658725, 5314009.91269546], [410180.209095848, 5314019.406469072], [410171.5627834762, 5314025.033195396], [410168.81369149184, 5314026.821467641], [410160.15282889886, 5314031.51461177], [410152.93291541666, 5314034.306504643], [410146.1109936278, 5314036.291770332], [410137.08100471785, 5314037.900189239], [410139.2196774279, 5314078.2992953705]]]}}, {"type": "Feature", "properties": {"landuse": "allotments"}, "geometry": {"type": "Polygon", "coordinates": [[[410323.65676489717, 5314059.592125379], [410309.46979939856, 5314063.681892289], [410307.12650000816, 5314064.685585754], [410295.17207399075, 5314069.285330637], [410285.0200255882, 5314017.104808953], [410298.7324485843, 5314011.299248261], [410303.06840473396, 5314027.984966858], [410318.1319445959, 5314024.092751197], [410319.5922189327, 5314031.573960408], [410325.61561714014, 5314030.079373168], [410328.3725393652, 5314043.165574786], [410321.53914445144, 5314044.417089299], [410323.65676489717, 5314059.592125379]]]}}, {"type": "Feature", "properties": {"landuse": "allotments"}, "geometry": {"type": "Polygon", "coordinates": [[[410287.2823009847, 5313923.253341622], [410284.34486245195, 5313911.526243261], [410320.53605462675, 5313896.1877958765], [410324.87011833943, 5313907.959853488], [410287.2823009847, 5313923.253341622]]]}}, {"type": "Feature", "properties": {"landuse": "allotments"}, "geometry": {"type": "Polygon", "coordinates": [[[410451.3080402871, 5313957.374043289], [410499.6318406437, 5313912.854926305], [410510.14933539246, 5313934.880866342], [410496.21970947867, 5313946.425645577], [410490.516759453, 5313937.331711915], [410480.36398083554, 5313945.960737077], [410486.7041804547, 5313953.788533072], [410456.0116534737, 5313978.045137367], [410455.3888234647, 5313973.519102107], [410451.3080402871, 5313957.374043289]]]}}, {"type": "Feature", "properties": {"landuse": "allotments"}, "geometry": {"type": "Polygon", "coordinates": [[[410384.5517332684, 5313976.8338413425], [410387.94881782273, 5313993.645404305], [410408.38752042153, 5313988.324591862], [410404.4582488508, 5313969.931575157], [410384.5517332684, 5313976.8338413425]]]}}, {"type": "Feature", "properties": {"landuse": "allotments"}, "geometry": {"type": "Polygon", "coordinates": [[[410395.1317427091, 5313766.436036055], [410398.86430269375, 5313737.651680058], [410397.2376522592, 5313732.907819865], [410403.5507877586, 5313723.626934736], [410435.95376766333, 5313785.233182757], [410436.7809011289, 5313787.054612956], [410444.72758476855, 5313803.117279827], [410449.42261064786, 5313812.671531297], [410453.0924703764, 5313820.15174426], [410454.6870375893, 5313823.317508347], [410465.98727945855, 5313845.731407918], [410470.37802493235, 5313854.445518523], [410480.2916915795, 5313874.112885654], [410482.54101754073, 5313878.580276228], [410487.8931287565, 5313889.591777682], [410494.95667581086, 5313904.567662573], [410445.3294640288, 5313938.245814677], [410441.0007205007, 5313920.081331619], [410436.6103804881, 5313904.196789305], [410435.5841602945, 5313899.654798935], [410430.50162279507, 5313877.188667349], [410428.4732833438, 5313868.215483501], [410428.2730340228, 5313867.340358876], [410422.3248906014, 5313841.063465814], [410419.5028119293, 5313828.578557342], [410419.27826699056, 5313827.581524427], [410416.81543016783, 5313818.993083432], [410409.1815891784, 5313800.490967084], [410395.1317427091, 5313766.436036055]]]}}, {"type": "Feature", "properties": {"landuse": "allotments"}, "geometry": {"type": "Polygon", "coordinates": [[[410394.8385390525, 5313906.81461925], [410381.8601062296, 5313854.299980406], [410390.5931996722, 5313847.504951176], [410405.1207647578, 5313901.2294780845], [410394.8385390525, 5313906.81461925]]]}}, {"type": "Feature", "properties": {"landuse": "allotments"}, "geometry": {"type": "Polygon", "coordinates": [[[410350.5927884685, 5313924.101225667], [410348.30346493196, 5313915.154365134], [410373.29767874203, 5313909.929237898], [410375.092890131, 5313917.349658345], [410368.0420996784, 5313920.9501799205], [410350.5927884685, 5313924.101225667]]]}}, {"type": "Feature", "properties": {"landuse": "allotments"}, "geometry": {"type": "Polygon", "coordinates": [[[410144.89013160305, 5314116.842312827], [410142.0768957758, 5314113.084222002], [410140.7232043809, 5314089.492865927], [410141.5983136478, 5314086.733306542], [410144.3824324585, 5314083.843891123], [410151.01910282194, 5314082.4284800375], [410160.39388832013, 5314081.392782581], [410169.6777390173, 5314119.490325019], [410165.03740665305, 5314120.629982103], [410160.70827491325, 5314121.142233914], [410152.355141556, 5314120.672307253], [410148.1065615948, 5314117.259013056], [410144.89013160305, 5314116.842312827]]]}}, {"type": "Feature", "properties": {"landuse": "allotments"}, "geometry": {"type": "Polygon", "coordinates": [[[410586.5424455842, 5314099.847827304], [410572.91437593, 5314089.465084987], [410610.4734763251, 5314052.162301957], [410623.45554314525, 5314062.766386789], [410586.5424455842, 5314099.847827304]]]}}, {"type": "Feature", "properties": {"landuse": "allotments"}, "geometry": {"type": "Polygon", "coordinates": [[[410226.5893640184, 5314055.291117059], [410225.0419077724, 5314053.714407414], [410229.8437593095, 5314050.482288119], [410235.7390780299, 5314046.521632441], [410238.8302598639, 5314061.881566116], [410234.0680306755, 5314062.867428984], [410231.118351175, 5314053.230538285], [410226.5893640184, 5314055.291117059]]]}}, {"type": "Feature", "properties": {"landuse": "allotments"}, "geometry": {"type": "Polygon", "coordinates": [[[410251.91227038665, 5314088.42503047], [410242.52080482745, 5314041.957959686], [410235.7390780299, 5314046.521632441], [410238.8302598639, 5314061.881566116], [410244.752786752, 5314091.260334902], [410251.91227038665, 5314088.42503047]]]}}, {"type": "Feature", "properties": {"landuse": "allotments"}, "geometry": {"type": "Polygon", "coordinates": [[[410285.5445584505, 5314148.454910408], [410270.53968663485, 5314158.960913717], [410261.16368525557, 5314164.698939165], [410259.06707439845, 5314165.2430109745], [410252.9522088312, 5314166.127664618], [410238.9457750547, 5314166.935288351], [410232.57666808757, 5314166.834516928], [410229.04079608317, 5314154.5498097], [410245.77544192004, 5314145.828790296], [410251.53111422394, 5314142.492876666], [410258.51909245405, 5314138.2372786505], [410266.0685460892, 5314134.084105385], [410273.1018560709, 5314129.383139552], [410285.5445584505, 5314148.454910408]]]}}, {"type": "Feature", "properties": {"landuse": "allotments"}, "geometry": {"type": "Polygon", "coordinates": [[[410318.5583547818, 5314064.87431059], [410317.7262877476, 5314065.131849006], [410335.02432001213, 5314113.154510308], [410342.25713713036, 5314108.317119563], [410358.9168579438, 5314097.162986766], [410349.5733785216, 5314057.55419445], [410343.3882560729, 5314058.7288841], [410335.9873099773, 5314060.4450189285], [410326.3656101073, 5314062.885015179], [410318.5583547818, 5314064.87431059]]]}}, {"type": "Feature", "properties": {"landuse": "allotments"}, "geometry": {"type": "Polygon", "coordinates": [[[410307.3477059528, 5314120.556092765], [410293.3739363683, 5314087.545207901], [410290.73801307584, 5314088.93144667], [410288.8700986403, 5314084.513767562], [410300.6443627122, 5314078.894053791], [410312.8711565447, 5314108.541497747], [410315.29810799327, 5314107.158525192], [410318.4656929774, 5314114.501961424], [410307.3477059528, 5314120.556092765]]]}}, {"type": "Feature", "properties": {"landuse": "allotments"}, "geometry": {"type": "Polygon", "coordinates": [[[410642.19133924786, 5314182.40529751], [410724.9839717762, 5314244.020247246], [410726.5810426489, 5314243.99547424], [410728.5823694742, 5314243.564220585], [410729.724767872, 5314243.10182242], [410730.95315186784, 5314241.926605207], [410738.6959872054, 5314230.978593491], [410738.50570285687, 5314228.335707781], [410737.0547440954, 5314225.267695878], [410718.2422162758, 5314209.78452923], [410660.63056937687, 5314159.873997682], [410642.19133924786, 5314182.40529751]]]}}, {"type": "Feature", "properties": {"landuse": "allotments"}, "geometry": {"type": "Polygon", "coordinates": [[[410618.24190119735, 5314236.094157825], [410619.3912964975, 5314238.966719382], [410675.09228402516, 5314249.963755595], [410707.0718364052, 5314254.814769847], [410711.98941951833, 5314256.150330862], [410746.61583231273, 5314270.432151671], [410752.4483484302, 5314272.042598898], [410762.35542290285, 5314272.133551273], [410772.9552759563, 5314271.168785877], [410802.8220304423, 5314273.607351562], [410805.5765326165, 5314273.609129994], [410783.9841209046, 5314258.391178687], [410743.2820210014, 5314229.706837686], [410734.5686171177, 5314242.570896859], [410731.7556956997, 5314245.06025764], [410729.81902203074, 5314246.290928671], [410727.08265731967, 5314246.978156455], [410724.06974634377, 5314246.680265606], [410718.3777110822, 5314244.02267247], [410686.7611741519, 5314219.755740769], [410640.27278116246, 5314184.802998663], [410622.03766645596, 5314170.956482533], [410613.7501245044, 5314166.049201142], [410609.82761552604, 5314164.8650210695], [410616.9475306098, 5314191.201709255], [410618.58691961446, 5314226.105762216], [410618.24190119735, 5314236.094157825]]]}}, {"type": "Feature", "properties": {"landuse": "allotments"}, "geometry": {"type": "Polygon", "coordinates": [[[410472.5417445529, 5313769.411524042], [410439.7356213927, 5313783.595730074], [410444.7385491952, 5313793.745503812], [410454.8365095004, 5313814.210385068], [410467.0003074625, 5313838.867597589], [410470.5153276321, 5313845.994486316], [410474.4310583342, 5313853.9266833905], [410479.17962350004, 5313863.569060409], [410493.1545023044, 5313891.888991167], [410516.99934718164, 5313879.945485133], [410509.812926592, 5313865.227175166], [410504.38035140204, 5313850.959633926], [410500.98530049314, 5313841.462946318], [410498.57349658664, 5313834.707979885], [410497.83138189727, 5313831.1509725265], [410496.35461354617, 5313824.036842068], [410490.8925674748, 5313797.7967970045], [410490.58925078856, 5313796.534179376], [410487.470348698, 5313783.675880831], [410485.70038866013, 5313779.312203151], [410483.2381848893, 5313775.559607489], [410472.5417445529, 5313769.411524042]]]}}, {"type": "Feature", "properties": {"landuse": "allotments"}, "geometry": {"type": "Polygon", "coordinates": [[[410449.6575791099, 5313866.162736162], [410451.00134749524, 5313869.043359774], [410430.50162279507, 5313877.188667349], [410435.5841602945, 5313899.654798935], [410459.1335219972, 5313886.48166297], [410480.2916915795, 5313874.112885654], [410470.37802493235, 5313854.445518523], [410449.6575791099, 5313866.162736162]]]}}, {"type": "Feature", "properties": {"landuse": "allotments"}, "geometry": {"type": "Polygon", "coordinates": [[[410486.1149477903, 5313754.603856047], [410487.5543474454, 5313760.273359358], [410487.3652080198, 5313767.313340514], [410487.166658572, 5313772.307946195], [410476.36976402707, 5313765.461048803], [410466.74093551876, 5313759.318605523], [410457.84510334703, 5313752.786798615], [410451.8937698955, 5313748.377006439], [410439.5198307998, 5313739.498070453], [410465.8022497163, 5313726.326929543], [410471.02439677465, 5313733.771892487], [410475.5219621, 5313739.749572315], [410481.64424174273, 5313746.991556623], [410486.1149477903, 5313754.603856047]]]}}, {"type": "Feature", "properties": {"landuse": "allotments"}, "geometry": {"type": "Polygon", "coordinates": [[[410490.6183321262, 5314024.509415223], [410487.9049177587, 5314023.317629163], [410530.49156133377, 5313976.642355608], [410538.5008706042, 5313991.003272614], [410544.71206537116, 5313997.743671693], [410554.00283646095, 5314006.181583], [410571.07988552866, 5314020.401635205], [410535.81029015826, 5314055.156651807], [410524.6373180494, 5314046.169947659], [410513.728535375, 5314038.813351525], [410506.0629241166, 5314034.0744204465], [410490.6183321262, 5314024.509415223]]]}}, {"type": "Feature", "properties": {"landuse": "allotments"}, "geometry": {"type": "Polygon", "coordinates": [[[411062.83785148413, 5314275.419823424], [411066.3663378942, 5314280.101116881], [411099.37355968566, 5314258.7357814945], [411094.422817598, 5314251.86416689], [411061.71469853155, 5314273.747404107], [411062.83785148413, 5314275.419823424]]]}}, {"type": "Feature", "properties": {"landuse": "allotments"}, "geometry": {"type": "Polygon", "coordinates": [[[410611.417160649, 5313700.962814369], [410618.17272297805, 5313709.573608504], [410625.2156002207, 5313703.994710366], [410622.41328028415, 5313699.969414132], [410624.12530500407, 5313699.164645016], [410619.99565775594, 5313693.314543733], [410611.417160649, 5313700.962814369]]]}}, {"type": "Feature", "properties": {"landuse": "allotments"}, "geometry": {"type": "Polygon", "coordinates": [[[410680.7881161206, 5313747.277570609], [410667.08363427524, 5313757.506616228], [410661.48345767846, 5313749.2558121905], [410674.0018325183, 5313740.045685656], [410680.7881161206, 5313747.277570609]]]}}, {"type": "Feature", "properties": {"landuse": "allotments"}, "geometry": {"type": "Polygon", "coordinates": [[[410629.662456686, 5313754.318840931], [410638.61195692484, 5313765.763770205], [410616.0090596142, 5313782.734564526], [410605.780728041, 5313772.587980168], [410605.7579921462, 5313772.566099337], [410601.46646974474, 5313768.30825088], [410596.2653298557, 5313763.164059459], [410621.70670233376, 5313743.8923718445], [410623.152828264, 5313742.7915727785], [410655.85492119775, 5313718.015586437], [410664.4749546162, 5313727.95376297], [410632.68037973467, 5313752.03747728], [410629.662456686, 5313754.318840931]]]}}, {"type": "Feature", "properties": {"landuse": "allotments"}, "geometry": {"type": "Polygon", "coordinates": [[[410587.38835565525, 5313682.859613999], [410588.38943249045, 5313681.9435908], [410594.75731753063, 5313688.181351133], [410581.7763476074, 5313699.811215787], [410559.44457077904, 5313719.824063695], [410553.2884997847, 5313712.804863272], [410554.4233331412, 5313710.408199437], [410557.58434492676, 5313707.246333017], [410554.7983847962, 5313704.276925565], [410556.7116479455, 5313702.490716506], [410582.8905345328, 5313678.782853518], [410587.38835565525, 5313682.859613999]]]}}, {"type": "Feature", "properties": {"landuse": "allotments"}, "geometry": {"type": "Polygon", "coordinates": [[[410840.8668627538, 5313958.274644774], [410848.37296534854, 5313956.10174323], [410884.24500399316, 5313998.190856383], [410877.6136319036, 5314000.92824952], [410840.8668627538, 5313958.274644774]]]}}, {"type": "Feature", "properties": {"landuse": "allotments"}, "geometry": {"type": "Polygon", "coordinates": [[[411080.03767877305, 5314286.126481994], [411077.6219581311, 5314281.961600867], [411087.2624881943, 5314276.398705501], [411089.6780322098, 5314280.55247629], [411080.03767877305, 5314286.126481994]]]}}, {"type": "Feature", "properties": {"landuse": "allotments"}, "geometry": {"type": "Polygon", "coordinates": [[[411101.65810882556, 5314303.70187854], [411097.53207734803, 5314295.127747676], [411107.2095833408, 5314290.509254476], [411111.3356032244, 5314299.08339208], [411101.65810882556, 5314303.70187854]]]}}, {"type": "Feature", "properties": {"landuse": "allotments"}, "geometry": {"type": "Polygon", "coordinates": [[[410866.37336727866, 5314089.7599915685], [410873.3179733787, 5314097.134157793], [410875.75086254225, 5314095.162134974], [410869.1049554164, 5314087.794457194], [410866.37336727866, 5314089.7599915685]]]}}, {"type": "Feature", "properties": {"landuse": "allotments"}, "geometry": {"type": "Polygon", "coordinates": [[[410932.9621115599, 5314004.473813006], [410919.8117848212, 5313987.79067758], [410932.2750000255, 5313982.26166887], [410943.78544754715, 5313996.691230676], [410932.9621115599, 5314004.473813006]]]}}, {"type": "Feature", "properties": {"landuse": "allotments"}, "geometry": {"type": "Polygon", "coordinates": [[[410957.36634928494, 5314014.190411491], [410960.2984991154, 5314017.94704683], [410974.23804368655, 5314009.893977201], [410977.8027395202, 5314007.248594256], [410978.3502927127, 5314004.038445455], [410977.49310640455, 5314000.260825067], [410960.06282794767, 5313972.793660357], [410958.63984738453, 5313973.460456146], [410956.9377003031, 5313973.453437355], [410955.39809609274, 5313972.854706378], [410954.1721219575, 5313972.262240719], [410932.2750000255, 5313982.26166887], [410943.78544754715, 5313996.691230676], [410952.5906050397, 5314008.038805244], [410957.6603605328, 5314004.725342224], [410962.21082900144, 5314010.791501861], [410957.36634928494, 5314014.190411491]]]}}, {"type": "Feature", "properties": {"landuse": "allotments"}, "geometry": {"type": "Polygon", "coordinates": [[[410952.5906050397, 5314008.038805244], [410957.6603605328, 5314004.725342224], [410962.21082900144, 5314010.791501861], [410957.36634928494, 5314014.190411491], [410952.5906050397, 5314008.038805244]]]}}, {"type": "Feature", "properties": {"landuse": "allotments"}, "geometry": {"type": "Polygon", "coordinates": [[[410966.1844524523, 5314172.114751227], [410970.9948923537, 5314167.971535596], [410964.11270967603, 5314161.24107393], [410958.7408902069, 5314164.803781861], [410966.1844524523, 5314172.114751227]]]}}, {"type": "Feature", "properties": {"landuse": "allotments"}, "geometry": {"type": "Polygon", "coordinates": [[[411050.64950347313, 5314047.532970101], [411058.1161985285, 5314040.880822357], [411061.1698188164, 5314044.291004778], [411053.7029531822, 5314050.93203432], [411050.64950347313, 5314047.532970101]]]}}, {"type": "Feature", "properties": {"landuse": "allotments"}, "geometry": {"type": "Polygon", "coordinates": [[[410965.5087512188, 5314096.585544619], [410975.7224210736, 5314087.522882787], [410980.72101211594, 5314093.12632947], [410970.507344967, 5314102.188982535], [410965.5087512188, 5314096.585544619]]]}}, {"type": "Feature", "properties": {"landuse": "allotments"}, "geometry": {"type": "Polygon", "coordinates": [[[411017.8342458653, 5314080.901880071], [411016.44477608847, 5314079.38922317], [411025.94724540017, 5314070.671157393], [411016.1837965655, 5314060.09424364], [411019.4739622348, 5314057.0751541555], [411037.444590745, 5314076.552170535], [411033.0063241128, 5314080.633989024], [411028.9899367909, 5314076.271529755], [411024.205718248, 5314080.6699773595], [411020.64320767764, 5314083.937847641], [411017.8342458653, 5314080.901880071]]]}}, {"type": "Feature", "properties": {"landuse": "allotments"}, "geometry": {"type": "Polygon", "coordinates": [[[410980.07686029153, 5314090.090249052], [410971.31943655526, 5314079.886943066], [410973.2644387842, 5314078.222666873], [410977.49877545075, 5314083.159798598], [410980.4974293558, 5314080.600989397], [410985.02051439777, 5314085.867168903], [410980.07686029153, 5314090.090249052]]]}}, {"type": "Feature", "properties": {"landuse": "allotments"}, "geometry": {"type": "Polygon", "coordinates": [[[410987.5657768719, 5314211.827279459], [410969.99675523007, 5314195.134563129], [410974.6392800161, 5314190.271345746], [410992.21345851885, 5314207.297504819], [410987.5657768719, 5314211.827279459]]]}}, {"type": "Feature", "properties": {"landuse": "allotments"}, "geometry": {"type": "Polygon", "coordinates": [[[410997.5741183296, 5314225.702087978], [410991.4431159862, 5314218.304079539], [411009.0650880836, 5314204.6356575675], [411015.19745576, 5314212.122598837], [410997.5741183296, 5314225.702087978]]]}}, {"type": "Feature", "properties": {"landuse": "allotments"}, "geometry": {"type": "Polygon", "coordinates": [[[411090.8878698738, 5314307.648012262], [411088.2175572032, 5314302.464301192], [411091.4910763992, 5314300.79065622], [411094.16138679086, 5314305.974368767], [411090.8878698738, 5314307.648012262]]]}}, {"type": "Feature", "properties": {"landuse": "allotments"}, "geometry": {"type": "Polygon", "coordinates": [[[411079.33242118, 5314294.108227518], [411076.659280163, 5314290.191896834], [411071.2814287839, 5314293.843530712], [411073.95457194146, 5314297.759858946], [411079.33242118, 5314294.108227518]]]}}, {"type": "Feature", "properties": {"landuse": "allotments", "name": "Gartenfreunde Freiburg S\u00fcd e.V."}, "geometry": {"type": "Polygon", "coordinates": [[[412731.0334525448, 5315753.595035892], [412730.33309195534, 5315752.193816518], [412730.2530868441, 5315751.839289978], [412731.01688688406, 5315751.027287226], [412726.80826740153, 5315742.68677141], [412736.87442925025, 5315739.176767425], [412738.73554430576, 5315737.8923282325], [412736.34745844686, 5315723.131983139], [412731.44107645535, 5315714.546360262], [412726.5274298334, 5315705.482825559], [412722.3333580987, 5315697.119858082], [412718.7378028863, 5315689.348124254], [412714.01102076203, 5315679.814855271], [412707.82147633925, 5315683.065967171], [412698.4676222207, 5315688.277209684], [412694.2350295773, 5315690.164612822], [412676.3929397181, 5315699.595733449], [412657.7832303621, 5315709.583293183], [412655.35984711355, 5315710.698425626], [412636.89405948005, 5315722.295818525], [412640.8288627005, 5315729.795547006], [412644.9090927388, 5315738.026784202], [412649.45627948956, 5315746.53997262], [412653.45411372045, 5315754.261089774], [412657.5672268303, 5315762.202796947], [412662.92578636936, 5315772.549079346], [412671.30600813316, 5315771.543620371], [412682.5921556018, 5315769.749232915], [412682.89737923193, 5315769.70013243], [412686.2978414988, 5315770.026492558], [412687.6057903342, 5315771.140562697], [412690.42576398584, 5315770.097242125], [412708.2596930149, 5315762.600620264], [412723.2999415024, 5315756.402647126], [412728.9263854368, 5315753.916040231], [412731.0334525448, 5315753.595035892]]]}}, {"type": "Feature", "properties": {"landuse": "allotments"}, "geometry": {"type": "Polygon", "coordinates": [[[413774.63628934056, 5314248.238123266], [413772.4791469034, 5314225.825621396], [413774.6855077859, 5314225.614697014], [413772.9448926124, 5314207.587091307], [413788.4863227444, 5314206.098072755], [413790.2185940574, 5314224.070222798], [413785.84318504913, 5314224.491501505], [413788.0085709487, 5314246.959467456], [413774.63628934056, 5314248.238123266]]]}}, {"type": "Feature", "properties": {"landuse": "allotments"}, "geometry": {"type": "Polygon", "coordinates": [[[413786.80707249406, 5314193.161039164], [413784.3814676856, 5314182.225093376], [413791.11465387396, 5314180.734635287], [413793.54041280044, 5314191.6816980485], [413786.80707249406, 5314193.161039164]]]}}, {"type": "Feature", "properties": {"landuse": "allotments"}, "geometry": {"type": "Polygon", "coordinates": [[[413774.97344143764, 5314198.496508176], [413772.20480742765, 5314184.097264501], [413779.58130329155, 5314182.697205953], [413782.3497527904, 5314197.085338628], [413774.97344143764, 5314198.496508176]]]}}, {"type": "Feature", "properties": {"landuse": "allotments"}, "geometry": {"type": "Polygon", "coordinates": [[[412224.56869756815, 5316828.691650389], [412238.65705643635, 5316843.451132235], [412257.6834226967, 5316826.340886674], [412243.38552063046, 5316810.561799122], [412224.56869756815, 5316828.691650389]]]}}, {"type": "Feature", "properties": {"landuse": "allotments"}, "geometry": {"type": "Polygon", "coordinates": [[[412350.4810927804, 5315642.397585656], [412350.7960141994, 5315641.025408687], [412350.2639354002, 5315639.410447858], [412364.0352763562, 5315632.219230713], [412384.2406075336, 5315621.66168577], [412396.33867648826, 5315615.3409168655], [412397.12258986477, 5315615.851473792], [412398.8109213445, 5315618.905145336], [412398.67202242994, 5315619.585391205], [412398.2480771869, 5315620.169925553], [412387.16133130074, 5315626.742094224], [412367.7392375179, 5315638.254868584], [412358.797316935, 5315643.549329404], [412351.92436966725, 5315647.489370612], [412349.8548371282, 5315643.907908972], [412350.4810927804, 5315642.397585656]]]}}, {"type": "Feature", "properties": {"landuse": "allotments"}, "geometry": {"type": "Polygon", "coordinates": [[[412488.5169841449, 5315577.363397257], [412498.1087782396, 5315571.603467463], [412504.3356625877, 5315567.862419553], [412502.3595001485, 5315563.545770468], [412498.5416145772, 5315555.410689504], [412494.98826560593, 5315547.004781769], [412491.06060513586, 5315536.069918392], [412487.81105970533, 5315525.0691578025], [412484.9170634237, 5315514.874523373], [412483.07858324406, 5315506.364717808], [412480.69483482116, 5315495.862167267], [412472.43021296186, 5315497.132939864], [412472.3264946391, 5315495.711555667], [412454.1006484772, 5315498.579110488], [412450.54786981054, 5315499.044500272], [412486.25427332637, 5315568.437601835], [412488.11758940795, 5315567.297568068], [412489.8545630523, 5315570.117070465], [412485.639889749, 5315572.693600888], [412488.5169841449, 5315577.363397257]]]}}, {"type": "Feature", "properties": {"landuse": "allotments"}, "geometry": {"type": "Polygon", "coordinates": [[[410349.1882802074, 5314313.662105993], [410362.0781847591, 5314314.039413762], [410368.1914233253, 5314349.007169246], [410356.13945472456, 5314350.184292844], [410349.1882802074, 5314313.662105993]]]}}, {"type": "Feature", "properties": {"landuse": "allotments"}, "geometry": {"type": "Polygon", "coordinates": [[[410303.9165279328, 5314312.321969886], [410315.51600886893, 5314352.040066348], [410259.3737537243, 5314353.904635736], [410249.4038363485, 5314309.569912029], [410303.9165279328, 5314312.321969886]]]}}, {"type": "Feature", "properties": {"landuse": "allotments"}, "geometry": {"type": "Polygon", "coordinates": [[[410224.4797630098, 5314309.6029034695], [410234.9929080484, 5314354.774007837], [410196.84076221625, 5314354.746654485], [410150.42866059276, 5314355.415469406], [410135.2521463147, 5314284.125673036], [410181.5918414411, 5314274.475351851], [410169.0960258816, 5314219.963655893], [410219.0805627535, 5314227.154590008], [410267.43297538033, 5314235.48309967], [410382.95260035124, 5314256.717565012], [410391.18499568984, 5314311.774079133], [410303.3446011712, 5314308.673394845], [410248.16071609186, 5314306.921220611], [410207.8183453056, 5314306.238688675], [410207.96252828307, 5314309.260260948], [410224.4797630098, 5314309.6029034695]]]}}, {"type": "Feature", "properties": {"landuse": "allotments"}, "geometry": {"type": "Polygon", "coordinates": [[[410551.48493304744, 5314351.869570244], [410498.812710978, 5314334.467735782], [410525.76234172005, 5314279.397647298], [410575.8132221127, 5314283.722441455], [410580.1804220267, 5314285.666758344], [410581.775836824, 5314288.8992431285], [410580.22325515177, 5314292.747603576], [410570.6576952712, 5314309.349350779], [410565.136624038, 5314320.096320957], [410556.6644896097, 5314339.804972592], [410551.48493304744, 5314351.869570244]]]}}, {"type": "Feature", "properties": {"landuse": "allotments", "name": "Kleingartenanlage Weingarten"}, "geometry": {"type": "Polygon", "coordinates": [[[410613.36581325665, 5316950.261548338], [410796.5420089917, 5316949.962913715], [410795.9626907017, 5316923.680176011], [410801.93065882375, 5316923.131804095], [410800.53972788656, 5316899.8410148425], [410758.01064796804, 5316898.900013452], [410757.9191299343, 5316925.215395912], [410733.24915105023, 5316925.020219009], [410725.4436115995, 5316924.952403176], [410724.479073409, 5316908.480849079], [410609.2998231438, 5316910.448008564], [410601.52268370043, 5316910.769014415], [410609.1873306302, 5316936.330175295], [410613.36581325665, 5316950.261548338]]]}}, {"type": "Feature", "properties": {"landuse": "allotments", "name": "Kleingartenanlagen Moosacker"}, "geometry": {"type": "Polygon", "coordinates": [[[409992.11523415986, 5315005.644091424], [409976.4885644075, 5315008.667810911], [409959.7755936192, 5315011.908678378], [409949.4694727133, 5315013.904269934], [409943.04025446676, 5315015.149945007], [409936.8492996121, 5315016.358546884], [409939.51811883284, 5315030.935654899], [409939.6482954491, 5315031.6228726], [409939.7800376834, 5315032.410118978], [409942.73074808565, 5315049.261805366], [409945.6658237582, 5315066.069269866], [409945.8213418734, 5315066.945080422], [409945.96887620294, 5315067.787664878], [409948.88187979907, 5315084.139678621], [409951.87627105834, 5315100.923983874], [409952.0399451282, 5315101.844135034], [409952.1453159008, 5315102.854134819], [409954.65251461044, 5315117.600534413], [409968.5603943423, 5315114.459119468], [409976.191192737, 5315112.738871829], [409987.0869611911, 5315110.27830073], [409994.9780650886, 5315108.498420982], [410009.295170803, 5315105.272885213], [410006.9144649197, 5315091.447199927], [410003.79577334557, 5315073.38635793], [409997.76296743145, 5315038.417648717], [409994.5859070656, 5315019.968629084], [409992.11523415986, 5315005.644091424]]]}}, {"type": "Feature", "properties": {"landuse": "allotments", "name": "Kleingartenanlagen Moosacker"}, "geometry": {"type": "Polygon", "coordinates": [[[410031.3865968228, 5315180.623179728], [410028.5010940855, 5315163.625912589], [410025.4099136006, 5315145.408991313], [410022.3921294062, 5315127.591136529], [410019.4409760587, 5315110.216921989], [410017.5217320063, 5315110.624914998], [410004.8196810628, 5315113.558360751], [409991.03950224817, 5315116.753274881], [409976.60478406027, 5315120.091867562], [409965.42740215303, 5315122.67915308], [409970.5544617824, 5315140.775254935], [409970.7755655827, 5315141.5499867], [409971.0362390868, 5315142.468620583], [409976.3456684372, 5315161.251128872], [409981.4681588317, 5315179.536300494], [409981.71390567225, 5315180.455168356], [409981.97457592975, 5315181.373802746], [409986.8982885621, 5315197.927833609], [409993.0111056611, 5315195.553215234], [409999.7543498473, 5315192.924167684], [410010.5407769043, 5315188.731092069], [410021.0304877618, 5315184.653847533], [410031.3865968228, 5315180.623179728]]]}}, {"type": "Feature", "properties": {"landuse": "allotments", "name": "Kleingartenanlagen Moosacker"}, "geometry": {"type": "Polygon", "coordinates": [[[409810.6318375512, 5315148.905028551], [409807.79558054096, 5315133.663572683], [409807.5838029104, 5315132.532955445], [409807.44510505314, 5315131.779171635], [409804.5926898845, 5315116.460151384], [409801.38978231174, 5315099.2567320755], [409801.17747975426, 5315098.092772209], [409800.9662225147, 5315096.995498135], [409797.79558263614, 5315079.947213326], [409794.658258622, 5315063.120748474], [409794.42199979327, 5315061.857111165], [409794.24215604085, 5315060.859398101], [409790.9579530883, 5315043.234811853], [409785.0887900664, 5315044.494118871], [409779.4278662374, 5315045.705698661], [409769.497047244, 5315047.829135643], [409765.92648004415, 5315048.596618968], [409759.8341669605, 5315049.903919676], [409750.62817923026, 5315051.604691777], [409750.0402567623, 5315051.713966604], [409753.29278283607, 5315068.738710352], [409753.42332978995, 5315069.448152742], [409753.68355200195, 5315070.811466053], [409757.0417790917, 5315088.390405509], [409760.212503198, 5315104.9606377445], [409760.4647377823, 5315106.290725532], [409760.6683663657, 5315107.377000959], [409763.87153381284, 5315124.113481777], [409766.80735494674, 5315139.508996207], [409766.95351981244, 5315140.262662091], [409767.21408494486, 5315141.648204674], [409770.3443108763, 5315158.018970839], [409780.5183886513, 5315155.713842704], [409789.94144776644, 5315153.587263116], [409799.6024194143, 5315151.401384267], [409810.6318375512, 5315148.905028551]]]}}, {"type": "Feature", "properties": {"landuse": "allotments", "name": "Kleingartenanlagen Moosacker"}, "geometry": {"type": "Polygon", "coordinates": [[[409957.6468735108, 5315143.923246944], [409952.3882457052, 5315126.007086828], [409952.22267652367, 5315125.442709967], [409940.85876936285, 5315128.032962984], [409931.50294957333, 5315130.169357169], [409920.8680552114, 5315132.603717052], [409911.4601907973, 5315134.752076065], [409902.56545706873, 5315136.781245313], [409910.31805113534, 5315159.049538401], [409917.71862712706, 5315180.289469221], [409925.2414769896, 5315201.238451902], [409931.87466934015, 5315219.711157165], [409943.3726257915, 5315215.206654671], [409954.86331197305, 5315210.713406485], [409966.28720801865, 5315206.2434609635], [409961.62475917017, 5315189.218442617], [409960.6484894202, 5315189.311539442], [409960.3657786873, 5315188.415484877], [409960.08324180206, 5315187.530544627], [409960.82713724155, 5315186.8963501025], [409955.2877009619, 5315166.772294566], [409949.87915194564, 5315148.814014609], [409949.0390830345, 5315148.549236873], [409948.75202001684, 5315147.375325415], [409948.50435324654, 5315146.334201636], [409957.6468735108, 5315143.923246944]]]}}, {"type": "Feature", "properties": {"landuse": "allotments", "name": "Kleingartenanlagen Moosacker"}, "geometry": {"type": "Polygon", "coordinates": [[[409868.2673450338, 5315157.095608812], [409875.5039743002, 5315175.959014449], [409875.7696862747, 5315176.7219271725], [409876.0643747302, 5315177.428800897], [409882.96652311744, 5315195.43032635], [409890.265539755, 5315214.470644269], [409890.5302038076, 5315215.166871875], [409890.82558493136, 5315215.918203547], [409897.828824917, 5315234.18497073], [409907.87119868427, 5315230.1478716], [409912.58846289595, 5315228.261933259], [409917.1424430703, 5315226.434140512], [409921.14010548266, 5315224.826284687], [409925.6644181779, 5315223.010080347], [409919.2464014186, 5315204.934225674], [409918.9263762627, 5315204.03875717], [409918.65320944705, 5315203.275959335], [409911.99304782343, 5315184.51464772], [409905.77224098996, 5315166.168910409], [409905.4896946965, 5315165.28397275], [409905.20906270295, 5315164.521292394], [409898.6440804128, 5315145.647334306], [409888.077670934, 5315149.592598938], [409878.1871641538, 5315153.327190058], [409868.2673450338, 5315157.095608812]]]}}, {"type": "Feature", "properties": {"landuse": "allotments", "name": "Kleingartenanlagen Moosacker"}, "geometry": {"type": "Polygon", "coordinates": [[[409851.6666068479, 5315032.177973746], [409838.5915057301, 5315034.6507129995], [409827.82334429503, 5315036.687115802], [409817.94835726486, 5315038.565018681], [409807.7235365809, 5315040.504007436], [409797.7664805211, 5315042.383231743], [409801.31232229027, 5315059.559038661], [409801.4989298293, 5315060.512177769], [409801.7285963802, 5315061.831503805], [409804.93267890427, 5315078.156659166], [409808.3882721901, 5315095.767449037], [409808.56689313304, 5315096.687362469], [409808.84289606754, 5315098.1060157055], [409812.1533539452, 5315115.029827003], [409815.0911102295, 5315130.080704088], [409815.28569813777, 5315131.067069623], [409815.5616981344, 5315132.485723213], [409818.43416980095, 5315147.181880301], [409827.65630936524, 5315145.091863485], [409837.927259477, 5315142.774202942], [409847.30558771675, 5315140.648419432], [409858.52835512126, 5315138.104659085], [409870.16031248786, 5315135.476691926], [409867.73938412557, 5315121.962961189], [409867.5916652233, 5315121.109264244], [409867.39534501306, 5315120.011754084], [409864.72132437944, 5315105.112361116], [409861.6209693874, 5315087.773902712], [409861.49824624974, 5315087.086569718], [409861.2772748909, 5315085.844924619], [409858.1772499059, 5315068.528696915], [409855.02825802966, 5315050.946429405], [409854.88123237924, 5315050.137190022], [409854.7173674726, 5315049.205927185], [409851.6666068479, 5315032.177973746]]]}}, {"type": "Feature", "properties": {"landuse": "allotments", "name": "Kleingartenanlagen Moosacker"}, "geometry": {"type": "Polygon", "coordinates": [[[409878.6281960469, 5315134.310169054], [409893.20599524723, 5315131.058023487], [409907.9474478036, 5315127.770001768], [409922.44337216625, 5315124.530330224], [409937.2815119345, 5315121.218636876], [409950.9816609967, 5315118.15824965], [409948.5332959529, 5315103.833377371], [409948.3770832091, 5315102.913109517], [409948.27068600396, 5315102.314455609], [409945.32068993436, 5315085.029191156], [409942.5359203233, 5315068.764108002], [409942.3878636351, 5315067.888180736], [409942.18566011614, 5315066.890813738], [409939.3238020028, 5315049.993268543], [409936.4643647811, 5315033.251325154], [409936.2751695153, 5315032.131467526], [409936.1441226652, 5315031.38867841], [409933.65420805704, 5315016.797654305], [409904.1793781536, 5315022.97324702], [409890.17845549504, 5315025.905045443], [409861.35081241257, 5315031.937320575], [409863.95965003636, 5315047.438051799], [409866.8718999257, 5315064.679404129], [409869.932376234, 5315082.807798017], [409872.9105571264, 5315100.448333512], [409875.5320971405, 5315117.716477954], [409878.6281960469, 5315134.310169054]]]}}, {"type": "Feature", "properties": {"landuse": "allotments", "name": "Kleingartenanlage Hardt"}, "geometry": {"type": "Polygon", "coordinates": [[[410477.3304857247, 5316645.781357948], [410449.16994425654, 5316637.137180538], [410442.8425178888, 5316513.514387023], [410463.25821748725, 5316494.353167732], [410497.25456990866, 5316480.46135371], [410496.23344546545, 5316483.412136988], [410497.25774217467, 5316494.090766123], [410501.57465720765, 5316494.345980246], [410525.4688704974, 5316495.87520931], [410539.19754409784, 5316525.066146474], [410542.58762248966, 5316608.691187305], [410539.7071657675, 5316610.11450336], [410507.7565372238, 5316616.848245615], [410477.3304857247, 5316645.781357948]]]}}, {"type": "Feature", "properties": {"landuse": "allotments", "name": "Kleingartenanlage Hardt"}, "geometry": {"type": "Polygon", "coordinates": [[[410441.0758056567, 5316763.7415944375], [410465.11263465846, 5316754.8516711425], [410486.15476085467, 5316737.159314492], [410497.0901336542, 5316700.036135845], [410482.35398693633, 5316659.7995432895], [410509.0865391203, 5316644.297701333], [410548.6307340756, 5316625.906383716], [410544.1982372274, 5316666.663608786], [410539.0542385194, 5316716.358875325], [410538.2631030461, 5316724.01969086], [410554.48045989184, 5316725.67955929], [410556.4352059732, 5316848.9591249665], [410571.69872788904, 5316848.3215280995], [410580.4333243788, 5316878.379524826], [410604.5543319045, 5316955.556820255], [410506.3692552723, 5316957.784403697], [410478.7025923951, 5316944.819029333], [410445.558623133, 5316937.564298187], [410447.2119110484, 5316906.221886509], [410438.9077321829, 5316861.204968453], [410441.0758056567, 5316763.7415944375]]]}}, {"type": "Feature", "properties": {"landuse": "cemetery", "name": "Friedhof St. Georgen"}, "geometry": {"type": "Polygon", "coordinates": [[[409488.1249878665, 5315050.480780726], [409473.95902770193, 5314975.541295767], [409471.30937192764, 5314974.5935654845], [409469.0884906323, 5314973.3833982535], [409467.8621560653, 5314972.290988427], [409467.1019640305, 5314971.413585528], [409466.3613599034, 5314970.358001818], [409465.544386499, 5314969.192449349], [409464.58954115637, 5314967.328692487], [409464.26232071524, 5314966.455594531], [409463.94093070255, 5314965.004318537], [409463.6841333644, 5314963.863303483], [409463.59633963404, 5314962.552873603], [409463.6742846132, 5314961.339889336], [409463.72710312775, 5314960.427460621], [409463.89896456874, 5314959.490924762], [409464.39472649863, 5314957.793333563], [409465.4276985355, 5314955.609257015], [409466.2591359877, 5314954.373300359], [409467.96911481355, 5314952.523200801], [409469.57695636014, 5314951.297263202], [409471.301100906, 5314950.347422383], [409473.424057145, 5314949.602531571], [409525.97179071733, 5314919.816168597], [409554.43063504086, 5314902.648745501], [409560.67066299764, 5314898.859809696], [409563.85213977075, 5314917.497547687], [409572.47544990183, 5314969.4231139915], [409575.8144451706, 5314984.789973667], [409590.8688708403, 5314981.9297924545], [409605.7165700858, 5315059.504667133], [409602.9060031954, 5315059.237545167], [409590.64799213596, 5315057.651413111], [409488.1249878665, 5315050.480780726]]]}}, {"type": "Feature", "properties": {"landuse": "cemetery", "name": "Friedhof St. Georgen"}, "geometry": {"type": "Polygon", "coordinates": [[[410014.1285596821, 5314991.0144204255], [409972.0171578469, 5314999.56623047], [409933.9460667036, 5315007.310268041], [409852.2863830613, 5315024.097303804], [409850.5435951122, 5315024.335832018], [409848.4974793839, 5315024.745868601], [409804.0832082651, 5315033.012609053], [409749.1395033702, 5315042.823353621], [409743.7443722644, 5315009.5902395435], [409743.5657042506, 5315008.19229633], [409743.38463000633, 5315007.116784738], [409740.78294948017, 5314992.094019496], [409736.5860223677, 5314968.636220167], [409747.72588133794, 5314969.828875009], [409753.20396437985, 5314914.124461097], [409766.3294409143, 5314913.896384628], [409824.1990430555, 5314910.198819333], [409826.51854866894, 5314931.518272728], [409867.8387030622, 5314928.6585994745], [409892.10876179405, 5314926.58869845], [409893.3485107629, 5314926.635986573], [409895.6707156415, 5314936.704993929], [409916.10847140517, 5314932.994301294], [409955.96980196825, 5314927.534484393], [409958.38356320723, 5314928.675116614], [409966.67134897783, 5314929.33474164], [409967.2638089757, 5314929.514460855], [409965.9507690649, 5314932.892344705], [409965.4185276211, 5314932.74503444], [409964.99167235935, 5314934.08575546], [409965.37362895056, 5314934.168715091], [409964.0059381791, 5314937.869848082], [409963.5111813489, 5314937.733068489], [409963.03278817656, 5314939.119064187], [409963.4605602813, 5314939.268008889], [409962.1544653716, 5314942.612434062], [409961.65918715514, 5314942.442311745], [409961.3102422243, 5314943.515005576], [409961.72395951586, 5314943.719755154], [409960.33180046635, 5314947.287867875], [409959.8059787237, 5314947.0737556005], [409958.95677884377, 5314949.566138832], [409959.4225561978, 5314949.758956571], [409956.51954910235, 5314956.941509159], [409963.85621845105, 5314959.783831159], [409963.4762088087, 5314960.77919187], [409964.5504095036, 5314961.218181122], [409964.7461453458, 5314960.84825682], [409968.0716498669, 5314962.063562629], [409967.95070804906, 5314962.443433547], [409969.181436766, 5314962.86885748], [409969.4977669515, 5314962.096833859], [409973.6565211002, 5314961.231340405], [409974.1077207226, 5314961.446621407], [409974.4698671713, 5314960.7405833565], [409978.26896994666, 5314962.648857326], [409978.8185220863, 5314961.517440993], [409978.2314411729, 5314961.204232332], [409979.66178701783, 5314957.691111737], [409980.2391457461, 5314957.859951441], [409981.2011533154, 5314955.421391811], [409980.62275111186, 5314955.185866236], [409981.958353875, 5314951.8187497435], [409982.36408614274, 5314951.990274641], [409982.95580435643, 5314950.691443884], [409982.489854045, 5314950.487509955], [409983.93321692967, 5314946.851899819], [409984.3545690542, 5314947.067648571], [409984.85935169656, 5314945.936933285], [409984.40121086896, 5314945.755111055], [409985.85828330857, 5314942.041467921], [409986.2947336762, 5314942.2680976475], [409986.784593045, 5314941.137616012], [409986.296603682, 5314940.956260555], [409987.6828830533, 5314937.488299767], [409988.1710465202, 5314937.680769638], [409988.7764747398, 5314936.303906013], [409988.26470796054, 5314936.033986208], [409989.62947291264, 5314932.621947609], [409990.20857237873, 5314932.901931289], [409990.8789001162, 5314931.379531524], [409990.2258752745, 5314931.145172226], [409991.88234528445, 5314927.295007626], [409992.4536353792, 5314927.552879669], [409993.0732945255, 5314926.131325914], [409995.8042802789, 5314927.511585879], [410009.19190859445, 5314933.071926336], [410014.1285596821, 5314991.0144204255]]]}}, {"type": "Feature", "properties": {"landuse": "cemetery", "name": "Friedhof St. Georgen"}, "geometry": {"type": "Polygon", "coordinates": [[[409519.99421969213, 5315072.246986423], [409511.02996861277, 5315086.940167969], [409525.2675808169, 5315118.06633767], [409537.88900785125, 5315111.442235875], [409569.4929455059, 5315098.316480448], [409612.67966729886, 5315080.373131396], [409609.2446741825, 5315072.18936724], [409597.6390337788, 5315072.694093064], [409595.3567426254, 5315072.796654246], [409592.9668416566, 5315072.700800434], [409590.45755030576, 5315072.606823576], [409528.78310727974, 5315072.030967606], [409527.3648231601, 5315072.019917158], [409526.1041126074, 5315072.0619745795], [409519.99421969213, 5315072.246986423]]]}}, {"type": "Feature", "properties": {"landuse": "cemetery", "name": "Friedhof St. Georgen"}, "geometry": {"type": "Polygon", "coordinates": [[[409715.4633842021, 5314897.7630304145], [409715.1882025814, 5314900.680009854], [409713.90129400184, 5314926.1693176115], [409708.74722677504, 5314925.916679889], [409708.5741754961, 5314934.390572605], [409706.7523841234, 5314934.352457638], [409705.87018160743, 5314952.809455512], [409704.2080263301, 5314952.479793659], [409685.1043338843, 5314950.823012532], [409685.43246811326, 5314948.427700292], [409685.9139522057, 5314945.340725175], [409688.81791292294, 5314945.372965579], [409688.617618465, 5314940.695838819], [409689.29643246945, 5314929.256876205], [409689.10790339595, 5314926.280470711], [409689.2626300661, 5314923.298677839], [409687.6565375617, 5314923.212715304], [409687.5936432169, 5314924.43657592], [409675.1863879147, 5314923.81978098], [409675.60824221617, 5314917.409748451], [409676.2284953803, 5314903.1924453685], [409676.40573759726, 5314899.74338333], [409676.47866937553, 5314898.208088137], [409676.5632106813, 5314896.461387115], [409690.71452846593, 5314896.439377373], [409696.47357814363, 5314896.715856433], [409698.4307462212, 5314896.8185461685], [409706.71478122583, 5314897.233283296], [409715.4633842021, 5314897.7630304145]]]}}]}