{"type": "FeatureCollection", "features": [{"type": "Feature", "properties": {"role": "unbuildable", "landuse": "cemetery", "name": "Friedhof Betzenhausen"}, "geometry": {"type": "Polygon", "coordinates": [[[411103.25467035617, 5318053.733957154], [411104.04553207656, 5318055.189172508], [411104.1333465462, 5318056.043824442], [411103.78066092794, 5318057.839117464], [411102.95836110675, 5318059.1747583775], [411101.28653819393, 5318060.568005187], [411100.31555728044, 5318060.972116811], [411098.7461133632, 5318060.785165329], [411097.42566675204, 5318059.816172508], [411095.13267512165, 5318063.008866945], [411098.2844250587, 5318065.661556993], [411101.20190136327, 5318064.260162185], [411113.07909070037, 5318053.72655685], [411118.84731932846, 5318049.501838604], [411121.6911224141, 5318046.711967345], [411100.47871328215, 5318024.250102881], [411073.32388632203, 5318002.480554493], [411069.79170898104, 5317997.421370546], [411065.3536812047, 5317994.566254362], [411051.4797570734, 5318014.424675698], [411065.40953824355, 5318031.929672169], [411077.1952011362, 5318047.789198507], [411081.6188725404, 5318048.754652594], [411084.76186375774, 5318044.570508067], [411087.597983471, 5318040.8024413055], [411099.3876646065, 5318049.691582287], [411100.98968524963, 5318047.643510796], [411104.61617466947, 5318050.12210745], [411102.30035255454, 5318052.803769261], [411103.25467035617, 5318053.733957154]]]}}, {"type": "Feature", "properties": {"role": "unbuildable", "landuse": "cemetery", "name": "Alter Friedhof"}, "geometry": {"type": "Polygon", "coordinates": [[[414894.95137810137, 5317120.510779474], [414889.98182219325, 5317122.985561947], [414880.2797702199, 5317127.8204629375], [414816.4983947205, 5317159.602987819], [414782.5265649781, 5317062.234049989], [414755.9537604422, 5317078.024687572], [414727.1818741623, 5317094.937510165], [414701.0413994893, 5317033.226757759], [414676.6977209925, 5316978.504157488], [414705.92203575786, 5316964.396937355], [414740.81468126865, 5316947.62672721], [414757.8758268547, 5316939.425282192], [414802.3031615422, 5316918.067405391], [414821.11393471377, 5316958.965349904], [414842.36111905286, 5316949.779458573], [414847.9019971571, 5316963.204311679], [414853.4735107821, 5316976.684300071], [414848.3109428654, 5316978.728418086], [414832.43708283023, 5316985.989316215], [414861.42016224057, 5317047.280569203], [414889.2053972309, 5317108.334001447], [414892.9660511175, 5317116.426949751], [414894.95137810137, 5317120.510779474]]]}}, {"type": "Feature", "properties": {"role": "built", "landuse": "construction", "name": "Baugebiet Kleineschholz"}, "geometry": {"type": "Polygon", "coordinates": [[[412719.8330544603, 5317402.2120508], [412762.4789763054, 5317378.708465457], [412790.8901725544, 5317363.058412711], [412793.5649931093, 5317357.414920365], [412780.7201002734, 5317333.463827908], [412770.81584775256, 5317315.004370144], [412762.9205646545, 5317310.94419619], [412753.3309742332, 5317293.069188715], [412743.03502834856, 5317273.882003103], [412739.4494662475, 5317267.199569461], [412730.41959376034, 5317250.327742031], [412723.38486048393, 5317237.105341054], [412720.3743721373, 5317231.448062261], [412711.07387546304, 5317213.957823983], [412699.58423891466, 5317191.842850699], [412697.6476789621, 5317188.1258542435], [412693.6742082753, 5317180.471048622], [412691.31473267317, 5317175.926707252], [412687.92298865225, 5317166.784523172], [412650.85639552923, 5317161.800145508], [412605.68945480563, 5317159.907331852], [412582.9669472748, 5317162.576169352], [412559.9911860373, 5317165.271182214], [412538.3198424471, 5317170.33658386], [412542.1275901054, 5317177.3823780175], [412544.209570835, 5317184.276551958], [412543.542373439, 5317190.93461755], [412541.02128769085, 5317196.864930746], [412538.1257933039, 5317201.233454626], [412529.7432176978, 5317207.831014351], [412540.27713326004, 5317219.554765899], [412543.7440761076, 5317223.326253227], [412572.18475964636, 5317255.232857864], [412575.23195170687, 5317258.38819818], [412592.51524252526, 5317276.334949313], [412605.4775560477, 5317289.789489034], [412607.5471331004, 5317291.948065542], [412623.37479937484, 5317308.3828949155], [412639.5890291638, 5317325.22321834], [412642.105580485, 5317327.8308090605], [412657.6903143973, 5317344.002613406], [412658.97146538494, 5317345.339415669], [412659.744597264, 5317346.139206311], [412676.6636006613, 5317363.71375697], [412686.3619820109, 5317361.2319185855], [412724.5890912774, 5317399.505146645], [412719.8330544603, 5317402.2120508]]]}}, {"type": "Feature", "properties": {"role": "built", "amenity": "hospital", "name": "Loretto-Krankenhaus"}, "geometry": {"type": "Polygon", "coordinates": [[[413379.7341425649, 5315001.741396676], [413394.60774730705, 5315049.253196285], [413405.1655852563, 5315088.225551779], [413413.01242524525, 5315104.7715976415], [413425.44538946426, 5315122.54931536], [413431.6290271098, 5315130.249176552], [413434.43398049363, 5315134.131217528], [413440.5936821209, 5315144.210450533], [413444.84236836265, 5315153.273455237], [413448.7561183632, 5315177.282526846], [413465.5865839878, 5315177.318410327], [413474.7235888452, 5315176.447286361], [413474.8379735475, 5315177.601716865], [413481.6458285395, 5315170.240050058], [413492.6916546688, 5315170.240715518], [413499.17116286064, 5315160.894094262], [413508.2155958844, 5315160.813711071], [413509.362326976, 5315141.275317703], [413507.8104779225, 5315125.423811246], [413504.62047556427, 5315106.350816782], [413502.18425387854, 5315104.653215071], [413500.5665455002, 5315103.287930901], [413498.8279792109, 5315077.500787624], [413495.96880212263, 5315056.110523793], [413494.76937834045, 5315019.520835935], [413493.9843075816, 5315015.953019793], [413487.6846470025, 5314996.070791383], [413483.65769593476, 5314981.90179743], [413472.92280243424, 5314958.428836421], [413469.80035465467, 5314942.867763029], [413468.83224683645, 5314935.5674479725], [413454.003855772, 5314936.690923423], [413430.5225334754, 5314936.65506097], [413408.05453584646, 5314936.503993361], [413383.7492405812, 5314937.759157407], [413357.2298445041, 5314938.692024393], [413362.5051523375, 5314960.401589685], [413368.2176168331, 5314975.456710183], [413379.7341425649, 5315001.741396676]]]}}, {"type": "Feature", "properties": {"role": "built", "landuse": "railway"}, "geometry": {"type": "Polygon", "coordinates": [[[413431.8820709474, 5316532.068724736], [413427.1244346427, 5316522.34638573], [413426.99360018765, 5316522.081550536], [413464.6708158466, 5316450.399977754], [413494.5547060211, 5316510.40388107], [413496.76784961787, 5316509.21443997], [413498.7146084592, 5316508.173525441], [413515.712198213, 5316538.933925673], [413516.96636519243, 5316544.929285139], [413518.30723716447, 5316548.255295587], [413520.0508516193, 5316548.095674326], [413520.0805241514, 5316548.0841112835], [413521.0886611355, 5316547.146252983], [413521.7414717615, 5316548.381524691], [413524.4345571244, 5316554.299664924], [413522.09655230417, 5316555.124117033], [413522.888273536, 5316557.6579722585], [413524.80073874287, 5316563.765720207], [413527.39529869915, 5316572.0643503405], [413534.70730749227, 5316584.449758756], [413535.4284197411, 5316585.761822999], [413536.6945917187, 5316585.609384606], [413537.61186934053, 5316584.583960196], [413537.8339944107, 5316584.469452189], [413538.4717591544, 5316584.704434846], [413539.24846938, 5316583.758941987], [413539.96646512684, 5316585.3600918725], [413541.08712605014, 5316586.944071497], [413545.2189246598, 5316592.77389088], [413548.24593067326, 5316598.075594648], [413546.75984394853, 5316604.445658722], [413548.4642717276, 5316608.133066724], [413549.4948402079, 5316607.69513445], [413552.6499378844, 5316614.07324983], [413551.9540601898, 5316614.439449433], [413557.46340886515, 5316624.550793201], [413558.9009814051, 5316624.384666316], [413561.6976811777, 5316622.308246411], [413567.51018488756, 5316632.237173118], [413571.3895155179, 5316637.159222406], [413572.0868975481, 5316638.382712743], [413572.9093149989, 5316639.982297163], [413566.98774962453, 5316643.150659833], [413574.5028414732, 5316657.145007293], [413575.79065336013, 5316656.447525983], [413578.3545370792, 5316661.2225951785], [413579.2190921168, 5316663.143936002], [413580.42612758465, 5316665.015663043], [413582.152506656, 5316668.180258274], [413590.8399876382, 5316684.725002037], [413599.2241348283, 5316700.451668034], [413625.1273885324, 5316748.954479809], [413630.9523485535, 5316759.728160055], [413656.89166580484, 5316807.685837615], [413680.3452808021, 5316851.12302568], [413681.3230972441, 5316850.652557212], [413691.7187824972, 5316869.195069591], [413688.71675137663, 5316871.007706504], [413700.0167536512, 5316892.638261717], [413703.5939390781, 5316899.321391569], [413699.0314047786, 5316906.526881882], [413668.42968464753, 5316916.224327338], [413659.54082823853, 5316901.138807196], [413624.6394352491, 5316911.690342253], [413621.59211153217, 5316906.511192568], [413613.68319897517, 5316892.100265317], [413613.18725488195, 5316892.363403303], [413608.56146210444, 5316883.928499778], [413598.61254340806, 5316864.845808874], [413591.92064612947, 5316852.484359714], [413585.1285737559, 5316839.913202846], [413578.40822868276, 5316827.151988933], [413564.9868816684, 5316801.929447471], [413559.02756291104, 5316791.157850662], [413557.96789937804, 5316789.1616275795], [413555.9263405651, 5316785.379233261], [413538.64983809844, 5316753.377832543], [413537.8975705583, 5316751.9773016665], [413532.7393123019, 5316743.8728494495], [413456.2551440345, 5316688.482990255], [413453.29941438325, 5316680.979121759], [413470.3460888781, 5316671.873586356], [413466.1204060732, 5316663.277133747], [413482.57190214685, 5316655.77030338], [413462.1884816378, 5316614.700032866], [413458.0572836847, 5316606.435669582], [413462.1690638249, 5316604.48393056], [413460.0761652817, 5316600.769041601], [413458.3739187079, 5316597.726403294], [413451.9324891659, 5316584.694325146], [413451.37085817364, 5316583.568857418], [413448.15548362676, 5316576.168950388], [413444.9620463898, 5316569.235622993], [413437.2626713881, 5316553.932419258], [413427.90178998315, 5316535.819436007], [413427.278295432, 5316534.550382505], [413431.8820709474, 5316532.068724736]]]}}, {"type": "Feature", "properties": {"role": "built", "landuse": "construction", "name": "Corps Hubertia"}, "geometry": {"type": "Polygon", "coordinates": [[[414207.54063864704, 5314882.918083327], [414210.48054270935, 5314896.881406125], [414187.6338882393, 5314901.368639801], [414185.1239118345, 5314887.2099299235], [414195.2229102806, 5314885.247289967], [414207.54063864704, 5314882.918083327]]]}}, {"type": "Feature", "properties": {"role": "built", "landuse": "construction", "name": "Klaraquartier"}, "geometry": {"type": "Polygon", "coordinates": [[[412821.5666955421, 5317500.242769862], [412813.5224254747, 5317507.001546303], [412800.23462366214, 5317493.173521311], [412799.6266335537, 5317492.437909472], [412789.7097333851, 5317480.993386455], [412815.4425148156, 5317458.969611338], [412801.6773770258, 5317443.681387291], [412822.1657829605, 5317424.127323735], [412826.3664460248, 5317420.217182307], [412868.80624624965, 5317382.109903845], [412842.127116407, 5317352.076176251], [412884.1179447877, 5317327.627395016], [412922.16145424463, 5317377.49961508], [412937.89702706924, 5317397.783123961], [412821.5666955421, 5317500.242769862]]]}}, {"type": "Feature", "properties": {"role": "built", "amenity": "university", "name": "Akademie im Universit\u00e4tsklinikum"}, "geometry": {"type": "Polygon", "coordinates": [[[413057.0835014696, 5317280.1637967145], [413087.9176727823, 5317251.482965163], [413080.5087478258, 5317243.557446526], [413075.74116791406, 5317247.987340422], [413071.8888099182, 5317243.86562852], [413072.4479660732, 5317243.345798053], [413068.98256632924, 5317239.651796716], [413039.18568193435, 5317267.360989066], [413042.3327653946, 5317270.726279905], [413045.5038865992, 5317267.787929864], [413049.416929005, 5317271.975408015], [413057.0835014696, 5317280.1637967145]]]}}, {"type": "Feature", "properties": {"role": "built", "landuse": "railway"}, "geometry": {"type": "Polygon", "coordinates": [[[413738.35332280817, 5317064.807829796], [413743.99775149475, 5317062.088463421], [413765.2701071836, 5317050.730372493], [413771.09058423876, 5317047.808289996], [413832.14912102825, 5317167.677572051], [413841.03689850576, 5317181.751724834], [413828.5005128231, 5317189.065487827], [413827.8882959952, 5317188.040795585], [413820.47204696876, 5317175.578784521], [413793.8531331044, 5317130.865614841], [413789.9249433487, 5317132.603152919], [413803.8118366593, 5317170.581352984], [413811.0900547115, 5317196.229999685], [413808.6962694338, 5317197.299749036], [413804.5090537142, 5317199.174563465], [413802.73783347104, 5317199.968178288], [413799.75141399365, 5317200.324220159], [413788.64309956867, 5317205.348825799], [413769.87799381564, 5317132.12556881], [413738.35332280817, 5317064.807829796]]]}}, {"type": "Feature", "properties": {"role": "built", "landuse": "railway"}, "geometry": {"type": "Polygon", "coordinates": [[[414097.85770365177, 5317531.747129883], [414088.67415132, 5317537.742927222], [414082.3456547919, 5317529.110773116], [414059.09507894184, 5317495.385142129], [414054.9637315675, 5317493.501449996], [414052.3606928407, 5317490.04967252], [414051.8265143567, 5317486.255696796], [414040.3306293, 5317471.8200244475], [414016.06268185296, 5317441.433705287], [413978.7142979177, 5317387.975606884], [413978.1120810484, 5317387.117502715], [413973.9958551771, 5317384.755615571], [413964.33101118426, 5317371.059753604], [413934.53516702435, 5317333.775099399], [413886.2155185981, 5317272.166400407], [413870.8669077064, 5317251.607782464], [413860.6259588093, 5317235.841863606], [413832.3325790539, 5317194.855524089], [413828.5005128231, 5317189.065487827], [413841.03689850576, 5317181.751724834], [413867.186004667, 5317219.546340256], [413874.21706326, 5317229.712989854], [413918.0856304464, 5317290.487768883], [413931.9243582521, 5317309.37934703], [413947.22272502305, 5317327.104075524], [413950.50806234876, 5317332.268708385], [413965.9945222257, 5317351.602612155], [413986.38859979727, 5317377.333141137], [414005.1993824138, 5317402.464875812], [414026.34247673367, 5317428.417789905], [414036.2017485114, 5317444.15634333], [414052.29750543984, 5317465.86036199], [414066.5364442555, 5317483.13432098], [414072.32590925874, 5317494.131286087], [414083.249210914, 5317509.698377227], [414090.2307951181, 5317519.098952906], [414093.9402260209, 5317524.701999657], [414097.85770365177, 5317531.747129883]]]}}, {"type": "Feature", "properties": {"role": "built", "landuse": "railway"}, "geometry": {"type": "Polygon", "coordinates": [[[411461.6119733261, 5316087.1912023425], [411452.8007550381, 5316091.184421109], [411401.6806534211, 5316039.1326916525], [411394.7515918002, 5316034.514715135], [411365.86627229024, 5316002.65384946], [411304.6631348412, 5315935.138987687], [411294.06655892526, 5315927.409344252], [411136.7925677634, 5315760.191855029], [411063.4698823122, 5315681.438417873], [410963.37084178184, 5315574.896456901], [410923.64744889666, 5315532.622089578], [410797.06576303486, 5315398.289213204], [410790.68693685415, 5315391.695696967], [410787.4068962543, 5315384.720626219], [410764.1074911207, 5315356.3890347015], [410759.6384648128, 5315354.079318433], [410760.0537719076, 5315353.428091686], [410762.24420267483, 5315351.259655996], [410765.427459324, 5315348.141995957], [410767.2813871246, 5315346.412343735], [410790.51491184597, 5315369.5311063295], [410801.1702208611, 5315380.938672747], [410811.845340742, 5315391.701166029], [410920.11842704186, 5315505.695832526], [410976.0438842455, 5315565.306490928], [411021.6393598295, 5315614.293966575], [411198.4459990393, 5315804.419140964], [411307.59324728773, 5315920.930798781], [411430.9126832476, 5316054.27960196], [411461.6119733261, 5316087.1912023425]]]}}, {"type": "Feature", "properties": {"role": "built", "landuse": "railway"}, "geometry": {"type": "Polygon", "coordinates": [[[411969.3000576375, 5316627.730634079], [411977.529923962, 5316636.976245191], [411980.0293798358, 5316638.427659896], [412012.92813182756, 5316673.587368945], [412028.831998868, 5316692.342913635], [412026.88270789676, 5316694.173676066], [412024.40007826913, 5316696.746315945], [412021.8681016367, 5316699.01955456], [411984.21128917276, 5316658.640953442], [411979.4132747476, 5316655.212550934], [411969.08479558653, 5316644.865133115], [411968.5037956161, 5316642.0058561005], [411959.2137480953, 5316632.231757521], [411962.2596617849, 5316630.873330241], [411966.23193132377, 5316629.100514493], [411969.3000576375, 5316627.730634079]]]}}, {"type": "Feature", "properties": {"role": "built", "landuse": "railway"}, "geometry": {"type": "Polygon", "coordinates": [[[412171.6102448943, 5316861.0612015175], [412111.32081494806, 5316793.535342017], [412116.7784001019, 5316788.382613626], [412122.7407985591, 5316792.827207808], [412141.6076766499, 5316812.660581638], [412179.55587156746, 5316853.691613957], [412176.6999311174, 5316856.2476559905], [412173.94181586383, 5316858.857790147], [412171.6102448943, 5316861.0612015175]]]}}, {"type": "Feature", "properties": {"role": "built", "landuse": "railway"}, "geometry": {"type": "Polygon", "coordinates": [[[412952.40121861314, 5317671.317274715], [412970.5530751917, 5317692.097884555], [412980.4821034912, 5317702.419712501], [413107.54176028236, 5317838.558683874], [413117.8642426239, 5317838.9140476845], [413128.20601472806, 5317850.419389507], [413128.20647046156, 5317856.867184897], [413135.2282972625, 5317863.420103102], [413280.4290138891, 5318019.254579455], [413283.79473274114, 5318015.390711299], [413288.38251405297, 5318017.867275191], [413405.09423469356, 5318143.95218581], [413431.0261352568, 5318172.35433705], [413461.7692413664, 5318203.241049551], [413478.84378113964, 5318221.071195755], [413645.41791345016, 5318353.480790345], [413665.23862034, 5318360.531301853], [413648.0478004486, 5318380.077330774], [413634.3096321834, 5318395.5805733465], [413659.5196446611, 5318421.7600588], [413754.0113388163, 5318522.605586621], [413808.4510079766, 5318574.082733021], [413876.35982599354, 5318628.504599429], [413992.3925594258, 5318723.8617793005], [414001.5386745725, 5318731.451138815], [414039.4370894111, 5318763.90126882], [414073.42406399094, 5318798.666843153], [414163.18971488316, 5318895.098245315], [414259.2873346895, 5319025.209534692], [414340.03653130686, 5319138.1309939], [414352.1473750765, 5319155.059322762], [414384.76217502425, 5319190.61416198], [414393.5905169456, 5319186.469448721], [414398.09822676785, 5319184.668066922], [414409.4951082813, 5319179.718053262], [414415.75063351484, 5319177.590497523], [414424.1238703148, 5319201.978465803], [414440.1303207521, 5319232.122485275], [414455.9092720836, 5319254.510367086], [414448.04119304323, 5319259.530038451], [414452.8176307445, 5319265.261926343], [414457.4370005162, 5319269.962288554], [414513.58424973156, 5319328.8353357455], [414530.5128302134, 5319343.813599463], [414686.6261087649, 5319514.871984756], [414716.8488023842, 5319544.794545033], [414732.28657583415, 5319561.4074482005], [414742.1689914451, 5319572.033023614], [414749.7476552439, 5319580.19150577], [414776.2042238022, 5319608.647236541], [414856.99796014285, 5319693.593815763], [414858.7934372572, 5319695.990680379], [414848.9578737664, 5319704.096102091], [414858.16325747175, 5319713.853670542], [414866.35602594184, 5319706.106111828], [415018.1860524571, 5319871.755943928], [415019.0242684666, 5319880.025590025], [415019.3118961549, 5319882.833895719], [415019.8095291001, 5319887.740177647], [415020.1590447596, 5319891.203461468], [415027.48143072636, 5319909.315653963], [415028.2229881055, 5319925.168415393], [415013.2245688111, 5319915.952072387], [414988.58362679125, 5319897.640348183], [414999.43503059924, 5319884.617602922], [414925.52740630537, 5319806.604111795], [414847.08667973697, 5319724.767815561], [414844.6673362085, 5319727.071509849], [414835.5777399652, 5319717.579050713], [414838.00453989254, 5319715.27524212], [414755.72340950376, 5319626.082125501], [414754.96584040736, 5319626.793726686], [414753.48732265853, 5319628.171918649], [414750.41821073234, 5319624.882401291], [414748.4251500919, 5319622.744188216], [414740.16511491855, 5319613.895458201], [414736.2247022323, 5319609.68506227], [414726.9339624372, 5319599.728844288], [414717.9311360284, 5319590.079638905], [414719.43931451277, 5319588.689880824], [414719.954137489, 5319588.204214975], [414713.50518634345, 5319581.296322743], [414689.85139568173, 5319562.326395209], [414648.45047444425, 5319521.920070142], [414623.0968605279, 5319500.507716115], [414595.1461568492, 5319483.502995117], [414571.321647068, 5319475.174904469], [414547.82653308637, 5319469.443356293], [414535.70462204644, 5319467.733780565], [414520.20188037003, 5319467.864339137], [414487.2456309226, 5319471.345152294], [414483.8316229104, 5319468.950253449], [414481.4808464453, 5319466.839687025], [414495.74313342595, 5319464.037203482], [414525.01738040906, 5319462.200922897], [414550.4544050464, 5319464.612910405], [414587.2986256184, 5319473.836813411], [414590.78085523145, 5319472.295392202], [414527.1954897235, 5319433.653785022], [414499.45539903996, 5319417.813651902], [414460.71475378505, 5319395.456169674], [414369.4966331867, 5319348.34531706], [414371.3698217316, 5319346.927794396], [414372.45397141663, 5319345.610965426], [414463.7690505481, 5319392.220163273], [414500.4520623134, 5319411.117590251], [414598.7234362686, 5319468.286436271], [414605.4204580264, 5319465.77454436], [414469.25563641853, 5319313.898046245], [414449.3773078754, 5319287.658028791], [414433.93498931994, 5319272.346591262], [414358.4634412253, 5319209.037596856], [414315.0446018884, 5319170.675792062], [414273.0000519947, 5319136.985116451], [414171.2560025127, 5319039.663784641], [414096.2195948239, 5318958.464553943], [414103.42789436004, 5318951.708919537], [414074.1665991317, 5318924.154079054], [414003.47232097294, 5318847.215540413], [413999.24574302835, 5318844.388400636], [413892.0365787707, 5318729.444390487], [413854.4036959868, 5318690.398916648], [413846.93899991404, 5318685.030188869], [413762.2202747053, 5318596.943274904], [413748.6432171703, 5318582.906283995], [413711.56205677876, 5318541.985786346], [413705.8482773759, 5318537.502532145], [413700.5707712718, 5318537.237148244], [413696.20478066884, 5318537.569510558], [413674.8013374135, 5318544.783408232], [413671.74366643495, 5318546.307879519], [413668.6383572335, 5318550.123146302], [413665.87007824896, 5318553.533144448], [413660.508026749, 5318598.781597774], [413654.85113405006, 5318593.119149758], [413657.4581331561, 5318564.576289234], [413662.0275565405, 5318540.05049872], [413666.6198456944, 5318509.098811334], [413670.99711598817, 5318498.094049201], [413665.35077179334, 5318488.173664418], [413640.9302591038, 5318457.924633939], [413636.27000616334, 5318452.08047354], [413623.8370582276, 5318424.875297112], [413614.5690639782, 5318415.198372834], [413609.88127198844, 5318410.9999454925], [413605.42799693026, 5318407.020334506], [413603.78478032694, 5318406.378020726], [413599.70595308393, 5318399.024369226], [413590.6330438015, 5318407.78746332], [413585.0750766432, 5318406.73709948], [413572.02995041315, 5318391.425183678], [413555.93279457657, 5318373.557844243], [413474.73757687997, 5318286.744886474], [413462.8091353817, 5318274.295671334], [413460.28714347037, 5318268.797429281], [413449.73085101205, 5318256.3275815565], [413445.5049472791, 5318251.610950756], [413445.7788413132, 5318248.994357063], [413454.6543299622, 5318249.905704684], [413472.9769524525, 5318257.9897614205], [413473.7236800252, 5318256.555558882], [413451.12599175744, 5318238.508432632], [413430.02776678186, 5318224.440889752], [413398.92332638055, 5318208.689878913], [413385.2861454501, 5318204.148438569], [413371.447925304, 5318198.642890025], [413353.91707020736, 5318193.126333211], [413321.4499013931, 5318186.956804159], [413303.6313006432, 5318184.624170083], [413284.11030090635, 5318183.173273768], [413271.15007046395, 5318182.968595345], [413253.6683999804, 5318182.698774958], [413230.4065534009, 5318184.96197551], [413212.2735413841, 5318188.982120514], [413184.76921050344, 5318196.312169466], [413163.77584770357, 5318204.0553658735], [413162.6709361214, 5318201.526286428], [413161.5507722382, 5318198.975203785], [413188.4003143264, 5318189.287031068], [413212.67773106985, 5318182.650500648], [413241.54103342723, 5318178.368341261], [413272.31267406105, 5318176.469902016], [413302.60864008893, 5318179.136730186], [413320.5425606608, 5318181.2008170765], [413337.55664221983, 5318184.101477687], [413351.51359508646, 5318187.581881733], [413379.2730022223, 5318195.679041437], [413409.41088702076, 5318207.175622675], [413422.5471820176, 5318212.636248887], [413428.2417233603, 5318207.881387068], [413315.29257022985, 5318084.840915871], [413283.8050172419, 5318053.65491079], [413269.8990605339, 5318039.735126624], [413265.999072677, 5318034.391157591], [413234.0440388991, 5318001.922906017], [413219.10695861594, 5317983.460874365], [413109.82710184634, 5317867.850527695], [413107.1116455529, 5317870.3150559915], [413106.04239889304, 5317869.1639431445], [413101.68931384163, 5317864.460591836], [413096.5774626757, 5317858.912712308], [413099.11509887414, 5317856.528685424], [413095.5537390193, 5317849.423236507], [412941.87168133404, 5317684.405675522], [412932.35144922644, 5317684.827770409], [412917.3276939671, 5317666.178808415], [412919.3373756434, 5317664.892157264], [412705.8376638127, 5317430.750419634], [412696.83054719376, 5317420.281642418], [412479.5627700067, 5317188.283977059], [412470.5329717352, 5317178.827521841], [412458.2631038609, 5317165.80740781], [412448.93575567275, 5317154.94366567], [412360.50209602853, 5317061.941484792], [412311.3779456089, 5317008.061811024], [412302.9721423433, 5316999.440977336], [412297.0904555675, 5316993.416369729], [412247.6754117502, 5316940.10861352], [412188.0952474242, 5316878.363086761], [412190.6767068967, 5316875.9112937525], [412193.1627222728, 5316873.5610117195], [412196.38213345606, 5316870.37687984], [412201.93481217854, 5316876.339711254], [412310.9955395156, 5316994.238183885], [412319.1278840478, 5317003.029952698], [412360.7497857884, 5317047.3523022225], [412429.52143508306, 5317120.576733337], [412457.445240994, 5317150.311751578], [412457.987023842, 5317151.103921621], [412467.06774523936, 5317160.470647895], [412479.39675336774, 5317173.945673998], [412488.4076862312, 5317184.614174488], [412601.9052028087, 5317303.128505443], [412707.08410111675, 5317414.078356982], [412716.2756529084, 5317424.410947027], [412910.8715888388, 5317632.981463371], [412933.9284446533, 5317655.955513034], [412936.6113016726, 5317654.291815562], [412952.40121861314, 5317671.317274715]]]}}, {"type": "Feature", "properties": {"role": "built", "landuse": "railway"}, "geometry": {"type": "Polygon", "coordinates": [[[411675.1110788111, 5314448.497239429], [411675.73201502004, 5314444.696841494], [411676.4077069056, 5314440.573212785], [411676.9330373161, 5314437.352361948], [411912.4423300401, 5314476.298273379], [411911.9277153136, 5314479.252129689], [411911.2487990535, 5314483.175671578], [411910.80353798904, 5314485.783842474], [411722.5702104991, 5314455.817696823], [411688.54528202146, 5314450.8146121], [411684.2637595354, 5314451.013717772], [411680.67792837066, 5314450.824174963], [411676.92182038893, 5314448.780722821], [411675.1110788111, 5314448.497239429]]]}}, {"type": "Feature", "properties": {"role": "built", "landuse": "railway"}, "geometry": {"type": "Polygon", "coordinates": [[[411653.9262573722, 5314445.042662782], [411652.03969221364, 5314444.682532152], [411649.2501075237, 5314445.792581354], [411644.53736261075, 5314445.131217153], [411642.7159473679, 5314443.180370201], [411577.1177102599, 5314431.470129582], [411573.728384959, 5314432.411559611], [411568.76695902005, 5314431.598441024], [411567.2879951777, 5314430.075914964], [411552.12536327954, 5314427.49634633], [411552.62077519874, 5314424.275942141], [411553.2467055861, 5314420.319815328], [411553.8795872306, 5314416.33023104], [411655.7556391323, 5314433.897663603], [411655.2230280471, 5314437.12974535], [411654.54718013486, 5314441.242262414], [411653.9262573722, 5314445.042662782]]]}}, {"type": "Feature", "properties": {"role": "built", "landuse": "railway"}, "geometry": {"type": "Polygon", "coordinates": [[[410688.4399482771, 5314273.580266418], [410683.3352374523, 5314272.692308396], [410640.5460008482, 5314265.863679162], [410640.8014637915, 5314264.04764702], [410636.8814004534, 5314263.497079548], [410636.6660567752, 5314265.01233083], [410629.60241887876, 5314263.921380486], [410629.2354917139, 5314266.250524624], [410628.9293453939, 5314268.167397141], [410628.31131642766, 5314272.112401022], [410628.1006768917, 5314273.449708174], [410627.5642649054, 5314276.882064246], [410633.0483821663, 5314277.686262833], [410648.6221720228, 5314280.245932994], [410656.6580332891, 5314281.455217037], [410656.6173967297, 5314281.722655078], [410666.2469917425, 5314283.174019122], [410667.9000875393, 5314283.392933169], [410669.7848780416, 5314283.630485378], [410672.95639175765, 5314284.048172348], [410677.5715213646, 5314284.654678163], [410677.3996110586, 5314285.60228834], [410682.8040347294, 5314286.563408273], [410682.9688279588, 5314285.638142663], [410690.95782619994, 5314286.714797859], [410700.91537741816, 5314288.616925823], [410777.75989988423, 5314302.777637263], [410780.68440559716, 5314307.968388555], [410959.8984492946, 5314340.467036678], [411022.3610114539, 5314348.594661076], [411129.68316285865, 5314365.757391055], [411148.705024622, 5314364.930074665], [411203.867810347, 5314372.649860771], [411316.2177940467, 5314391.1280840365], [411320.61486775393, 5314392.127553879], [411322.48148940684, 5314389.252856701], [411327.35635046376, 5314390.256086631], [411419.5474742524, 5314406.056491344], [411491.37522649276, 5314417.991534816], [411493.1914031892, 5314419.5977913635], [411497.7286740333, 5314420.495186623], [411500.75437353074, 5314419.6927065505], [411544.8898029678, 5314426.362457903], [411545.41506179224, 5314423.141594241], [411546.67386424146, 5314415.195881459], [411373.93061359826, 5314386.581568239], [411337.0625918732, 5314380.234707872], [411335.1830747662, 5314380.819510617], [411315.37111261697, 5314376.388960554], [411267.8990670575, 5314368.316075168], [411256.3879105188, 5314365.358589072], [411252.6776934284, 5314366.305156487], [411155.34439222596, 5314350.6423583], [411014.48727143515, 5314326.960529805], [410899.4252048329, 5314308.48565268], [410826.56604952796, 5314296.173693134], [410827.23490257154, 5314290.682669468], [410777.55567940394, 5314283.826385224], [410776.15959014185, 5314282.36947282], [410767.8754566147, 5314279.107234275], [410763.2574045416, 5314278.311713206], [410750.87189858285, 5314277.247549378], [410722.44966465485, 5314264.470303165], [410711.1069021402, 5314259.410175676], [410669.36513266887, 5314253.220981156], [410667.537195603, 5314262.898880047], [410689.74278435676, 5314265.177857317], [410688.4399482771, 5314273.580266418]]]}}, {"type": "Feature", "properties": {"role": "built", "landuse": "railway"}, "geometry": {"type": "Polygon", "coordinates": [[[413108.55230073584, 5318233.593740487], [413094.03657342464, 5318220.295025337], [413178.2928376085, 5318130.03095584], [413240.7736098056, 5318063.76469094], [413250.37798084854, 5318052.647364379], [413252.4876020406, 5318054.527634779], [413254.1662478176, 5318056.0253180815], [413248.87527040526, 5318061.819248963], [413226.3208034629, 5318086.761368663], [413196.6571542967, 5318119.581646394], [413142.6864010383, 5318179.272025568], [413135.5384897409, 5318187.550963616], [413111.9570312772, 5318215.054855459], [413117.26616276905, 5318220.844332948], [413138.6735843839, 5318209.904154069], [413145.29881035443, 5318206.0354115125], [413146.4269418672, 5318208.619721506], [413147.56454538665, 5318211.337291456], [413144.548853829, 5318211.694131742], [413129.20138577325, 5318219.863527226], [413117.420675112, 5318227.612194362], [413108.55230073584, 5318233.593740487]]]}}, {"type": "Feature", "properties": {"role": "built", "landuse": "railway"}, "geometry": {"type": "Polygon", "coordinates": [[[413725.158769876, 5317497.640571668], [413736.24464163044, 5317506.078680954], [413746.33251489175, 5317492.253592262], [413751.0259265663, 5317496.785563594], [413741.4271090796, 5317509.891827543], [413736.15847376187, 5317517.241303564], [413726.11390254635, 5317528.975792455], [413657.6184155235, 5317605.82106683], [413589.7299651504, 5317681.735391702], [413549.89818253135, 5317725.745610613], [413376.25441438437, 5317920.114564558], [413303.2213263675, 5318004.114201656], [413301.8151913044, 5318002.879199585], [413299.84165702376, 5318001.119144519], [413298.0345451705, 5317999.512216556], [413294.2134231222, 5317996.92402902], [413331.4697004702, 5317957.497553303], [413349.7511554238, 5317929.618723378], [413386.6665613025, 5317887.318495861], [413396.3149118936, 5317877.101237118], [413583.6722512745, 5317665.351237709], [413682.82981417974, 5317554.860753285], [413690.7617439071, 5317542.54647175], [413697.51901413396, 5317523.046106507], [413707.51638621645, 5317519.1051964825], [413725.158769876, 5317497.640571668]]]}}, {"type": "Feature", "properties": {"role": "built", "landuse": "railway"}, "geometry": {"type": "Polygon", "coordinates": [[[413760.2751868042, 5317483.251002793], [413756.4435637458, 5317488.922491778], [413751.0259265663, 5317496.785563594], [413746.33251489175, 5317492.253592262], [413739.91287950857, 5317486.535785319], [413756.7912455963, 5317455.900200733], [413758.0770114251, 5317452.59032363], [413784.26577040204, 5317385.107316219], [413801.02995322814, 5317307.504878198], [413803.43403207586, 5317253.8744815355], [413801.7609198414, 5317232.844242094], [413799.89859540964, 5317215.118545595], [413804.8759955183, 5317213.698789835], [413807.39574396104, 5317212.571566184], [413811.6051611824, 5317210.685303936], [413813.5766074422, 5317209.810872593], [413816.61415816686, 5317203.906761991], [413821.70604865823, 5317237.503390526], [413821.80085333507, 5317255.277817523], [413821.80931887357, 5317277.744851254], [413820.0562674422, 5317310.610312766], [413812.0543408647, 5317360.600466803], [413808.6847146732, 5317377.192860301], [413800.46163359645, 5317402.9627246475], [413782.1403616873, 5317445.859466322], [413760.2751868042, 5317483.251002793]]]}}, {"type": "Feature", "properties": {"role": "built", "landuse": "railway"}, "geometry": {"type": "Polygon", "coordinates": [[[414002.3542947559, 5314636.130959613], [414001.96370045876, 5314647.453695018], [413995.78436633653, 5314654.505158465], [413989.80239112675, 5314661.776015157], [413984.2522369115, 5314668.473467261], [413929.3924239825, 5314624.604206725], [413878.06778948195, 5314591.076752124], [413829.2022724638, 5314565.294680211], [413779.2641088085, 5314546.16581609], [413717.35841878824, 5314530.38508553], [413656.4924995621, 5314520.748125022], [413615.79809106846, 5314521.281017219], [413571.21996874816, 5314523.150957366], [413568.5436761581, 5314512.44119051], [413572.04540136066, 5314512.010627687], [413571.35778036166, 5314504.4948701905], [413570.4728130435, 5314495.270087024], [413570.64885363454, 5314491.087520427], [413572.84277886234, 5314476.636061776], [413616.30312917277, 5314475.861253133], [413646.7243590832, 5314475.649266987], [413672.981075292, 5314476.967329273], [413718.5667957609, 5314483.531854929], [413779.0060619795, 5314497.555892218], [413784.9572115343, 5314500.190350616], [413816.27240972547, 5314513.82851781], [413848.4447482138, 5314529.388343376], [413857.66251704085, 5314533.841596345], [413866.2789449524, 5314538.014827315], [413867.7751310287, 5314538.737259295], [413873.6013744103, 5314542.507590407], [413878.8150300744, 5314542.7519520875], [413886.9082649497, 5314547.877970937], [413897.99336355523, 5314554.915792909], [413905.5062990759, 5314559.672548311], [413911.783570359, 5314563.658505295], [413923.8928319727, 5314571.803851408], [413926.6148781843, 5314573.641876115], [413928.823989243, 5314575.12071947], [413945.7552948029, 5314588.774623301], [413955.1617071624, 5314596.371260972], [413957.2680053983, 5314598.463075998], [413967.57786833396, 5314607.0800872035], [413984.8337058498, 5314621.485192033], [414002.3542947559, 5314636.130959613]]]}}, {"type": "Feature", "properties": {"role": "built", "landuse": "railway", "name": "H\u00f6llentalbahnbr\u00fccke"}, "geometry": {"type": "Polygon", "coordinates": [[[413185.1954927759, 5316055.171608252], [413181.8803383002, 5316057.022576488], [413178.0250949968, 5316059.181854199], [413176.1898086203, 5316060.198957546], [413174.11779845844, 5316061.353037178], [413170.6325683681, 5316063.306631159], [413169.55205266434, 5316063.901019127], [413167.93161508377, 5316064.814830133], [413167.2877487395, 5316065.1691727545], [413169.6342638363, 5316069.347042246], [413171.60531069303, 5316072.874685358], [413209.0266725418, 5316139.522481185], [413214.708809672, 5316149.642027268], [413216.6921082367, 5316148.544884224], [413217.5874428582, 5316148.042233591], [413218.74917350255, 5316147.391044613], [413222.49347029184, 5316145.30016769], [413224.8762822269, 5316143.974662909], [413226.35629851697, 5316143.151920782], [413230.4853583913, 5316140.844024243], [413232.63857664174, 5316139.633154938], [413188.5158241202, 5316061.08013524], [413185.1954927759, 5316055.171608252]]]}}, {"type": "Feature", "properties": {"role": "built", "landuse": "railway", "name": "Hauptbahnbr\u00fccke"}, "geometry": {"type": "Polygon", "coordinates": [[[413295.42586102104, 5316108.003816483], [413285.849473713, 5316094.97469925], [413253.11439299164, 5316035.7040463025], [413245.2677374906, 5316020.114262339], [413243.7495450659, 5316020.8819899885], [413241.8759263237, 5316021.832948657], [413237.92859563645, 5316023.826820884], [413234.27021909726, 5316025.682934913], [413230.27117241547, 5316027.710943228], [413226.1535973735, 5316029.796326789], [413224.15399266355, 5316030.80477629], [413220.14749240194, 5316032.832904296], [413244.21209354996, 5316070.845305167], [413276.5487425084, 5316130.422070489], [413277.64283627295, 5316129.738562899], [413279.58608241106, 5316128.953318064], [413283.24373546924, 5316127.052774603], [413286.21359949, 5316125.562809334], [413287.4792860474, 5316124.8767168075], [413291.4040132211, 5316122.872100699], [413295.22496662504, 5316120.913519076], [413297.3805509428, 5316119.85827498], [413300.8529655517, 5316117.549211472], [413295.42586102104, 5316108.003816483]]]}}, {"type": "Feature", "properties": {"role": "unbuildable", "landuse": "cemetery", "name": "Friedhof Haslach"}, "geometry": {"type": "Polygon", "coordinates": [[[411708.048284056, 5315891.335777369], [411699.7340053726, 5315896.132512957], [411691.01995976735, 5315899.679183788], [411688.66905321367, 5315900.637981141], [411675.03680967586, 5315902.214666899], [411660.36881371797, 5315901.4616164], [411646.5342520042, 5315901.040427159], [411632.14988136204, 5315904.663168058], [411625.31669973367, 5315906.7691942], [411623.9328958888, 5315909.958783425], [411620.45244690054, 5315913.169468944], [411596.80108888407, 5315922.226353345], [411581.9292862289, 5315896.074412041], [411558.9871611487, 5315854.671841004], [411545.0461002863, 5315829.861946334], [411682.9390597986, 5315769.479355392], [411694.1579727741, 5315773.042417956], [411705.4264135582, 5315776.916016097], [411725.40298320784, 5315826.935811054], [411734.56580161327, 5315846.3054355495], [411722.634771358, 5315856.627165756], [411697.6422832357, 5315863.903261131], [411708.048284056, 5315891.335777369]]]}}, {"type": "Feature", "properties": {"role": "built", "landuse": "construction"}, "geometry": {"type": "Polygon", "coordinates": [[[412459.8229411786, 5314865.663247326], [412474.4698089249, 5314859.959817484], [412506.19477998384, 5314844.980937104], [412549.2062558072, 5314827.1181804845], [412531.61925798183, 5314804.884928528], [412469.8575250199, 5314743.69183203], [412457.56186783675, 5314733.7180461325], [412412.02810200985, 5314697.213848511], [412387.3160686749, 5314678.191078639], [412308.7323837788, 5314785.343095459], [412397.54068195214, 5314844.321747306], [412411.13029001607, 5314856.932642143], [412419.8069141988, 5314868.940212422], [412440.9545909898, 5314859.302431762], [412451.86425248964, 5314862.082408824], [412459.8229411786, 5314865.663247326]]]}}, {"type": "Feature", "properties": {"role": "built", "amenity": "hospital", "name": "Sankt Elisabeth-Krankenhaus"}, "geometry": {"type": "Polygon", "coordinates": [[[414278.92803443095, 5315880.987240205], [414264.5763330824, 5315881.390111775], [414265.3426433796, 5315893.751694415], [414266.85102731956, 5315920.353961852], [414266.87997107726, 5315925.800765212], [414266.0882579269, 5315942.776810864], [414274.13768473006, 5315942.112120767], [414276.19731822796, 5316001.700856948], [414292.7343136737, 5316003.244236148], [414306.06810670183, 5316001.655976136], [414305.6851640623, 5315982.462959175], [414304.02661809826, 5315971.815535547], [414303.2594245982, 5315966.90222082], [414301.26011006476, 5315950.412435719], [414288.3915842252, 5315951.682500253], [414286.09666755295, 5315931.884316355], [414286.86710486433, 5315921.9899968635], [414290.5158473938, 5315895.422051264], [414292.379267017, 5315882.754480898], [414278.92803443095, 5315880.987240205]]]}}, {"type": "Feature", "properties": {"role": "built", "landuse": "construction", "name": "ehemals Kita Violett"}, "geometry": {"type": "Polygon", "coordinates": [[[411433.8936960931, 5316471.753423613], [411444.22385075147, 5316462.256105254], [411443.1956723379, 5316453.6340552475], [411455.5031446119, 5316451.399041399], [411474.5971870949, 5316484.311480097], [411446.2405223934, 5316499.700342302], [411438.61286947783, 5316491.835811454], [411433.8936960931, 5316471.753423613]]]}}, {"type": "Feature", "properties": {"role": "unbuildable", "landuse": "cemetery", "name": "J\u00fcdischer Friedhof"}, "geometry": {"type": "Polygon", "coordinates": [[[409519.99421969213, 5315072.246986423], [409511.02996861277, 5315086.940167969], [409525.2675808169, 5315118.06633767], [409537.88900785125, 5315111.442235875], [409569.4929455059, 5315098.316480448], [409612.67966729886, 5315080.373131396], [409609.2446741825, 5315072.18936724], [409597.6390337788, 5315072.694093064], [409595.3567426254, 5315072.796654246], [409592.9668416566, 5315072.700800434], [409590.45755030576, 5315072.606823576], [409528.78310727974, 5315072.030967606], [409527.3648231601, 5315072.019917158], [409526.1041126074, 5315072.0619745795], [409519.99421969213, 5315072.246986423]]]}}, {"type": "Feature", "properties": {"role": "built", "landuse": "education", "amenity": "university", "name": "Bundesarchiv Abt. Milit\u00e4rarchiv"}, "geometry": {"type": "Polygon", "coordinates": [[[412167.14729113464, 5314558.839094776], [412163.48033358966, 5314565.064938052], [412179.85681397386, 5314573.864151163], [412158.00959037314, 5314592.484879471], [412136.66471506655, 5314613.199118078], [412085.2406050835, 5314668.679633953], [412077.23983551277, 5314664.332877491], [412048.43296890997, 5314649.009319835], [412017.3079793019, 5314632.442900293], [411994.31771579094, 5314620.688139119], [412023.4338240031, 5314567.359851082], [412033.1819233696, 5314548.790133582], [412041.2834828206, 5314533.347215307], [412046.7449801904, 5314522.936145072], [412105.1989569542, 5314538.151446899], [412149.6523986524, 5314552.080263792], [412167.14729113464, 5314558.839094776]]]}}, {"type": "Feature", "properties": {"role": "built", "landuse": "railway"}, "geometry": {"type": "Polygon", "coordinates": [[[413699.0314047786, 5316906.526881882], [413668.42968464753, 5316916.224327338], [413672.12272064824, 5316924.161903821], [413702.3271437199, 5316981.46059996], [413712.2606553879, 5317001.043948715], [413733.61047493515, 5317043.0788306855], [413736.5879155426, 5317049.081731725], [413740.35790850624, 5317055.6952888], [413743.99775149475, 5317062.088463421], [413765.2701071836, 5317050.730372493], [413761.7024990353, 5317043.680207355], [413755.5129214064, 5317031.444448239], [413711.28858151473, 5316935.268995448], [413699.0314047786, 5316906.526881882]]]}}, {"type": "Feature", "properties": {"role": "built", "landuse": "railway"}, "geometry": {"type": "Polygon", "coordinates": [[[410380.84005704196, 5316491.345688031], [410384.6622355783, 5316496.244322227], [410387.0607415859, 5316501.720992647], [410375.3956861858, 5316508.761966288], [410370.6529490524, 5316511.826356087], [410358.66241053067, 5316521.4404699765], [410349.6298991933, 5316530.297009724], [410309.8916263343, 5316576.440819173], [410300.49807567603, 5316585.580997623], [410289.4968561017, 5316594.979727606], [410286.1667300053, 5316583.358793857], [410301.60010691814, 5316568.210128094], [410321.3275072817, 5316545.145926553], [410340.76896996994, 5316522.875564411], [410349.2338162408, 5316514.461423558], [410358.36192532117, 5316506.470521945], [410371.5589423352, 5316496.704202209], [410380.84005704196, 5316491.345688031]]]}}, {"type": "Feature", "properties": {"role": "built", "landuse": "railway"}, "geometry": {"type": "Polygon", "coordinates": [[[415430.8026966225, 5315252.12772697], [415467.57243635535, 5315256.100766778], [415498.6202498297, 5315260.235892567], [415516.33108120144, 5315263.8444218375], [415536.0928786837, 5315267.867564457], [415570.0245179923, 5315276.796513005], [415637.1205961924, 5315295.288788201], [415649.71699798555, 5315298.761501101], [415690.790007632, 5315309.698634284], [415693.6065409746, 5315309.390560549], [415717.59555944585, 5315315.175519592], [415748.0153137751, 5315320.288332875], [415775.6576719756, 5315324.308058576], [415802.37844623835, 5315327.062980633], [415812.5357540987, 5315326.558606984], [415837.4087129405, 5315326.461501042], [415859.1806426546, 5315327.121322958], [415879.67414926295, 5315325.076324572], [415900.9232143585, 5315322.642387019], [415948.0784193159, 5315313.182210524], [416433.55717330624, 5315196.499768381], [416597.5135982848, 5315157.202288515], [416601.08710233215, 5315158.651240276], [416657.1381435207, 5315144.888135114], [416708.8121553726, 5315131.3779271655], [416749.9178705852, 5315120.411174685], [416759.09282612195, 5315118.010630777], [416831.55269496376, 5315102.4444284905], [416857.9148664524, 5315096.371703412], [416889.7703722081, 5315088.252101325], [416945.8004220004, 5315072.946932787], [416973.07392492646, 5315063.2931421995], [417007.5949637849, 5315051.089278448], [417065.06983174296, 5315031.384491075], [417146.43746839295, 5315004.566159053], [417223.4876400909, 5314977.966740347], [417311.1660478314, 5314947.702772302], [417382.18040362024, 5314922.192756992], [417463.00190319214, 5314894.56419389], [417467.13990333263, 5314893.226428183], [417485.9591856541, 5314883.596332569], [417504.7885445712, 5314877.267792365], [417507.69851940114, 5314876.169994753], [417534.1930593116, 5314867.2415453475], [417529.19877137634, 5314854.662409665], [417554.2521275995, 5314845.154414542], [417555.16850300285, 5314848.165005067], [417593.38006431377, 5314837.601573918], [417599.84026358195, 5314845.190642174], [417672.624615491, 5314818.024791945], [417708.70763187663, 5314806.29199752], [417708.98185572756, 5314808.244599239], [417755.0808635913, 5314789.698906583], [418237.94564951, 5314623.494843517], [418271.50683535496, 5314611.145593957], [418325.0831187883, 5314590.686368259], [418365.7034648867, 5314575.035920295], [418394.99490258866, 5314563.1481731385], [418432.6699107699, 5314547.150895363], [418467.9056269271, 5314531.766490177], [418534.8410881582, 5314500.570384201], [418585.2566437555, 5314477.623801532], [418612.6597230849, 5314464.618897393], [418648.24525941146, 5314446.985131429], [418695.6013466554, 5314424.560801619], [418784.1942890447, 5314383.434804839], [418833.5401190158, 5314360.183168403], [418890.1518545959, 5314333.427896943], [418936.68361457385, 5314309.5831859065], [418950.10680405155, 5314301.81265171], [418973.2017589364, 5314287.013720212], [418990.79574197927, 5314274.871348984], [419018.5414940369, 5314252.670230818], [419069.576473642, 5314208.731274413], [419091.0056309219, 5314190.610183502], [419108.6527943762, 5314177.433603266], [419113.286580284, 5314174.133567958], [419123.2491224566, 5314167.056848834], [419135.50879945594, 5314158.780636774], [419162.0524347666, 5314142.322143518], [419178.82974966394, 5314133.093254567], [419196.75306299736, 5314125.2045427915], [419198.17037643277, 5314124.606585598], [419199.04349448206, 5314126.71758398], [419200.0553141736, 5314129.137897958], [419181.8015106231, 5314137.94279548], [419164.46872962394, 5314148.013217051], [419152.8588264256, 5314155.257517739], [419126.71843075485, 5314171.721506216], [419111.843013717, 5314181.890960416], [419093.89702956437, 5314195.049498736], [419072.94003358856, 5314212.77486141], [419022.3966293086, 5314256.10657908], [419003.218383146, 5314271.839554383], [418993.41434202564, 5314279.547902395], [418977.0414440801, 5314291.472977409], [418958.66593819315, 5314303.2373191], [418954.04956776573, 5314306.170393379], [418939.5046774661, 5314314.3235632675], [418892.89257878123, 5314338.291666557], [418835.6293380683, 5314365.422946421], [418786.5863770206, 5314388.447961082], [418698.5691408914, 5314429.110011045], [418650.049943642, 5314452.15105266], [418598.7618385422, 5314476.7657640865], [418581.9352114312, 5314485.541316257], [418571.1760594804, 5314490.040119515], [418566.552168409, 5314492.417792555], [418538.3102200103, 5314505.201349419], [418475.2582893955, 5314534.975061099], [418435.408826002, 5314552.392445171], [418397.9688050214, 5314568.642054846], [418367.3657432987, 5314580.670675664], [418327.4683369906, 5314596.244153165], [418274.1404512525, 5314616.321866594], [418240.5370433312, 5314628.8495667], [418172.37086241913, 5314654.119307609], [417761.65096718643, 5314803.945428611], [417754.40911981737, 5314810.5854968075], [417514.34071729047, 5314892.805289841], [417484.4933567841, 5314904.727819384], [417483.98149315844, 5314901.822604467], [417463.62447475095, 5314908.82900895], [417311.97025291086, 5314959.519312427], [417218.539770177, 5314995.11307819], [417225.4393984044, 5314984.975494137], [417187.48230325466, 5314998.072344377], [417010.6296243511, 5315059.683144426], [416977.7057816454, 5315070.852329661], [416951.06471514294, 5315079.852204785], [416895.3962556315, 5315095.385550764], [416858.34645056893, 5315103.513478085], [416831.73496795096, 5315110.923804948], [416747.6135553216, 5315130.3383471295], [416516.24688957736, 5315185.527796104], [416329.50104698504, 5315230.595057688], [416043.3371912424, 5315299.3851067405], [415948.4096136545, 5315322.059621778], [415930.2572194092, 5315325.481987001], [415918.1617423188, 5315327.67086727], [415861.18852503336, 5315335.818578147], [415836.4147214581, 5315336.058649164], [415811.13528779446, 5315335.405771818], [415777.3114142785, 5315332.765904403], [415757.972500504, 5315330.581126777], [415716.45141711395, 5315322.151347171], [415524.0860571073, 5315271.012010505], [415480.192480961, 5315262.185197866], [415443.9941160396, 5315258.492716466], [415363.9469065933, 5315253.099697991], [415140.90793986735, 5315241.855427922], [415106.50446448853, 5315239.961733932], [415072.7457686865, 5315237.258321264], [415057.48884546926, 5315235.093446409], [415040.9188974361, 5315231.447238622], [415020.56431198964, 5315226.233929666], [415019.7670870335, 5315232.89352359], [415014.50343544857, 5315231.2370571615], [415008.05059500283, 5315229.409177401], [414975.57742964535, 5315214.214341502], [414973.3002975943, 5315213.147433932], [414941.6161687081, 5315198.330211267], [414895.8924110339, 5315175.372121723], [414720.8796924972, 5315087.884297878], [414715.2791832888, 5315088.189643321], [414654.40895126195, 5315059.610532604], [414591.96673335234, 5315029.754721899], [414573.5412819935, 5315063.567556337], [414535.6682342565, 5315043.741811154], [414497.7394911189, 5315024.70642759], [414487.2250069133, 5315019.793430528], [414466.60242264403, 5315009.694648998], [414440.4609613272, 5314995.86494562], [414450.522254425, 5314976.816821811], [414459.0634705603, 5314958.936343802], [414335.99049856135, 5314899.914024162], [414237.7129722341, 5314846.627779982], [414245.35472613684, 5314833.529483481], [414340.1536564649, 5314879.752903553], [414478.7893785314, 5314924.258936279], [414482.46005341725, 5314923.659659275], [414549.61499899783, 5314946.073914048], [414571.5745877294, 5314948.193535006], [414608.23155916505, 5314962.990560007], [414648.1200858095, 5314980.808105592], [414693.01083300955, 5315010.835784499], [414689.62659949635, 5315014.643427005], [414751.10592214356, 5315053.585833064], [414778.86095996626, 5315074.641151891], [414826.8742405534, 5315113.528119361], [414891.8104198194, 5315154.210607813], [414918.5105846885, 5315171.124513026], [414921.1398219247, 5315174.298377004], [414948.74580106715, 5315188.886738512], [414976.626968353, 5315202.915324638], [414992.58959118417, 5315209.39397927], [415013.5412258711, 5315216.6216215445], [415035.59039503685, 5315223.37734411], [415059.0165385492, 5315229.379115348], [415076.6394642265, 5315232.5651627155], [415107.44831414777, 5315235.645625317], [415139.9309926831, 5315236.84506703], [415247.3873082119, 5315242.487051284], [415357.188745928, 5315248.263286054], [415430.8026966225, 5315252.12772697]]]}}, {"type": "Feature", "properties": {"role": "built", "landuse": "railway"}, "geometry": {"type": "Polygon", "coordinates": [[[410343.30016139353, 5316177.36352969], [410348.1429922928, 5316193.630061721], [410351.82471201126, 5316197.163474037], [410357.54353219375, 5316205.000777023], [410371.52181893436, 5316252.508299785], [410387.04440391925, 5316303.838281109], [410392.4097136636, 5316321.564153301], [410395.4561481526, 5316331.266317154], [410403.72619159496, 5316349.602850522], [410410.8256591328, 5316361.776566071], [410430.7765603556, 5316388.446834619], [410432.04871781834, 5316390.116809784], [410455.9842170078, 5316411.522345845], [410475.5454597543, 5316425.64771633], [410497.168544402, 5316436.09468317], [410508.7481250638, 5316440.805979907], [410524.80759798305, 5316444.736114083], [410532.03744368994, 5316445.168375912], [410513.55484039, 5316451.436874368], [410508.34948272276, 5316454.030313393], [410502.52104532084, 5316458.301005378], [410499.05058744206, 5316461.134264699], [410492.84245934174, 5316464.021248626], [410465.608801769, 5316469.91471993], [410441.8721322835, 5316473.719451816], [410437.23540074966, 5316474.97005993], [410431.1258555482, 5316477.955629776], [410421.91108000267, 5316479.433187536], [410414.9875676636, 5316481.419803871], [410409.02971102187, 5316483.124577549], [410400.4781709468, 5316485.503434235], [410396.33989479253, 5316486.657374232], [410389.83863668365, 5316489.882549193], [410380.84005704196, 5316491.345688031], [410384.6622355783, 5316496.244322227], [410387.0607415859, 5316501.720992647], [410394.4561631377, 5316497.937148716], [410407.5209653004, 5316491.174569469], [410424.44951657765, 5316486.230618514], [410437.54909741227, 5316483.614215825], [410454.78136557265, 5316481.40041237], [410472.2034752298, 5316478.438865559], [410495.40092636744, 5316471.151907314], [410506.0051493532, 5316467.373859182], [410513.45071509806, 5316465.8461455675], [410517.35275051324, 5316464.37357306], [410520.1095678335, 5316463.152277907], [410522.81451160077, 5316461.95402517], [410525.5051051399, 5316459.833284816], [410544.9922381613, 5316452.904413208], [410568.0223275835, 5316444.919984865], [410617.06407285784, 5316427.2931065], [410623.9131461767, 5316424.829862677], [410648.35255169694, 5316416.768276972], [410648.6179375411, 5316417.520110497], [410650.0277650462, 5316417.009059903], [410693.83784306434, 5316401.220614511], [410732.58011312736, 5316387.267650334], [410732.27622876555, 5316386.438591761], [410731.87868216296, 5316385.344178892], [410736.06327635446, 5316383.800670403], [410739.8868088901, 5316382.551810548], [410747.1619897187, 5316381.093750648], [410753.6465629189, 5316381.58232601], [410758.1371541419, 5316382.446474646], [410760.67913165747, 5316382.762776962], [410760.2388469358, 5316384.2037014], [410767.625868633, 5316387.068444981], [410767.9187119652, 5316387.186188598], [410771.8525778633, 5316389.682067128], [410775.15508537646, 5316392.365614765], [410778.6786693596, 5316396.313072603], [410779.0377449738, 5316396.852235286], [410783.02521794435, 5316402.804676288], [410788.3556644649, 5316410.670646361], [410799.31074386067, 5316429.977711313], [410823.95416927914, 5316472.118074975], [410828.1045018234, 5316469.3300595945], [410829.80325596, 5316468.203138522], [410798.6838263155, 5316413.6120955385], [410794.5417528998, 5316406.350236287], [410785.5170763755, 5316392.193756858], [410780.92493414256, 5316386.706490906], [410774.2977992494, 5316380.394789076], [410764.69222136406, 5316374.9741968205], [410761.0413947867, 5316373.407759263], [410765.1094463337, 5316371.565921654], [410769.68272419873, 5316369.582844759], [410779.2166226248, 5316364.6101635685], [410791.7390707847, 5316358.434976496], [410798.78895625443, 5316354.957184043], [410832.7708185982, 5316335.698117147], [410842.6513742382, 5316329.975331526], [410861.403579896, 5316319.39034051], [410901.90952654637, 5316300.730958576], [410941.39812644, 5316285.267080857], [410980.2171424326, 5316271.848252117], [411014.34586094413, 5316261.048042606], [411062.2646156341, 5316248.311657448], [411084.6378762424, 5316243.118743658], [411137.39457693207, 5316230.041398439], [411143.58674026816, 5316228.500527851], [411151.46615200216, 5316227.011419297], [411153.01361672685, 5316226.70959107], [411157.62943212304, 5316226.015741992], [411179.3751433464, 5316219.799016139], [411186.66487165756, 5316219.264005292], [411236.87817040196, 5316202.369269433], [411238.6227885545, 5316201.78649776], [411248.5412646793, 5316197.998195588], [411281.85256380914, 5316185.911527724], [411311.78750600154, 5316174.077221591], [411322.0164216983, 5316169.606127296], [411394.6913756259, 5316137.180771349], [411412.68618719146, 5316129.64422326], [411438.33267550817, 5316119.86657695], [411442.11590272095, 5316117.918445534], [411464.5523480288, 5316107.567792612], [411462.8977271425, 5316105.758963225], [411459.99073347496, 5316102.579792282], [411458.1767012893, 5316100.595546688], [411437.99755682424, 5316109.733070544], [411430.06022610795, 5316113.290426185], [411391.4981228664, 5316130.437499318], [411323.6766231328, 5316160.642491374], [411288.99106927746, 5316175.084668374], [411258.1715595549, 5316186.654817781], [411246.54616649187, 5316189.60231725], [411234.4777877414, 5316190.922482245], [411182.3165449141, 5316207.80284762], [411177.2546449728, 5316209.57079463], [411145.9809293874, 5316219.247568172], [411143.8643364682, 5316219.90281666], [411118.44930635154, 5316227.699404403], [411074.75036323257, 5316238.2800782565], [411050.12038700085, 5316243.752503257], [411013.9750436941, 5316253.961143843], [410977.75537386467, 5316265.627490772], [410944.7170340298, 5316277.444917046], [410944.2643645354, 5316277.607563768], [410916.83744681696, 5316288.448912978], [410905.9275723506, 5316292.764536302], [410870.1938673267, 5316308.31499359], [410853.9715225126, 5316315.547878328], [410814.1964364742, 5316338.976580719], [410803.30702141684, 5316345.081923035], [410796.74267666123, 5316349.074677851], [410775.6558581359, 5316359.22918903], [410762.48766740994, 5316365.6256536255], [410756.4694364233, 5316368.742856747], [410735.16774898354, 5316377.5445805155], [410733.68394642306, 5316374.732774485], [410644.2828197987, 5316406.970719186], [410614.31046096154, 5316419.12043197], [410590.76726834127, 5316428.669027938], [410557.00931166706, 5316439.210345328], [410539.76362671144, 5316439.611973429], [410526.8725214126, 5316437.411228989], [410521.0485252407, 5316435.734229678], [410512.62494828436, 5316433.875342942], [410505.17399441847, 5316431.2231427], [410495.8312172912, 5316426.399223531], [410487.38655819156, 5316422.228362014], [410477.31066686276, 5316415.370351172], [410469.6257628462, 5316409.675774973], [410463.7751152011, 5316405.331163366], [410451.0938199607, 5316394.567216484], [410441.5576750838, 5316384.999427072], [410426.9563402401, 5316366.90596347], [410414.44104016514, 5316347.6461066855], [410409.4048553996, 5316337.630299635], [410405.58846797445, 5316328.318101469], [410402.7486552084, 5316319.424256341], [410398.5745896263, 5316307.271677646], [410393.24592591077, 5316288.544697731], [410389.0093381935, 5316271.42379236], [410382.3968120554, 5316250.282197424], [410374.55096028233, 5316225.179934912], [410367.8437872153, 5316203.717436608], [410359.1773937412, 5316190.134093855], [410347.343124892, 5316180.613383082], [410343.30016139353, 5316177.36352969]]]}}, {"type": "Feature", "properties": {"role": "built", "landuse": "railway"}, "geometry": {"type": "Polygon", "coordinates": [[[414776.1747398346, 5315773.959128834], [414762.4780488648, 5315783.8336577695], [414756.5888886271, 5315789.290326591], [414746.0687849403, 5315798.995540704], [414730.3659642817, 5315813.479994585], [414709.5229050608, 5315829.563703908], [414692.36303768784, 5315838.878333353], [414622.62153577065, 5315865.7039564755], [414590.0811648356, 5315876.981417428], [414590.50071363716, 5315878.097983644], [414589.6324246132, 5315878.422145915], [414555.02163432975, 5315891.475886907], [414547.0405928456, 5315894.74049442], [414543.8509036619, 5315897.033471095], [414540.78273541224, 5315899.469162524], [414538.5831224525, 5315902.603426203], [414535.89963062736, 5315907.323464322], [414533.8173411342, 5315914.335747148], [414532.6052365154, 5315914.12030383], [414530.3005636721, 5315913.6987586245], [414532.5896620605, 5315905.538372139], [414531.3469754157, 5315903.767032609], [414520.58439803123, 5315910.674847569], [414515.9207875054, 5315907.687033072], [414514.62482384837, 5315906.850299327], [414520.2857647977, 5315902.630727767], [414528.7362349077, 5315897.813873316], [414536.27260455966, 5315891.743298455], [414550.25194784853, 5315885.365802342], [414573.0421239151, 5315876.823114118], [414609.5942750124, 5315862.328834751], [414689.08030560554, 5315832.89060407], [414702.7753333364, 5315825.939631294], [414724.5366386327, 5315810.887262504], [414756.48741888034, 5315780.932013378], [414771.3756866083, 5315767.871534493], [414791.53099963407, 5315755.711353319], [414798.1385153481, 5315752.900991916], [414848.8077575482, 5315731.117816164], [414859.7951917901, 5315727.253303947], [414862.96077643544, 5315727.350971428], [414866.15191497473, 5315728.671107283], [414917.4667490941, 5315708.124073326], [414939.0144918217, 5315700.7685064385], [414969.9985915057, 5315691.128000287], [414993.63606012316, 5315684.786729756], [415020.5650372008, 5315678.474751757], [415047.61986142537, 5315673.606221848], [415080.8286566433, 5315665.011794794], [415138.99476344755, 5315648.96797985], [415159.4079201855, 5315642.574913089], [415185.43805050617, 5315630.9520484395], [415201.6972963496, 5315624.742662471], [415209.2953329367, 5315622.78528913], [415216.67658512795, 5315621.309141162], [415233.0587740038, 5315620.40072341], [415246.9757446841, 5315620.840447018], [415260.0145259572, 5315620.937404082], [415272.1612229784, 5315622.281488333], [415286.8338236556, 5315624.87794494], [415324.4087720361, 5315633.006934593], [415325.88465628, 5315633.396530761], [415332.10760850785, 5315635.361537669], [415340.9027245961, 5315637.6666674735], [415356.27515961125, 5315639.141326014], [415387.1474360469, 5315641.6219885405], [415411.9923416493, 5315643.257632242], [415429.07430078, 5315644.774048412], [415452.21342450706, 5315647.135296454], [415492.1969643517, 5315649.07130077], [415522.8082528629, 5315651.067385558], [415550.69528667326, 5315651.513930463], [415576.3584275751, 5315649.925533976], [415618.384219199, 5315642.538855876], [415636.14507997554, 5315637.431472853], [415685.85668270924, 5315628.965430631], [415710.51732001593, 5315628.726336111], [415804.4604574971, 5315607.007057037], [415852.1588894323, 5315595.059046179], [415870.1526662017, 5315589.526552877], [415885.90766446665, 5315584.50486884], [415903.88265773637, 5315577.683218497], [415910.18807032134, 5315575.089788152], [415919.64936716907, 5315571.416385369], [415926.1398602194, 5315568.720217469], [415936.50983276294, 5315565.945134014], [415951.6572350279, 5315563.767273442], [415960.27890386514, 5315562.385131401], [415966.99718348926, 5315561.997958836], [415973.9871559759, 5315562.329412064], [415978.1586025327, 5315563.335690438], [415979.9189591672, 5315564.299367797], [415981.2181903101, 5315565.881199301], [415981.74226740684, 5315567.0185666215], [415981.94293998805, 5315570.028264558], [415981.8922005585, 5315572.6858995], [415980.9419043309, 5315575.067637627], [415979.482622717, 5315576.834273791], [415976.18223370565, 5315579.261452925], [415941.7313519157, 5315584.678316246], [415908.6483758164, 5315591.264880782], [415887.1778272232, 5315595.836464804], [415867.0547820025, 5315598.142846121], [415857.17911948974, 5315601.033111222], [415812.67531451426, 5315611.48915664], [415807.8942597497, 5315612.681913758], [415793.3372204384, 5315617.45282904], [415785.95406853623, 5315619.317346502], [415758.7667857191, 5315624.87355856], [415704.89140365575, 5315637.957835009], [415688.582724853, 5315641.843114719], [415688.1227456185, 5315642.027723734], [415640.57703955047, 5315650.0951358825], [415611.4987648827, 5315652.88948203], [415583.3209365371, 5315656.526750919], [415560.43349297054, 5315658.0854910975], [415522.2708015912, 5315657.156132421], [415491.90264224214, 5315656.468254771], [415450.88484543783, 5315654.736438963], [415387.010760027, 5315650.595210172], [415361.2000883081, 5315649.763172743], [415349.6735599347, 5315648.465360698], [415333.70986148843, 5315646.365767778], [415323.5914311359, 5315644.402512869], [415322.1321076045, 5315644.123841049], [415315.1465616885, 5315642.570273788], [415311.20443821535, 5315641.939067678], [415310.90720648796, 5315642.532630914], [415302.12183648435, 5315640.383037773], [415297.27512090723, 5315639.642875243], [415287.61388872983, 5315638.829093049], [415288.17673219694, 5315636.508521433], [415282.02294662036, 5315635.187314454], [415280.2709999125, 5315634.8017949555], [415279.0429648069, 5315634.519727826], [415275.43412420934, 5315633.716886521], [415270.0357016213, 5315632.506851837], [415257.6528674938, 5315628.809500255], [415245.41826306144, 5315628.589533717], [415231.3689577674, 5315629.29678963], [415212.6833453171, 5315631.8955572825], [415201.18481646344, 5315634.02158775], [415189.0235482, 5315638.269594899], [415163.5042452605, 5315649.106738123], [415137.9341296867, 5315655.9871817725], [415114.0247679704, 5315662.632016427], [415049.49135951814, 5315680.57102753], [415046.5333644457, 5315681.392882418], [415014.8709446575, 5315690.0869508665], [415005.4104128416, 5315691.238345602], [414995.78417070786, 5315691.780782596], [414941.8551223945, 5315707.15199572], [414915.5348167767, 5315716.256771172], [414877.29596411425, 5315732.363715067], [414869.5551465149, 5315735.2463388415], [414852.4260886657, 5315741.636308202], [414801.92945496726, 5315760.960090906], [414796.4108523107, 5315762.720459635], [414776.1747398346, 5315773.959128834]]]}}, {"type": "Feature", "properties": {"role": "built", "amenity": "university", "name": "Katholische Akademie"}, "geometry": {"type": "Polygon", "coordinates": [[[414894.48041444155, 5316627.899413698], [414910.70626467554, 5316656.963166084], [414913.41905862046, 5316654.733022218], [414917.73941796244, 5316658.782313626], [414918.7406250414, 5316657.867041736], [414920.71491450863, 5316659.6832201155], [414919.95488575374, 5316660.761675416], [414936.8446661722, 5316677.220357657], [414932.3085997738, 5316681.789751576], [414928.8642473209, 5316685.5092408955], [414912.303517374, 5316669.101297346], [414910.3940797547, 5316671.163920585], [414901.3311760953, 5316662.771445952], [414888.0587882821, 5316638.666562114], [414886.6141659711, 5316639.3660660805], [414884.91368268314, 5316636.389700806], [414886.4584657163, 5316635.399677616], [414885.21987916913, 5316633.3836366935], [414869.2304793565, 5316638.956360794], [414866.40965442505, 5316633.38414002], [414863.8579790339, 5316628.352658699], [414867.50686297845, 5316626.353204943], [414866.1877468695, 5316623.938155659], [414873.05071741785, 5316619.801171377], [414874.3291855329, 5316622.494743508], [414878.70485994243, 5316620.195502794], [414887.581439669, 5316616.495637968], [414894.48041444155, 5316627.899413698]]]}}, {"type": "Feature", "properties": {"role": "built", "landuse": "construction"}, "geometry": {"type": "Polygon", "coordinates": [[[414010.55099572195, 5316318.371033916], [414008.6705696614, 5316314.875113876], [413989.8038461011, 5316279.739009816], [413992.15230128064, 5316292.07691928], [413994.35466347635, 5316303.627719567], [413995.87435266376, 5316311.442358119], [413996.5208431089, 5316314.256365092], [413988.1344608657, 5316315.804727138], [413988.3115497819, 5316316.66919139], [413986.994583527, 5316316.92233948], [413987.96824035054, 5316321.654664075], [413989.28553796594, 5316321.423744879], [413989.47058539337, 5316322.321440631], [413988.1451629391, 5316322.508013984], [413989.08681657596, 5316327.0962986], [413990.43594822043, 5316326.998305499], [413990.62116153055, 5316327.907115635], [413989.29607275623, 5316328.115917424], [413990.2700585842, 5316332.870471129], [413991.57922868914, 5316332.595206616], [413991.80406945123, 5316333.6590597825], [413990.4710231713, 5316333.834629852], [413991.4692160401, 5316338.711106857], [413992.79413622187, 5316338.491191194], [413992.963098896, 5316339.311309792], [413991.63784649054, 5316339.508996735], [413992.64416256495, 5316344.429819771], [413993.9529977161, 5316344.132327081], [413994.1382100303, 5316345.041137339], [413992.844794026, 5316345.371749901], [413993.81081582175, 5316350.0930727925], [413995.11964972556, 5316349.795580348], [413995.28115163924, 5316350.615810576], [413993.9719855159, 5316350.8910743], [413994.95392315136, 5316355.678860339], [413996.2222973135, 5316355.170753404], [413996.43984254624, 5316356.245832664], [413995.12238651974, 5316356.465635985], [413996.10465483065, 5316361.275650925], [413997.3975688069, 5316360.91169602], [413997.59073887614, 5316361.853737875], [413996.2651591718, 5316362.029195134], [413997.30330304615, 5316367.082944955], [413998.57250580646, 5316366.630410213], [413998.75771681295, 5316367.539220635], [413997.4482220402, 5316367.792254935], [413998.4784053314, 5316372.812773512], [413999.79552531615, 5316372.570742224], [413999.98852849, 5316373.501669825], [413998.6637823875, 5316373.73269828], [413999.6614642098, 5316378.575833809], [414000.9707904045, 5316378.3116856385], [414001.1394186014, 5316379.109575812], [413999.80638268206, 5316379.285143853], [414000.8203125214, 5316384.2169712465], [414002.13742995984, 5316383.974940461], [414002.27455552644, 5316384.662133428], [414000.9813142939, 5316385.003858627], [414001.9954085069, 5316389.94680059], [414003.32844199566, 5316389.771233023], [414003.44152513606, 5316390.347617228], [414002.11595189007, 5316390.523073222], [414003.1303767202, 5316395.488244087], [414004.45528411155, 5316395.26833094], [414004.6482859211, 5316396.19925871], [414011.05413627997, 5316394.447074514], [414005.6960699877, 5316369.958995999], [414004.4539633715, 5316363.2407703865], [414006.4905538659, 5316357.718607224], [414007.9177946296, 5316353.861962662], [413997.85396576446, 5316343.029012955], [414004.22041788325, 5316336.6416951595], [414024.6996102869, 5316356.86830789], [414028.23810442176, 5316353.480366527], [414026.8038943878, 5316352.379005466], [414026.83352091303, 5316350.8666742835], [414028.12707179843, 5316349.546669862], [414029.20613748033, 5316349.352671171], [414036.54852448293, 5316341.361096105], [414034.44886241277, 5316340.169627722], [414032.4770192357, 5316339.042950538], [414023.4574586757, 5316348.149050823], [414005.5512031143, 5316328.82890214], [414010.55099572195, 5316318.371033916]]]}}, {"type": "Feature", "properties": {"role": "built", "amenity": "hospital", "name": "Sankt Josefskrankenhaus"}, "geometry": {"type": "Polygon", "coordinates": [[[414451.4318006777, 5317100.611998278], [414468.428950053, 5317113.24353623], [414483.93176418124, 5317160.348361123], [414480.10057385033, 5317161.094583631], [414482.40409443877, 5317169.497988111], [414483.2084159948, 5317171.90949196], [414484.4451363313, 5317175.804218647], [414485.95213579235, 5317185.331152316], [414361.0896056124, 5317219.406026976], [414325.4533810773, 5317087.44657992], [414313.65628281294, 5317044.78923985], [414326.85855956626, 5317041.046256678], [414338.0846351817, 5317037.866351027], [414351.5195041495, 5317034.20889498], [414357.4165648266, 5317053.9423554465], [414392.5238435427, 5317043.670131431], [414416.84818767814, 5317036.771361803], [414423.2864313563, 5317039.743784346], [414433.57296598697, 5317082.723959405], [414438.89639820944, 5317091.004592656], [414451.4318006777, 5317100.611998278]]]}}, {"type": "Feature", "properties": {"role": "built", "landuse": "railway"}, "geometry": {"type": "Polygon", "coordinates": [[[411362.8409616202, 5317016.768218803], [411349.10853493464, 5316998.603543802], [411347.69328890863, 5317000.693120489], [411345.35316351044, 5317003.28610373], [411344.0132098031, 5317004.451811272], [411357.39897879894, 5317023.844685913], [411365.57931136177, 5317034.201900824], [411373.00172406336, 5317041.858265368], [411381.93167466886, 5317049.057843768], [411390.51678114, 5317055.184402525], [411400.50790622516, 5317061.044736048], [411415.62417314254, 5317068.804951294], [411426.94656767836, 5317072.4547764715], [411444.492783368, 5317076.675789347], [411445.24908850784, 5317073.462452972], [411446.00573689194, 5317070.271345404], [411446.53060765046, 5317068.017633293], [411436.2278879519, 5317065.174721025], [411417.90008959186, 5317058.653441287], [411406.6205760447, 5317052.946331594], [411394.12178621674, 5317045.101337454], [411383.04942097084, 5317036.378379616], [411372.6518809499, 5317027.3893508725], [411362.8409616202, 5317016.768218803]]]}}, {"type": "Feature", "properties": {"role": "built", "landuse": "railway"}, "geometry": {"type": "Polygon", "coordinates": [[[411994.2112443627, 5317203.307094995], [411990.09376255714, 5317198.978921509], [411984.7649441376, 5317196.425770627], [411984.04359671735, 5317196.092186947], [411984.74518279854, 5317194.647361264], [411983.0170000121, 5317193.851160648], [411982.3631243496, 5317193.538778256], [411982.9791141216, 5317192.35095245], [411977.69436042674, 5317189.752665578], [411978.40036940767, 5317188.59681209], [411973.90398186166, 5317184.374502557], [411974.92514525366, 5317183.336110444], [411976.8230547798, 5317181.572812161], [411974.7092929091, 5317179.470716492], [411973.8985761038, 5317178.660473327], [411971.1412579963, 5317175.945681888], [411968.3625808694, 5317173.297920408], [411966.19067132357, 5317171.296770503], [411946.9980236336, 5317152.569542658], [411941.1436174925, 5317147.367528034], [411937.68803153967, 5317145.341579496], [411934.2387413614, 5317143.726863729], [411931.4864171501, 5317142.801843086], [411929.8038484569, 5317142.549689861], [411927.79239521717, 5317142.258106735], [411924.78600951645, 5317142.281921495], [411922.5874272688, 5317142.437884533], [411920.52988833166, 5317142.54722011], [411918.6953052014, 5317143.086702238], [411916.65087628807, 5317144.051843675], [411913.93481494894, 5317145.494186611], [411911.5859566275, 5317147.042075005], [411910.13727431546, 5317148.420536485], [411908.0476815327, 5317150.820459832], [411907.24825526937, 5317151.722063419], [411905.7994710751, 5317154.067702495], [411904.2941131635, 5317157.103459798], [411903.71209196304, 5317159.046726658], [411903.2841589858, 5317160.820878506], [411902.8037050921, 5317163.0627470985], [411902.55039810383, 5317165.034328714], [411902.4539034929, 5317167.014624746], [411902.6001547316, 5317168.768862568], [411902.9569644736, 5317170.631043924], [411903.50992508745, 5317172.634740448], [411904.29360745614, 5317174.601551284], [411904.94162957877, 5317175.992359089], [411905.87210960215, 5317177.801283725], [411906.7201650763, 5317179.10009145], [411907.8111689118, 5317180.673101058], [411910.60904629366, 5317183.598463672], [411913.159683418, 5317185.482621605], [411913.7667010647, 5317184.684018825], [411915.6081454985, 5317185.567399529], [411918.76600054034, 5317187.153217166], [411922.0806653512, 5317188.747751445], [411925.4287082572, 5317190.086086424], [411948.68475419027, 5317199.379426345], [411952.1749884294, 5317200.259804162], [411953.045373004, 5317198.145372557], [411957.0040821151, 5317197.462206684], [411960.219719561, 5317198.924875399], [411960.48362367455, 5317198.131531203], [411960.8470487408, 5317197.503417492], [411971.8164516787, 5317202.504854818], [411985.09755022055, 5317208.893896399], [411988.4211734949, 5317210.588383517], [411996.63178353367, 5317214.242476442], [411999.8635605647, 5317216.7610299215], [411999.4962456531, 5317217.622656558], [411997.78032766934, 5317221.039587612], [411996.94076197024, 5317222.731096427], [411998.8474414105, 5317223.491218276], [412000.7386919152, 5317224.218226032], [412009.5702962506, 5317228.963410715], [412019.65877114097, 5317234.4230954405], [412013.19874910614, 5317238.390642906], [412005.77932853054, 5317234.268624458], [411997.7987670823, 5317230.044034025], [411994.19999733893, 5317227.9201920675], [411993.51687790925, 5317229.109044245], [411992.732734298, 5317230.521781758], [411974.907796385, 5317221.678735617], [411953.48000993923, 5317211.912619344], [411948.22832986707, 5317209.525075217], [411945.17832667904, 5317208.1599293], [411933.13429007557, 5317203.141650567], [411905.18519813905, 5317192.864162248], [411880.8670316944, 5317184.376576308], [411857.0155910114, 5317177.138152736], [411813.21999665495, 5317165.447612422], [411777.971182886, 5317156.950233779], [411771.20768884034, 5317156.209119838], [411766.62460877554, 5317155.10104662], [411754.06750440167, 5317152.158763405], [411751.5671046846, 5317151.607938529], [411746.3360466146, 5317150.087381555], [411737.38220883184, 5317147.123182306], [411617.48416704603, 5317117.937389981], [411609.27266104484, 5317117.163136667], [411598.54579616955, 5317114.382042969], [411599.3627089689, 5317111.2233819775], [411600.18708195613, 5317108.064606453], [411600.7508425187, 5317105.910364692], [411621.6293195738, 5317110.936690872], [411756.7290102536, 5317144.24711008], [411772.6297565859, 5317147.749527489], [411778.149670188, 5317149.132272876], [411859.6431062042, 5317170.894614634], [411867.02881601633, 5317172.804692004], [411876.3093452131, 5317175.186001744], [411880.90086698195, 5317176.360733704], [411904.7675701177, 5317184.110401558], [411905.6228473909, 5317184.419689645], [411909.8279092335, 5317186.667592689], [411906.2847692552, 5317183.308970195], [411904.39424423076, 5317181.170128679], [411903.18150960817, 5317179.443347406], [411901.92449689406, 5317177.261449693], [411901.07722438267, 5317175.039923531], [411900.3728667492, 5317172.8940264685], [411899.89415580046, 5317170.866958679], [411899.53877669264, 5317167.637370332], [411899.67920939263, 5317163.655349467], [411900.42178985936, 5317159.530699343], [411901.31937779154, 5317156.270796764], [411902.33603948733, 5317153.9651279505], [411903.671572702, 5317151.532287453], [411904.57317985396, 5317149.99545157], [411906.5264632924, 5317147.464211819], [411910.21361505904, 5317144.150457338], [411914.65775514406, 5317141.547710896], [411919.7865043626, 5317139.801603299], [411923.50706778315, 5317139.155414232], [411928.9673529361, 5317139.082896297], [411933.55855083145, 5317140.235441771], [411939.01476075954, 5317142.819946935], [411944.8385666667, 5317146.510522896], [411949.27819522354, 5317150.433522352], [411968.28300249705, 5317169.074697925], [411970.25385586487, 5317171.101160569], [411972.421367604, 5317173.302484385], [411975.4372307404, 5317176.335710012], [411976.5056412515, 5317177.408815294], [411977.29415062413, 5317178.230515726], [411978.7119751084, 5317179.709599607], [412003.00045753823, 5317203.817361983], [412005.19032187713, 5317206.018355494], [412009.10772821406, 5317209.9493909795], [412011.27487053303, 5317212.128500516], [412011.63088962034, 5317212.478794876], [412027.9187225838, 5317228.627071354], [412032.7444471781, 5317233.41134717], [412030.7828082067, 5317235.397941112], [412026.6557299674, 5317231.414514813], [412009.6173769319, 5317214.488423661], [412009.3135713605, 5317214.137330409], [412007.05760041316, 5317212.004048763], [411995.8701216369, 5317201.525227519], [411994.7692894711, 5317202.720472569], [411994.2112443627, 5317203.307094995]]]}}, {"type": "Feature", "properties": {"role": "built", "landuse": "railway"}, "geometry": {"type": "Polygon", "coordinates": [[[411246.26786561357, 5316932.131740243], [411246.9658782087, 5316931.431714042], [411247.89324716, 5316930.605861246], [411227.7571472167, 5316917.1871987255], [411229.41802033974, 5316915.060449475], [411231.01244568505, 5316912.9791944185], [411231.82380570314, 5316911.888322254], [411232.84977532475, 5316910.682967569], [411253.5072852056, 5316926.461518635], [411271.9679163225, 5316938.649901684], [411285.0010965945, 5316947.253467572], [411300.8762694051, 5316957.7475789115], [411302.7153966568, 5316958.953195945], [411307.3232446258, 5316961.65025236], [411316.5837663859, 5316967.532831775], [411328.77929637546, 5316976.983185516], [411340.898730692, 5316986.823831672], [411349.04951227154, 5316994.2910656985], [411350.589545581, 5316996.424017814], [411349.10853493464, 5316998.603543802], [411347.69328890863, 5317000.693120489], [411345.35316351044, 5317003.28610373], [411344.0132098031, 5317004.451811272], [411333.9872573653, 5316992.955800086], [411318.3838092047, 5316978.299659822], [411301.6788527853, 5316965.761659832], [411300.6598320399, 5316964.999189311], [411297.6174282007, 5316963.17846591], [411292.8730783032, 5316960.339002112], [411280.0678365296, 5316953.933065142], [411246.26786561357, 5316932.131740243]]]}}, {"type": "Feature", "properties": {"role": "built", "landuse": "railway"}, "geometry": {"type": "Polygon", "coordinates": [[[411134.2923979992, 5316835.742535171], [411128.6790164962, 5316832.205144285], [411129.8966963182, 5316830.852287636], [411132.55044685747, 5316828.276604131], [411133.84323960735, 5316826.955938585], [411137.8985770628, 5316829.616934025], [411145.87798410124, 5316835.619097673], [411152.535464571, 5316840.574464871], [411158.784889541, 5316845.680664342], [411170.5608336136, 5316856.91589528], [411180.46299917134, 5316867.123976337], [411188.7625048162, 5316875.500288095], [411198.2686195964, 5316883.257661116], [411201.24353898066, 5316885.535172276], [411216.7215625292, 5316898.314173954], [411232.84977532475, 5316910.682967569], [411232.4182442599, 5316911.245478083], [411231.82380570314, 5316911.888322254], [411231.01244568505, 5316912.9791944185], [411229.41802033974, 5316915.060449475], [411229.02310103097, 5316915.577927152], [411227.7571472167, 5316917.1871987255], [411210.688095795, 5316904.288213867], [411195.573794195, 5316891.870472005], [411194.2664790499, 5316890.801196138], [411192.91757484013, 5316889.454638179], [411186.49200871534, 5316883.083787396], [411173.5207174534, 5316870.777524883], [411165.7967692818, 5316862.470162134], [411158.2233831635, 5316855.216596973], [411150.3535806381, 5316848.579055402], [411145.2913495113, 5316844.010370511], [411134.65475160634, 5316836.014860369], [411134.2923979992, 5316835.742535171]]]}}, {"type": "Feature", "properties": {"role": "built", "landuse": "railway"}, "geometry": {"type": "Polygon", "coordinates": [[[411478.8349693501, 5316100.766731063], [411477.3777459617, 5316099.177198843], [411474.57708639954, 5316096.118670738], [411472.2773723035, 5316093.608281769], [411560.34815347276, 5316053.85552615], [411578.2545321522, 5316045.876191734], [411595.57748992887, 5316039.262148879], [411614.51083723176, 5316033.034741269], [411627.20878694573, 5316027.981535473], [411629.3488809982, 5316030.3054491095], [411631.68436753296, 5316033.204442951], [411629.0478551637, 5316034.512279722], [411620.09486488125, 5316038.518531584], [411587.92488336714, 5316049.218267786], [411573.56444236677, 5316055.342113261], [411550.4910639076, 5316065.546486027], [411504.3530713017, 5316088.934725358], [411492.2100036711, 5316094.146425587], [411478.8349693501, 5316100.766731063]]]}}, {"type": "Feature", "properties": {"role": "built", "landuse": "construction", "name": "Baustelle Rettungszentrum"}, "geometry": {"type": "Polygon", "coordinates": [[[412644.5119265012, 5316001.31411461], [412632.98507059633, 5315978.877420446], [412628.22398897563, 5315981.328751089], [412621.6020630767, 5315982.618845082], [412552.48760994495, 5316023.011841417], [412513.7670088483, 5316046.167935675], [412532.1784195191, 5316075.736810371], [412533.38975582935, 5316075.407117156], [412551.8950318928, 5316064.042203158], [412579.10745945206, 5316054.0569090955], [412651.59931028937, 5316013.968677608], [412647.7407908674, 5316007.056980796], [412644.5119265012, 5316001.31411461]]]}}, {"type": "Feature", "properties": {"role": "built", "landuse": "railway"}, "geometry": {"type": "Polygon", "coordinates": [[[412158.9672998061, 5315836.76303653], [412172.5202144995, 5315829.974883564], [412188.86622218584, 5315820.876276126], [412203.3462186739, 5315813.218043959], [412204.33123401424, 5315814.681559673], [412217.60209187516, 5315807.008467925], [412247.4818291014, 5315789.354725685], [412250.3651214803, 5315794.913665206], [412256.9025912924, 5315790.522818765], [412252.984444505, 5315783.167605141], [412375.68773814844, 5315710.804972806], [412380.6210706274, 5315707.895021047], [412385.53965526144, 5315704.99641518], [412477.5691322746, 5315649.978740345], [412515.87025540456, 5315627.040086846], [412537.2368961234, 5315613.8196071675], [412552.8287280685, 5315603.143820137], [412567.0415413067, 5315591.588567435], [412571.6458533883, 5315587.149655322], [412590.0927420007, 5315568.393075785], [412590.78278056683, 5315567.63775996], [412608.6716393179, 5315542.597565292], [412613.75330032554, 5315534.204943712], [412626.5331492467, 5315508.375300572], [412637.97264798405, 5315482.243653838], [412640.0669306641, 5315477.1425534515], [412640.90902035555, 5315475.095376962], [412642.862633534, 5315475.966179748], [412643.4257150016, 5315474.712538892], [412647.89833680657, 5315464.539381219], [412646.6430124553, 5315463.947012976], [412648.9791105279, 5315459.042348624], [412650.03162949125, 5315459.548861539], [412652.8356768048, 5315453.514289002], [412654.4686196046, 5315449.976562466], [412653.3487784169, 5315449.459953943], [412655.5885658099, 5315444.60122246], [412656.5881822881, 5315445.064072261], [412666.5271599742, 5315423.802232688], [412666.0742121673, 5315419.529109509], [412683.8173653691, 5315381.884847286], [412688.3205863507, 5315374.701702381], [412693.4916063052, 5315369.720686185], [412699.03718535585, 5315365.323185833], [412701.9251042593, 5315363.333911506], [412704.4819810241, 5315361.660934183], [412707.14213939046, 5315359.908572845], [412690.17784381064, 5315361.8446396105], [412687.694405056, 5315363.43869076], [412673.0191325211, 5315386.373206102], [412664.7339100739, 5315401.54010953], [412660.5818952573, 5315409.240436308], [412657.09314957843, 5315416.385969792], [412653.06448025326, 5315414.5127956], [412629.1186229898, 5315470.260708377], [412631.5158335988, 5315471.347108283], [412634.4388803413, 5315472.658978431], [412633.7022986481, 5315474.282112113], [412619.72954367066, 5315505.11021744], [412615.280299985, 5315514.360343372], [412608.31819108326, 5315528.173216998], [412606.07479656057, 5315532.298309873], [412584.1002125565, 5315563.003503823], [412579.2353446156, 5315568.469118034], [412564.4299140986, 5315583.757502524], [412558.90650045406, 5315588.610598279], [412555.2088007225, 5315591.812882335], [412546.92350786546, 5315598.0975830415], [412534.00557121844, 5315606.954029055], [412473.55431697774, 5315643.614257725], [412381.7723405806, 5315698.7171600005], [412376.9003806252, 5315701.737344698], [412371.67691097595, 5315704.707303563], [412248.5357105266, 5315777.232335181], [412243.4022463097, 5315778.755843345], [412198.5121856543, 5315805.020842086], [412198.93373131193, 5315805.7481241785], [412199.6462550406, 5315806.960109235], [412184.9179929462, 5315813.510448938], [412154.5715806107, 5315830.882612174], [412115.1360133377, 5315848.749538147], [412073.17914037115, 5315868.133830224], [412054.94922639756, 5315876.505626786], [412022.75841090153, 5315891.316462261], [412013.3130000527, 5315898.775865297], [412010.7560900835, 5315901.3941022605], [412010.3425955643, 5315903.145784274], [412058.75156623014, 5315883.106531753], [412071.80050471803, 5315877.048439362], [412077.8472441563, 5315874.254603261], [412119.3510129332, 5315855.010669365], [412142.6588327697, 5315844.404842318], [412158.9672998061, 5315836.76303653]]]}}, {"type": "Feature", "properties": {"role": "built", "landuse": "railway"}, "geometry": {"type": "Polygon", "coordinates": [[[413522.13872787135, 5316558.425189101], [413522.888273536, 5316557.6579722585], [413527.84725696954, 5316555.97146432], [413531.38146091084, 5316554.8066406995], [413533.41611742595, 5316554.153505978], [413663.48576531024, 5316511.35611871], [413664.3470231544, 5316513.555442382], [413665.30747677386, 5316516.398054257], [413665.56354701065, 5316517.550362415], [413536.2504249738, 5316560.036177595], [413533.4134433104, 5316560.923711169], [413530.198514374, 5316561.983681537], [413525.2610796599, 5316563.614279299], [413524.80073874287, 5316563.765720207], [413490.38719829137, 5316575.622468728], [413456.2112735175, 5316586.897774709], [413449.7055355647, 5316588.930012262], [413447.83384629316, 5316589.502906572], [413443.73306462175, 5316590.698543564], [413420.0863233503, 5316599.547769335], [413402.6638605681, 5316607.491836743], [413397.27637383214, 5316609.951971156], [413383.8874169419, 5316616.6903223945], [413356.98542415677, 5316632.325662475], [413339.10778351343, 5316644.712415468], [413322.695853399, 5316657.310589469], [413321.2278063825, 5316655.453965044], [413319.2351498762, 5316652.949352837], [413317.88880252716, 5316651.246531071], [413327.2442132458, 5316643.735044561], [413346.0773730187, 5316630.388922955], [413361.68548399664, 5316620.393158735], [413379.65382377664, 5316609.561474707], [413393.8138349883, 5316602.989372315], [413414.9229318341, 5316593.600165126], [413428.7479666799, 5316588.06706239], [413442.1746113042, 5316583.329286791], [413444.63362460537, 5316582.614148944], [413446.8125087541, 5316582.125565279], [413450.56569387764, 5316581.135265216], [413454.41418604774, 5316580.032364803], [413487.9394268517, 5316569.645069068], [413522.13872787135, 5316558.425189101]]]}}, {"type": "Feature", "properties": {"role": "built", "landuse": "railway"}, "geometry": {"type": "Polygon", "coordinates": [[[413244.7633202264, 5316717.32731217], [413242.37452280766, 5316712.305171751], [413251.62572133925, 5316706.307023028], [413254.29051306355, 5316704.399192183], [413259.66402193037, 5316700.5272874655], [413295.0590671457, 5316670.211437681], [413316.91868565924, 5316652.228320934], [413317.88880252716, 5316651.246531071], [413319.2351498762, 5316652.949352837], [413321.2278063825, 5316655.453965044], [413322.695853399, 5316657.310589469], [413266.52922428504, 5316705.026128847], [413258.4130577664, 5316711.084951134], [413255.2266747645, 5316712.544855915], [413244.7633202264, 5316717.32731217]]]}}, {"type": "Feature", "properties": {"role": "built", "landuse": "railway"}, "geometry": {"type": "Polygon", "coordinates": [[[414501.3369181445, 5316104.326430336], [414508.39035318024, 5316110.969485638], [414510.6004412691, 5316111.5591778625], [414506.93081943877, 5316106.655628395], [414502.7259669263, 5316102.893950073], [414494.53557353496, 5316095.567444444], [414490.2247709528, 5316091.707298709], [414466.08284878416, 5316051.434351056], [414459.13797449344, 5316035.540554802], [414457.06587670883, 5316025.6663032705], [414457.2184480767, 5316017.35978654], [414458.29221335624, 5316007.7722555855], [414462.23187311285, 5315997.708551682], [414489.3811024745, 5315947.61281671], [414491.3764237929, 5315944.292584163], [414500.01964071894, 5315929.8567931345], [414498.0765808713, 5315929.163082976], [414497.0876380558, 5315928.89986292], [414496.15199748165, 5315930.21443545], [414494.96250213374, 5315932.021920525], [414486.30558726104, 5315945.535229308], [414479.5003053071, 5315958.609701766], [414462.7851098315, 5315990.752326784], [414459.2456442608, 5315997.6195579395], [414455.94745855115, 5316007.162351468], [414454.8380469869, 5316016.861581059], [414454.6647278166, 5316025.779830377], [414456.3449133879, 5316035.393106438], [414457.9927881167, 5316040.826947506], [414462.23252406245, 5316051.947396127], [414467.0211814833, 5316059.335557857], [414475.25434170925, 5316072.041920299], [414485.9008343376, 5316088.469891982], [414488.98625401594, 5316093.226478483], [414501.3369181445, 5316104.326430336]]]}}, {"type": "Feature", "properties": {"role": "built", "landuse": "railway"}, "geometry": {"type": "Polygon", "coordinates": [[[414490.2247709528, 5316091.707298709], [414494.53557353496, 5316095.567444444], [414495.90860771545, 5316096.069523284], [414500.1747968149, 5316096.928801163], [414505.7870634367, 5316096.9787820345], [414509.11878810206, 5316096.217786939], [414511.9082378333, 5316095.12023262], [414514.8492382548, 5316093.675806676], [414516.8599913256, 5316092.400842266], [414518.64613237977, 5316090.573376817], [414519.39025511383, 5316089.428405132], [414521.94876791246, 5316085.343869862], [414521.3735598198, 5316092.834021176], [414521.3801385893, 5316093.7788510285], [414521.19838602224, 5316097.616846484], [414519.87913691474, 5316119.814459519], [414520.83652483125, 5316120.467239464], [414522.57158849866, 5316121.731003278], [414524.0446365187, 5316091.8049327405], [414524.7972199479, 5316067.125580896], [414525.1422309061, 5316061.217435997], [414527.39905384515, 5316024.776398865], [414528.15364358254, 5316014.793422109], [414529.13652226864, 5316002.094555927], [414531.15352523164, 5315954.028923539], [414532.4843597921, 5315939.635137203], [414530.8325752262, 5315939.459577605], [414529.52447764436, 5315939.312262122], [414528.9012770517, 5315947.592415599], [414528.49832365493, 5315954.624215895], [414527.96007454867, 5315976.154324619], [414527.1432190089, 5316002.035240419], [414526.11026092945, 5316017.892020671], [414525.68166317936, 5316024.201611655], [414523.30798788357, 5316060.310882325], [414521.9676028562, 5316080.585601583], [414521.66689544346, 5316082.946830886], [414519.2235648155, 5316087.752246211], [414517.69372224744, 5316089.753771218], [414516.2516172002, 5316091.131452176], [414514.38624709996, 5316092.648825614], [414511.4799057015, 5316093.914867926], [414508.73970539926, 5316094.81158811], [414505.72597248835, 5316095.378871384], [414501.14721639955, 5316095.58033114], [414496.6030058564, 5316094.591783767], [414492.87944743055, 5316093.591040288], [414490.2247709528, 5316091.707298709]]]}}, {"type": "Feature", "properties": {"role": "built", "landuse": "railway"}, "geometry": {"type": "Polygon", "coordinates": [[[413853.0178005882, 5316141.636237158], [413854.56244387256, 5316141.635336615], [413857.2037713131, 5316141.618011935], [413858.61396026495, 5316141.6080093], [413858.23836494726, 5316081.649451498], [413857.11199374165, 5316081.677436971], [413855.8214912275, 5316081.70788076], [413854.404326433, 5316081.751338647], [413853.06906084815, 5316081.782453457], [413853.07075554016, 5316082.39385373], [413853.0178005882, 5316141.636237158]]]}}, {"type": "Feature", "properties": {"role": "built", "landuse": "railway"}, "geometry": {"type": "Polygon", "coordinates": [[[411933.8017275772, 5314479.962343476], [411933.28710235574, 5314482.916197762], [411932.60817215184, 5314486.839736979], [411932.1556092872, 5314489.459134621], [411941.2624354085, 5314490.9428465795], [411965.2430015615, 5314494.6892099], [411993.98881361564, 5314500.586177946], [412062.7004819534, 5314515.888772921], [412089.5853737013, 5314523.115325683], [412147.2307475315, 5314542.089795852], [412188.25807151623, 5314558.47245986], [412194.52708829887, 5314561.345014111], [412197.33078498207, 5314562.625146157], [412211.12418740056, 5314568.951441787], [412213.0568009942, 5314569.889129341], [412253.1792097576, 5314589.1208566185], [412306.54666027904, 5314617.4224867085], [412340.83685796446, 5314637.49963543], [412369.9781378231, 5314656.699335315], [412409.10826005874, 5314684.862969535], [412452.43676924123, 5314719.666463419], [412466.7893798481, 5314732.377052416], [412480.008870122, 5314744.693584942], [412507.0057486064, 5314770.685630359], [412555.6272311206, 5314822.340396558], [412557.63957573427, 5314820.675635875], [412560.7724918761, 5314818.093381326], [412563.5663727301, 5314815.7942020595], [412515.8272865516, 5314764.737382837], [412486.742681714, 5314735.453100003], [412436.0790098305, 5314693.401593372], [412376.4935981452, 5314647.828902857], [412368.03123940335, 5314642.566075011], [412329.14038309245, 5314616.911478996], [412299.0177371378, 5314600.439453504], [412250.7075995901, 5314574.862227104], [412221.4496204008, 5314562.257205836], [412207.1842125069, 5314555.32665726], [412202.1402352636, 5314553.002360619], [412163.46260071034, 5314537.006175532], [412116.05879980046, 5314520.998978667], [412062.0542424874, 5314505.348713772], [412026.14199727215, 5314496.95960215], [411970.9919637465, 5314486.485931386], [411933.8017275772, 5314479.962343476]]]}}, {"type": "Feature", "properties": {"role": "built", "landuse": "railway"}, "geometry": {"type": "Polygon", "coordinates": [[[412872.1473271769, 5314808.979158173], [412862.42550910526, 5314808.726160772], [412862.01244523964, 5314813.979573203], [412851.2187224975, 5314820.324007868], [412836.74989258335, 5314829.925787078], [412822.6579306048, 5314841.245008055], [412809.57240047446, 5314852.482314116], [412801.4760651501, 5314859.997712666], [412788.05230086105, 5314875.998213615], [412782.91212330887, 5314882.557253693], [412774.18971916754, 5314893.572878198], [412768.2903680517, 5314901.25512713], [412759.38142226153, 5314912.762746011], [412748.6031486826, 5314930.93549443], [412742.2179502, 5314944.472612004], [412733.5768643947, 5314963.791371364], [412726.81128421176, 5314981.769908448], [412718.81741817377, 5315005.369989216], [412711.32811312494, 5315033.197957206], [412709.794874205, 5315038.890821403], [412700.6987143171, 5315016.884015484], [412680.6467975607, 5314981.169615634], [412674.35826160375, 5314970.570619673], [412672.50405282207, 5314967.408218132], [412663.27859470533, 5314951.65111124], [412625.95229306025, 5314893.142717432], [412615.7691103758, 5314879.212274749], [412583.52715599403, 5314838.547329261], [412583.22306127066, 5314836.217405405], [412579.9612141544, 5314831.786858936], [412578.09992914967, 5314831.603915666], [412574.2106506594, 5314828.616981397], [412571.41677213914, 5314830.916155563], [412568.28385860723, 5314833.498404399], [412566.2715156592, 5314835.163161408], [412611.99131960294, 5314894.866619818], [412624.1187908398, 5314911.991424734], [412648.22536438645, 5314949.756290854], [412661.8839163977, 5314972.371896292], [412671.1452281369, 5314989.017806304], [412689.7367082145, 5315022.430908743], [412701.64447071456, 5315044.784130388], [412700.46663230273, 5315045.368961234], [412705.40824118466, 5315055.254704667], [412704.39443580166, 5315061.2398457965], [412701.141109525, 5315080.476926433], [412698.5737879668, 5315099.670250785], [412697.95627290907, 5315102.2587348], [412687.3194110169, 5315086.923216449], [412679.33972047747, 5315074.059803859], [412672.3322496949, 5315056.901649643], [412697.1636740668, 5315040.183029024], [412673.8545120087, 5315000.3270142805], [412658.21116958297, 5315005.767146586], [412654.45388737525, 5314993.273231366], [412648.12334830465, 5314970.568625597], [412643.86402647477, 5314960.405764733], [412648.6039670641, 5314957.48788676], [412625.5858716152, 5314919.639789964], [412603.8684709455, 5314890.787808484], [412559.81112863286, 5314921.82844205], [412551.58400562993, 5314925.622038027], [412537.363199234, 5314903.370967387], [412521.1703105742, 5314913.422208414], [412522.09096026735, 5314914.5754842805], [412539.4863158885, 5314935.0217984775], [412543.93818373885, 5314936.232573922], [412563.20749250683, 5314965.566210233], [412564.9093453516, 5314968.030530065], [412565.6352908629, 5314969.142303639], [412590.24163626437, 5314956.762227864], [412605.21752403403, 5314980.591666426], [412613.4887318205, 5314976.263866043], [412617.9728870141, 5314980.586932117], [412622.28104809474, 5314986.5913221855], [412640.68537467223, 5315018.472987484], [412635.05017771485, 5315024.361555535], [412631.0094160033, 5315028.591738247], [412655.57046049956, 5315051.586517797], [412661.4427338636, 5315062.792122872], [412665.1716470637, 5315070.962009018], [412679.26823237387, 5315087.545656261], [412690.22111845494, 5315100.097146523], [412697.2651561666, 5315108.850409944], [412695.9631528777, 5315121.91025785], [412694.32986204966, 5315144.124320449], [412693.4208844122, 5315168.328431193], [412693.78709730145, 5315187.543950184], [412695.22186341905, 5315214.714054798], [412696.796817238, 5315234.400376278], [412699.4295042242, 5315257.394594742], [412703.98701222875, 5315285.262151687], [412707.8484459568, 5315304.146720543], [412712.400152526, 5315325.73333711], [412717.3080426745, 5315344.235178773], [412719.4956504898, 5315343.801783889], [412723.4896566262, 5315342.896311968], [412725.26093923545, 5315342.569286734], [412722.90376023937, 5315331.332532141], [412722.06723516976, 5315327.354263704], [412722.28059791477, 5315319.280175326], [412721.22959082096, 5315311.002929872], [412717.8138773381, 5315290.010501934], [412712.5301777249, 5315261.498057315], [412710.0169705578, 5315247.85131319], [412708.5695857543, 5315236.078268312], [412707.11932849063, 5315216.245533413], [412705.83317905315, 5315196.899451855], [412705.5514462631, 5315187.676720837], [412705.0719564221, 5315174.766188228], [412704.74136335804, 5315165.766536307], [412704.8675377539, 5315161.784781221], [412705.2614924456, 5315145.937259511], [412706.8670009124, 5315123.857025064], [412706.9081467617, 5315122.633544813], [412711.76221414894, 5315128.2295081485], [412726.96231012704, 5315147.220003301], [412733.62386831467, 5315157.335368705], [412777.12441166234, 5315228.95764823], [412800.38559736207, 5315264.768237474], [412809.1829628149, 5315277.941804958], [412817.7930763562, 5315291.0737550305], [412825.5779263151, 5315301.46123765], [412839.2575382366, 5315322.60948923], [412842.67002937844, 5315322.235403492], [412843.2739070212, 5315322.19290483], [412845.56004643574, 5315321.858117544], [412832.1159104516, 5315299.99480434], [412812.59612109035, 5315274.6550720455], [412795.81741789833, 5315247.984298858], [412765.90986309195, 5315196.166146731], [412731.5320041047, 5315140.958593562], [412708.54721897485, 5315110.635806046], [412709.1502004999, 5315101.677575896], [412712.66310246557, 5315081.347108231], [412714.1343798173, 5315066.650518276], [412733.07466600905, 5315104.394039483], [412764.5963679497, 5315161.712645493], [412808.1396737094, 5315242.094593254], [412838.23133658397, 5315298.223507774], [412851.1742446691, 5315320.99489333], [412853.0850663917, 5315321.010417096], [412857.20438320003, 5315320.492231294], [412859.17220375227, 5315320.329023867], [412819.91620969353, 5315244.517484833], [412789.4808979605, 5315186.426181386], [412722.8712598037, 5315060.059084291], [412717.9556112203, 5315050.40638721], [412721.3596671937, 5315036.180741202], [412728.5480894897, 5315009.179999244], [412737.18629094894, 5314985.247771809], [412744.03997165867, 5314966.678717599], [412753.061096982, 5314947.8100038115], [412759.52016756695, 5314935.205595563], [412767.26813034795, 5314919.491167003], [412775.2296172576, 5314907.519897259], [412779.38320482866, 5314901.364894016], [412789.2683928524, 5314889.753576835], [412795.5368456659, 5314881.7989521595], [412810.8803464739, 5314866.39192436], [412819.2274711922, 5314857.694352019], [412830.0428486113, 5314849.337374177], [412843.98298101523, 5314838.342859591], [412857.63264681504, 5314828.8646720955], [412874.4312286294, 5314817.849180761], [412873.18769076647, 5314815.577936454], [412871.2608336178, 5314812.049716985], [412870.17074415676, 5314810.054071306], [412872.1473271769, 5314808.979158173]]]}}, {"type": "Feature", "properties": {"role": "built", "landuse": "railway"}, "geometry": {"type": "Polygon", "coordinates": [[[413163.72935058957, 5315155.530436397], [413151.84760185884, 5315133.7762273755], [413141.9499304199, 5315121.3413600335], [413132.25571986486, 5315111.0156385405], [413111.4674588741, 5315089.106943312], [413090.60233297374, 5315067.555219888], [413057.01318882976, 5315030.298719388], [413016.28566233686, 5314985.457450021], [412994.1162186582, 5314961.113213329], [412979.0228446922, 5314943.721242422], [412961.75587492704, 5314925.239384771], [412946.79705094773, 5314905.9000090845], [412908.831734774, 5314857.760434657], [412904.2521232403, 5314851.559842198], [412900.31794659124, 5314845.594054308], [412892.7619701508, 5314833.591056223], [412895.83032899245, 5314831.665859712], [412904.81792651734, 5314841.601691021], [412914.05234043964, 5314853.545951377], [412927.78320470906, 5314871.625389864], [412935.53540619055, 5314881.313156177], [412949.0190736683, 5314897.862256654], [412967.4627942864, 5314920.117127458], [412985.87181606615, 5314937.125423587], [412991.6428751449, 5314944.1418254115], [413003.49828179606, 5314961.126992013], [413011.0946146519, 5314970.394770901], [413034.98922285234, 5314996.79184768], [413061.2201679939, 5315025.688359752], [413095.124218284, 5315063.040179879], [413116.10815072973, 5315085.045916377], [413136.7180748227, 5315106.512646455], [413147.2618404851, 5315117.247991556], [413161.09496635065, 5315131.313231074], [413167.82978854066, 5315139.904964293], [413174.03623886127, 5315150.083270838], [413163.72935058957, 5315155.530436397]]]}}, {"type": "Feature", "properties": {"role": "built", "landuse": "railway"}, "geometry": {"type": "Polygon", "coordinates": [[[413102.61997593415, 5314703.886146921], [413003.06770427205, 5314752.948209887], [412893.9530068928, 5314807.248308407], [412892.9549944751, 5314805.418017663], [412890.951505607, 5314801.757549643], [412889.6925420163, 5314799.453184858], [412997.99366733077, 5314743.664534885], [413098.330200335, 5314695.124153091], [413099.5932962099, 5314697.706420149], [413101.3953691146, 5314701.381115933], [413102.61997593415, 5314703.886146921]]]}}, {"type": "Feature", "properties": {"role": "built", "landuse": "railway"}, "geometry": {"type": "Polygon", "coordinates": [[[414575.9430034828, 5318065.957591225], [414575.9951957946, 5318069.469733502], [414577.39340595366, 5318083.745197392], [414577.60587273986, 5318086.999270955], [414577.32250807935, 5318135.194937583], [414576.789763789, 5318143.518243361], [414575.09597518644, 5318147.501006129], [414575.01589463593, 5318164.69993285], [414573.3752689839, 5318166.236203644], [414570.68564655207, 5318166.454045249], [414568.6995840635, 5318165.827669263], [414566.81769726693, 5318163.176482393], [414567.54247314396, 5318135.151297125], [414567.8268627648, 5318088.033945053], [414569.6769175631, 5318088.039800239], [414569.1824861063, 5318065.81348984], [414569.9445662099, 5318064.890584102], [414571.796660764, 5318064.0292972], [414573.1017987471, 5318064.009901376], [414574.6187064605, 5318064.687718999], [414575.9430034828, 5318065.957591225]]]}}, {"type": "Feature", "properties": {"role": "built", "landuse": "railway"}, "geometry": {"type": "Polygon", "coordinates": [[[414575.71521614696, 5317909.56944989], [414580.8339617312, 5317891.0839255275], [414581.8721796558, 5317887.155376424], [414583.6216250021, 5317885.406274393], [414585.43618628336, 5317884.023060656], [414586.48979619204, 5317883.640550967], [414587.7067981771, 5317883.711403671], [414588.57321188773, 5317884.787979706], [414588.51396027417, 5317886.322981853], [414584.1265470234, 5317902.318579976], [414580.8011792367, 5317915.485844584], [414579.0735592267, 5317924.727364174], [414577.5166558991, 5317933.910763653], [414576.32803105563, 5317949.302997248], [414576.1101590999, 5317992.873079707], [414575.9680344413, 5318056.096592267], [414568.3915668726, 5318056.765028654], [414569.33061033394, 5318046.668109138], [414569.987099056, 5317999.989907755], [414569.91059222555, 5317975.767477409], [414570.1989634882, 5317959.5326241525], [414570.70926407905, 5317943.172188229], [414572.2749985887, 5317929.564158249], [414575.71521614696, 5317909.56944989]]]}}, {"type": "Feature", "properties": {"role": "built", "landuse": "railway"}, "geometry": {"type": "Polygon", "coordinates": [[[413232.1985078688, 5317392.756189621], [413232.06303455477, 5317388.722804245], [413229.9197721778, 5317382.651978032], [413226.42645468353, 5317376.60152741], [413222.8267943795, 5317371.908943928], [413220.68528937036, 5317373.864486604], [413207.6918552356, 5317359.719826094], [413190.2819588657, 5317341.639792485], [413188.8402696658, 5317340.038493807], [413186.91625122627, 5317337.621828277], [413180.54309201764, 5317329.102469691], [413180.22444754967, 5317328.751540729], [413145.9186658248, 5317291.583397544], [413096.6453010176, 5317238.5555079775], [413090.15265797987, 5317230.538310242], [413085.4257094311, 5317225.318119709], [413082.4742434272, 5317222.061017457], [413071.51867278863, 5317206.551818014], [413063.6583149013, 5317195.420362536], [413061.87730186764, 5317194.079913004], [413057.5217666116, 5317187.275529878], [413046.0584283776, 5317169.77301321], [413005.75452747825, 5317108.094688555], [413005.24248631427, 5317107.290902079], [412988.3108399651, 5317080.477451922], [412979.7502887917, 5317066.977684315], [412962.6671526603, 5317039.043791138], [412950.84312297683, 5317020.424105656], [412948.1181183936, 5317015.874080488], [412946.9565395736, 5317014.057377732], [412920.9689204383, 5316973.107124286], [412913.2605734223, 5316961.7067544935], [412908.60039414244, 5316957.964237078], [412901.9978512822, 5316954.551298951], [412896.6621291684, 5316953.4981949385], [412890.190958198, 5316953.340530807], [412886.8909905113, 5316953.69067732], [412880.9126276135, 5316957.005146877], [412875.44218361645, 5316960.356394924], [412846.2105392822, 5316978.141721628], [412833.42819386814, 5316985.917193515], [412829.50518393074, 5316988.477964239], [412821.5236035562, 5316993.023490356], [412814.0877919739, 5316997.149427668], [412810.1378700364, 5316999.410463783], [412786.8897130607, 5317012.725321638], [412783.0530081188, 5317013.595046947], [412741.78678848466, 5317038.722754683], [412699.14059558837, 5317061.881793507], [412665.49405814963, 5317078.256551034], [412631.2539573255, 5317092.8729405375], [412479.35213255475, 5317153.858074815], [412478.3587440473, 5317152.805970589], [412475.75390237954, 5317149.79958282], [412474.0298844833, 5317147.802545279], [412484.68916006223, 5317143.238001599], [412537.74844424234, 5317120.508128568], [412561.13410650846, 5317110.9031931395], [412561.8829224738, 5317110.591649632], [412605.8674065438, 5317092.091447133], [412627.6657691973, 5317083.578137286], [412629.9346159875, 5317082.64319334], [412662.04778090975, 5317069.4598334655], [412694.1420892937, 5317054.042444786], [412713.8161495477, 5317043.682965639], [412722.630355155, 5317038.457633418], [412741.3254944293, 5317027.990823584], [412757.0985524627, 5317019.16924357], [412777.75452210766, 5317007.616700966], [412779.10845310683, 5317006.862448741], [412780.9743370499, 5317002.4763212195], [412868.7355674386, 5316951.553375918], [412869.4317187005, 5316952.687868223], [412870.21564880246, 5316954.199005107], [412897.0456197076, 5316937.439588195], [412913.90486147214, 5316926.901115333], [412919.63778625766, 5316923.63486588], [412942.1548490337, 5316910.776308467], [413000.5628139933, 5316876.386050059], [413074.62730292825, 5316832.26590329], [413085.13423481205, 5316824.958935906], [413089.25357019756, 5316821.550496052], [413103.9311011711, 5316810.76765175], [413141.7629685952, 5316777.8793430235], [413160.4345464228, 5316762.289418156], [413166.4802217188, 5316757.973714574], [413173.0168090161, 5316753.061411128], [413181.577981605, 5316747.329252049], [413241.47197695787, 5316710.840243486], [413242.37452280766, 5316712.305171751], [413244.7633202264, 5316717.32731217], [413245.22263883846, 5316718.098564212], [413245.6207707607, 5316718.770687457], [413185.0518522326, 5316754.536129686], [413177.79174761375, 5316758.970199876], [413169.1416599753, 5316764.24791579], [413164.7788289463, 5316767.348699847], [413160.4805468101, 5316770.770902121], [413139.00827750826, 5316789.638142021], [413129.5182840217, 5316799.075202991], [413117.051185508, 5316811.46988191], [413102.6235912937, 5316822.993746527], [413093.75152184145, 5316829.864649536], [413091.7691577675, 5316831.006296631], [413089.42221550096, 5316832.709298562], [413072.6752841492, 5316843.3122427855], [413072.1266384339, 5316843.542873938], [413005.0973288864, 5316883.165453439], [412994.60328969243, 5316889.3384555215], [412970.93177257304, 5316902.836819216], [412945.7582120678, 5316917.158438562], [412925.8814089894, 5316928.9653653605], [412925.20983759215, 5316929.453560864], [412923.2688768568, 5316930.861446577], [412921.5709404929, 5316933.043835496], [412919.55550864106, 5316936.431657491], [412918.96365633566, 5316941.198651052], [412918.6909772932, 5316943.392808626], [412918.8699093249, 5316947.32547978], [412921.7679944798, 5316952.462066577], [412928.2552937233, 5316963.0471691815], [412930.5555441562, 5316967.1367074745], [412956.34676440083, 5317008.423482439], [412958.8340172221, 5317015.01150177], [412957.0170266334, 5317016.22851315], [412978.5194892718, 5317048.753487894], [412996.2215886679, 5317075.688656891], [413012.5539678013, 5317100.865894967], [413027.129410909, 5317123.34611207], [413037.6559199503, 5317139.5732025225], [413059.3275726212, 5317172.98525339], [413071.79421652656, 5317192.206862308], [413097.95518173487, 5317228.964067805], [413102.3343968024, 5317234.37851066], [413161.730804619, 5317294.7463356005], [413199.64995887206, 5317334.061163476], [413229.56760938035, 5317366.2376515], [413228.4570887735, 5317367.299398219], [413227.3311476621, 5317368.32802723], [413232.7844585691, 5317373.248328357], [413236.28695857176, 5317375.952461404], [413241.1764643909, 5317378.613433439], [413241.3145180709, 5317381.334987325], [413240.15466360806, 5317385.554671873], [413232.1985078688, 5317392.756189621]]]}}, {"type": "Feature", "properties": {"role": "built", "landuse": "railway"}, "geometry": {"type": "Polygon", "coordinates": [[[413293.0133310094, 5317356.420361894], [413277.28167962225, 5317368.964011814], [413273.2492898539, 5317369.213821221], [413271.2047322368, 5317371.16788225], [413268.3575562575, 5317373.823298062], [413264.6033402742, 5317377.181645151], [413263.44278335385, 5317378.388659332], [413262.8258024378, 5317380.021032034], [413262.9667729521, 5317381.452983532], [413263.4101161873, 5317382.157776048], [413264.77542303724, 5317383.14881627], [413265.9414345557, 5317383.787122889], [413267.1751601156, 5317383.968616011], [413269.96903753304, 5317383.715250427], [413274.0336761855, 5317381.152640094], [413277.49951675616, 5317378.954804734], [413280.5787565195, 5317376.3514777655], [413281.29077933705, 5317374.095128178], [413297.52175015735, 5317361.021465956], [413306.12829336413, 5317353.899170811], [413323.33163920825, 5317339.499131649], [413350.1776277424, 5317314.437254215], [413367.4238836077, 5317298.41364324], [413401.0263676498, 5317267.191522129], [413405.286325432, 5317265.20414464], [413410.1167571097, 5317263.941893052], [413414.74125691864, 5317263.371992866], [413419.2451470148, 5317263.215236903], [413425.1418359233, 5317263.89351239], [413428.50155978696, 5317264.054146971], [413432.5816005062, 5317264.982119815], [413456.8733539205, 5317275.377576685], [413492.7396688027, 5317291.935596643], [413510.6512322903, 5317301.760258333], [413521.9321653717, 5317309.7281279685], [413520.868571204, 5317311.433889046], [413524.6714972822, 5317314.2781955], [413528.3684903973, 5317317.0240457], [413536.2501364557, 5317322.697406377], [413544.59868698, 5317329.653313693], [413557.2386751212, 5317340.191045304], [413581.3307832816, 5317363.152076159], [413583.38236886554, 5317365.133393813], [413602.7337353163, 5317384.908522682], [413616.5853304074, 5317397.151287521], [413634.16597971355, 5317411.3057534], [413628.05732005666, 5317395.511514819], [413619.55500097846, 5317390.225331052], [413613.59774050966, 5317384.511829856], [413603.57144064375, 5317373.1342897955], [413593.2690716281, 5317362.750316308], [413565.5658469109, 5317332.328518116], [413555.6814456512, 5317323.950478772], [413549.70925833285, 5317319.237783363], [413543.7974010685, 5317314.568654247], [413530.10079717165, 5317305.2141118655], [413526.39004977036, 5317302.546285368], [413520.0811206595, 5317298.761384236], [413493.2506735253, 5317284.246150641], [413463.83179269655, 5317270.759396319], [413438.8497201081, 5317259.607238067], [413429.9639838808, 5317255.638888765], [413428.0575884749, 5317255.378553083], [413426.55706252274, 5317255.8124700505], [413420.5605302324, 5317255.936111248], [413415.36847071163, 5317256.470085676], [413410.9192044453, 5317257.281917539], [413408.4828638081, 5317257.996737093], [413406.3981007966, 5317258.77296413], [413404.6501529907, 5317256.153472459], [413389.63387790386, 5317268.674908254], [413388.98652806133, 5317269.284970688], [413345.59563264565, 5317309.903919525], [413318.84576936974, 5317334.90878456], [413303.7015785047, 5317347.332333443], [413293.0133310094, 5317356.420361894]]]}}, {"type": "Feature", "properties": {"role": "built", "landuse": "railway"}, "geometry": {"type": "Polygon", "coordinates": [[[414272.02123422455, 5317796.107287687], [414273.9158030322, 5317798.591441672], [414270.7909496308, 5317800.6501877215], [414267.281914608, 5317802.959235295], [414264.26048720704, 5317804.949741602], [414247.76550417184, 5317780.371858091], [414206.23050185794, 5317717.5255038645], [414170.2967278324, 5317663.144659055], [414151.7035566529, 5317634.9965022905], [414134.3409441303, 5317610.331828912], [414127.57513607154, 5317599.382739061], [414102.9487461126, 5317559.91896604], [414100.1311685218, 5317558.082315858], [414099.35426988394, 5317556.515331604], [414099.338784007, 5317553.980922515], [414108.5223203567, 5317547.985141882], [414134.4930851801, 5317587.551145125], [414188.2125292367, 5317669.413921341], [414195.94542975206, 5317681.19352464], [414237.9039339799, 5317744.900606742], [414260.7974818326, 5317779.832862315], [414267.80133323534, 5317789.766917258], [414272.02123422455, 5317796.107287687]]]}}, {"type": "Feature", "properties": {"role": "built", "landuse": "railway"}, "geometry": {"type": "Polygon", "coordinates": [[[411449.61622365384, 5318108.731125988], [411424.58452548005, 5318129.260778827], [411408.65349328413, 5318143.480347385], [411371.78059928643, 5318171.552201145], [411365.13005979714, 5318176.612927596], [411348.1390989473, 5318189.804018291], [411340.5465153924, 5318195.690844474], [411292.84694041766, 5318232.234629683], [411279.94468123844, 5318243.52852894], [411269.2442902098, 5318253.454428128], [411254.7704600795, 5318266.829293345], [411254.49152820476, 5318267.122642037], [411244.53657484706, 5318277.492878395], [411229.88641227165, 5318293.4496790515], [411228.83854180266, 5318292.254108037], [411223.9484167069, 5318286.671074332], [411222.6877800956, 5318285.223099257], [411241.0934206964, 5318266.584674726], [411263.25064333394, 5318244.51994313], [411279.84484127373, 5318227.877325632], [411290.7508656046, 5318218.704231282], [411292.96701442124, 5318216.813490734], [411308.9045935014, 5318204.016461871], [411333.28063757526, 5318186.486869584], [411358.34586985793, 5318168.168567411], [411404.73695541034, 5318133.301955113], [411422.65199872374, 5318118.095742286], [411442.9225120561, 5318100.830007174], [411471.6153793111, 5318077.764965744], [411519.47609770723, 5318032.148795976], [411548.6475002421, 5318003.295960571], [411592.69878088485, 5317959.706761479], [411597.0502654775, 5317963.742009021], [411594.79395605816, 5317965.944519292], [411570.4846582228, 5317989.864188793], [411563.14501075255, 5317997.192022849], [411546.0046088868, 5318014.309093409], [411537.57765467215, 5318022.720923843], [411524.4046891684, 5318035.874947425], [411493.43480695086, 5318065.633847978], [411489.3328091643, 5318069.5657197395], [411474.74114348495, 5318083.586600172], [411449.61622365384, 5318108.731125988]]]}}, {"type": "Feature", "properties": {"role": "built", "landuse": "railway"}, "geometry": {"type": "Polygon", "coordinates": [[[411471.6153793111, 5318077.764965744], [411472.2087641533, 5318080.935287228], [411472.6730892185, 5318082.506749389], [411473.43377616815, 5318083.462212926], [411474.74114348495, 5318083.586600172], [411489.3328091643, 5318069.5657197395], [411493.43480695086, 5318065.633847978], [411524.4046891684, 5318035.874947425], [411537.57765467215, 5318022.720923843], [411546.0046088868, 5318014.309093409], [411563.14501075255, 5317997.192022849], [411570.4846582228, 5317989.864188793], [411594.79395605816, 5317965.944519292], [411597.0502654775, 5317963.742009021], [411634.76189546974, 5317926.987538514], [411678.68630817346, 5317886.713847347], [411681.0599635352, 5317884.376165482], [411681.853046637, 5317882.585264794], [411681.7726105383, 5317880.26305217], [411681.6912595093, 5317878.85244579], [411680.2189230682, 5317877.21863586], [411678.0611069548, 5317877.096149748], [411676.51770741516, 5317878.120390266], [411638.8773863674, 5317913.728422681], [411592.69878088485, 5317959.706761479], [411548.6475002421, 5318003.295960571], [411519.47609770723, 5318032.148795976], [411471.6153793111, 5318077.764965744]]]}}, {"type": "Feature", "properties": {"role": "built", "landuse": "railway"}, "geometry": {"type": "Polygon", "coordinates": [[[411470.3009375503, 5316110.647644589], [411479.57558443525, 5316105.735729593], [411501.257033502, 5316128.758824489], [411699.77261517465, 5316340.50954549], [411712.5460512887, 5316353.053478516], [411714.9769423624, 5316355.372957117], [411716.99649741384, 5316357.632048818], [411728.50683684915, 5316371.507203531], [411764.97549726, 5316409.590116795], [411924.1346380313, 5316580.441438635], [411969.3000576375, 5316627.730634079], [411966.23193132377, 5316629.100514493], [411962.2596617849, 5316630.873330241], [411959.2137480953, 5316632.231757521], [411900.4893048555, 5316570.253628224], [411862.36305152543, 5316530.0274976585], [411812.3816410151, 5316477.287826241], [411787.2896086183, 5316450.658451442], [411719.2245147304, 5316378.820104124], [411709.4857521539, 5316368.0638684975], [411707.5988216559, 5316366.1807197165], [411705.21145140345, 5316363.293611733], [411470.3009375503, 5316110.647644589]]]}}, {"type": "Feature", "properties": {"role": "unbuildable", "amenity": "grave_yard", "name": "10"}, "geometry": {"type": "Polygon", "coordinates": [[[413708.81529912504, 5317780.598863179], [413667.2574617363, 5317731.041244063], [413683.92472854763, 5317717.228395757], [413725.7428408376, 5317766.237500521], [413708.81529912504, 5317780.598863179]]]}}, {"type": "Feature", "properties": {"role": "unbuildable", "amenity": "grave_yard", "name": "11"}, "geometry": {"type": "Polygon", "coordinates": [[[413640.948288211, 5317743.620480282], [413599.39705755364, 5317694.063232142], [413616.05681923137, 5317680.2502993], [413657.87577864947, 5317729.258917902], [413640.948288211, 5317743.620480282]]]}}, {"type": "Feature", "properties": {"role": "unbuildable", "amenity": "grave_yard", "name": "12"}, "geometry": {"type": "Polygon", "coordinates": [[[413687.18034553045, 5317798.421598056], [413645.6298981053, 5317748.864021235], [413662.2896028612, 5317735.051220617], [413704.1077806267, 5317784.060170025], [413687.18034553045, 5317798.421598056]]]}}, {"type": "Feature", "properties": {"role": "unbuildable", "amenity": "grave_yard", "name": "13"}, "geometry": {"type": "Polygon", "coordinates": [[[413579.44234581495, 5317730.859856708], [413594.4763369242, 5317714.114207152], [413629.39745726116, 5317755.8558106795], [413612.5217667564, 5317769.683073235], [413579.44234581495, 5317730.859856708]]]}}, {"type": "Feature", "properties": {"role": "unbuildable", "amenity": "grave_yard", "name": "14"}, "geometry": {"type": "Polygon", "coordinates": [[[413633.1331951617, 5317761.202487163], [413674.21012512903, 5317810.522514457], [413658.997687679, 5317824.324667766], [413617.39434665994, 5317773.734216463], [413633.1331951617, 5317761.202487163]]]}}, {"type": "Feature", "properties": {"role": "unbuildable", "amenity": "grave_yard", "name": "15"}, "geometry": {"type": "Polygon", "coordinates": [[[413560.47965733055, 5317751.255368478], [413576.65221053245, 5317733.3363950215], [413608.577434029, 5317772.299225871], [413591.59827105753, 5317787.673353395], [413560.47965733055, 5317751.255368478]]]}}, {"type": "Feature", "properties": {"role": "unbuildable", "amenity": "grave_yard", "name": "16"}, "geometry": {"type": "Polygon", "coordinates": [[[413612.20175544143, 5317778.670315823], [413653.2789174946, 5317828.001309922], [413638.0665767646, 5317841.803520147], [413596.4630003886, 5317791.202103884], [413612.20175544143, 5317778.670315823]]]}}, {"type": "Feature", "properties": {"role": "unbuildable", "amenity": "grave_yard", "name": "17"}, "geometry": {"type": "Polygon", "coordinates": [[[413541.7799847626, 5317771.769277236], [413557.9524207594, 5317753.850249217], [413587.78843608743, 5317790.798875657], [413571.3123085776, 5317805.387323981], [413541.7799847626, 5317771.769277236]]]}}, {"type": "Feature", "properties": {"role": "unbuildable", "amenity": "grave_yard", "name": "18"}, "geometry": {"type": "Polygon", "coordinates": [[[413591.90818115824, 5317795.88406593], [413632.985237555, 5317845.203802599], [413617.780616522, 5317859.017070316], [413576.1695174939, 5317808.415910977], [413591.90818115824, 5317795.88406593]]]}}, {"type": "Feature", "properties": {"role": "unbuildable", "amenity": "grave_yard", "name": "19"}, "geometry": {"type": "Polygon", "coordinates": [[[413522.6984669437, 5317792.67808572], [413538.87078341196, 5317774.759002025], [413566.5941347186, 5317807.637166951], [413548.31321014976, 5317822.252819631], [413522.6984669437, 5317792.67808572]]]}}, {"type": "Feature", "properties": {"role": "unbuildable", "amenity": "grave_yard", "name": "1"}, "geometry": {"type": "Polygon", "coordinates": [[[413745.04915469384, 5317654.8458496155], [413703.49077397614, 5317605.287970973], [413720.1510435366, 5317591.475347745], [413747.02364642126, 5317623.355501128], [413743.23467184923, 5317633.851082289], [413742.51124201575, 5317639.831692295], [413746.75388708396, 5317653.608535363], [413745.04915469384, 5317654.8458496155]]]}}, {"type": "Feature", "properties": {"role": "unbuildable", "amenity": "grave_yard", "name": "20"}, "geometry": {"type": "Polygon", "coordinates": [[[413571.3803631251, 5317814.379853843], [413612.4500159628, 5317863.699557856], [413596.2431584744, 5317879.317763604], [413554.63946326985, 5317828.716645897], [413571.3803631251, 5317814.379853843]]]}}, {"type": "Feature", "properties": {"role": "unbuildable", "amenity": "grave_yard", "name": "21"}, "geometry": {"type": "Polygon", "coordinates": [[[413503.1447767133, 5317816.406636904], [413519.3169639166, 5317798.487496009], [413542.6040331736, 5317826.563091468], [413527.41902934085, 5317842.166124711], [413503.1447767133, 5317816.406636904]]]}}, {"type": "Feature", "properties": {"role": "unbuildable", "amenity": "grave_yard", "name": "22"}, "geometry": {"type": "Polygon", "coordinates": [[[413548.5501479011, 5317833.544004493], [413596.67926253163, 5317890.961695457], [413589.6365198785, 5317918.214966471], [413531.8093609393, 5317847.880864808], [413548.5501479011, 5317833.544004493]]]}}, {"type": "Feature", "properties": {"role": "unbuildable", "amenity": "grave_yard", "name": "23"}, "geometry": {"type": "Polygon", "coordinates": [[[413426.82422932, 5317900.276199119], [413496.30106966605, 5317822.65724597], [413519.7685089028, 5317845.860843058], [413447.7408407186, 5317907.6541250395], [413426.82422932, 5317900.276199119]]]}}, {"type": "Feature", "properties": {"role": "unbuildable", "amenity": "grave_yard", "name": "24"}, "geometry": {"type": "Polygon", "coordinates": [[[413523.6559313658, 5317852.361324071], [413580.9299427396, 5317920.13566236], [413557.6444994451, 5317925.866327101], [413505.3829514691, 5317867.488378099], [413523.6559313658, 5317852.361324071]]]}}, {"type": "Feature", "properties": {"role": "unbuildable", "amenity": "grave_yard", "name": "25"}, "geometry": {"type": "Polygon", "coordinates": [[[413500.843418392, 5317872.681563041], [413549.18767529225, 5317927.527627904], [413523.1758129885, 5317939.958447682], [413481.5644183883, 5317889.357963777], [413500.843418392, 5317872.681563041]]]}}, {"type": "Feature", "properties": {"role": "unbuildable", "amenity": "grave_yard", "name": "26"}, "geometry": {"type": "Polygon", "coordinates": [[[413376.3088160752, 5317957.388673552], [413419.9961064252, 5317907.549423632], [413442.21065794374, 5317915.41915779], [413422.22640747094, 5317953.106185025], [413401.421934264, 5317953.163863637], [413376.3088160752, 5317957.388673552]]]}}, {"type": "Feature", "properties": {"role": "unbuildable", "amenity": "grave_yard", "name": "27"}, "geometry": {"type": "Polygon", "coordinates": [[[413430.25373874453, 5317949.183318478], [413437.71416398743, 5317934.363334923], [413449.9237154137, 5317915.391962395], [413461.64922544546, 5317903.409308101], [413474.7494025137, 5317892.5510276025], [413479.91822079394, 5317893.484869075], [413519.9313330587, 5317940.985541049], [413520.7750971979, 5317943.518613697], [413519.96617183706, 5317946.276652555], [413510.0196061628, 5317953.0408386085], [413486.46065592987, 5317976.273887391], [413483.4074763568, 5317978.609915484], [413479.29815525946, 5317979.1720226575], [413475.29249356454, 5317976.708779968], [413464.4893386408, 5317968.189107249], [413454.7031280154, 5317963.3004821995], [413441.9376824758, 5317958.723537022], [413432.662709585, 5317957.073381587], [413429.61968176474, 5317955.1292842915], [413429.1145991357, 5317952.302084501], [413430.25373874453, 5317949.183318478]]]}}, {"type": "Feature", "properties": {"role": "unbuildable", "amenity": "grave_yard", "name": "28"}, "geometry": {"type": "Polygon", "coordinates": [[[413402.25072458386, 5318041.85303342], [413371.2549790443, 5318038.829350759], [413351.429621052, 5318015.237951338], [413346.69244237244, 5317998.889708958], [413349.59314956795, 5317992.876213648], [413365.8128635252, 5317975.700724727], [413396.6214185091, 5317966.276291986], [413417.07901543955, 5317965.4789877795], [413402.25072458386, 5318041.85303342]]]}}, {"type": "Feature", "properties": {"role": "unbuildable", "amenity": "grave_yard", "name": "29"}, "geometry": {"type": "Polygon", "coordinates": [[[413415.16014186887, 5318037.178466928], [413428.5569965954, 5317965.306122164], [413440.0498725053, 5317966.12245806], [413463.68531053397, 5317977.217004401], [413473.32176183444, 5317987.521821022], [413472.47227967903, 5317997.495336328], [413463.7024482518, 5318011.556805439], [413436.53434536175, 5318030.886793358], [413415.16014186887, 5318037.178466928]]]}}, {"type": "Feature", "properties": {"role": "unbuildable", "amenity": "grave_yard", "name": "2"}, "geometry": {"type": "Polygon", "coordinates": [[[413751.0862013283, 5317663.915574416], [413794.80886458355, 5317711.595926647], [413810.76306433696, 5317696.971500598], [413782.66142078023, 5317666.16559773], [413771.71524080343, 5317668.508669111], [413765.6788483686, 5317668.4324563965], [413753.2723085541, 5317661.4481853675], [413751.0862013283, 5317663.915574416]]]}}, {"type": "Feature", "properties": {"role": "unbuildable", "amenity": "grave_yard", "name": "30"}, "geometry": {"type": "Polygon", "coordinates": [[[413385.486290013, 5318055.545927486], [413431.22240461624, 5318109.107395195], [413466.89970824245, 5318091.639191962], [413447.30720350135, 5318083.4742105715], [413422.14324289135, 5318069.923695616], [413407.95711148216, 5318056.196794344], [413385.486290013, 5318055.545927486]]]}}, {"type": "Feature", "properties": {"role": "unbuildable", "amenity": "grave_yard", "name": "31"}, "geometry": {"type": "Polygon", "coordinates": [[[413420.3443102783, 5318049.540182078], [413441.74097132566, 5318045.238111249], [413469.39381716325, 5318024.911446511], [413481.1092380008, 5318007.3149498245], [413490.4181335411, 5318028.5748546105], [413488.9061358787, 5318060.947744487], [413477.1983358922, 5318079.0443743365], [413457.1660262785, 5318074.865824189], [413420.3443102783, 5318049.540182078]]]}}, {"type": "Feature", "properties": {"role": "unbuildable", "amenity": "grave_yard", "name": "32"}, "geometry": {"type": "Polygon", "coordinates": [[[413500.3856203312, 5318025.690107361], [413486.21609741065, 5317988.7729455335], [413510.44464914064, 5317959.971378213], [413522.653482739, 5317951.850251393], [413565.21647565847, 5317997.823202063], [413562.73587206856, 5318004.008135814], [413562.71412044845, 5318012.979785423], [413547.65487386426, 5318026.001774406], [413525.64497641183, 5318031.202022525], [413500.3856203312, 5318025.690107361]]]}}, {"type": "Feature", "properties": {"role": "unbuildable", "amenity": "grave_yard", "name": "33"}, "geometry": {"type": "Polygon", "coordinates": [[[413570.9292315043, 5317994.257724442], [413530.5982098406, 5317946.894899501], [413555.3270294766, 5317933.972029804], [413586.819761444, 5317927.350912865], [413593.7942400345, 5317929.8029590715], [413595.81867308, 5317944.880367171], [413609.00025889475, 5317967.227283971], [413607.095668976, 5317977.49455111], [413587.31744071154, 5317994.700597512], [413578.44731269026, 5317993.177526475], [413570.9292315043, 5317994.257724442]]]}}, {"type": "Feature", "properties": {"role": "unbuildable", "amenity": "grave_yard", "name": "34"}, "geometry": {"type": "Polygon", "coordinates": [[[413441.4034027118, 5318122.39439847], [413483.5881729031, 5318172.018775878], [413505.51092644315, 5318174.946105209], [413527.48463514034, 5318169.857476643], [413541.80327295687, 5318159.203339112], [413527.9452779054, 5318134.031943829], [413481.9800832245, 5318098.38248611], [413459.2420122842, 5318113.165598205], [413441.4034027118, 5318122.39439847]]]}}, {"type": "Feature", "properties": {"role": "unbuildable", "amenity": "grave_yard", "name": "35"}, "geometry": {"type": "Polygon", "coordinates": [[[413489.3030603885, 5318087.322140294], [413501.0409837004, 5318071.226121404], [413505.5885132762, 5318041.786885699], [413528.59659840865, 5318044.431179927], [413547.98702474195, 5318039.159167044], [413568.75695111975, 5318026.407051961], [413578.31821218523, 5318031.232546618], [413578.09540067863, 5318049.65656692], [413578.47687614296, 5318075.030670298], [413576.01745745505, 5318110.408211605], [413567.82216942904, 5318129.941507298], [413556.5840322308, 5318146.040990598], [413543.3529636147, 5318129.320080312], [413489.3030603885, 5318087.322140294]]]}}, {"type": "Feature", "properties": {"role": "unbuildable", "amenity": "grave_yard", "name": "38"}, "geometry": {"type": "Polygon", "coordinates": [[[413616.8117795038, 5318101.335082021], [413593.47495888226, 5318076.305986396], [413589.70035126084, 5318057.942055167], [413592.9139550455, 5318038.983936812], [413628.6233603207, 5318056.856835214], [413666.64432689676, 5318062.26656514], [413664.48316282744, 5318117.538783334], [413646.48725244356, 5318115.819176589], [413616.8117795038, 5318101.335082021]]]}}, {"type": "Feature", "properties": {"role": "unbuildable", "amenity": "grave_yard", "name": "39"}, "geometry": {"type": "Polygon", "coordinates": [[[413587.4971408352, 5318017.076173912], [413589.84571853845, 5318014.017078894], [413591.1392573166, 5318009.750987021], [413591.1517360624, 5318004.625918246], [413588.78961419465, 5317999.83669957], [413610.09521822515, 5317981.017990429], [413613.8068238965, 5317980.795459979], [413617.480701749, 5317982.530069234], [413620.9068917084, 5317980.688768222], [413622.72487706423, 5317981.039424825], [413632.55783036153, 5317989.051471212], [413643.24097283336, 5317995.561100406], [413655.0896626782, 5318000.207840415], [413672.2592492392, 5318003.50737199], [413674.24711589544, 5318008.71356763], [413672.42985153175, 5318052.619164092], [413660.4993980869, 5318052.453720398], [413648.60890599666, 5318050.975909686], [413634.7034731175, 5318046.9603971755], [413621.44463516003, 5318042.290422798], [413604.50467732927, 5318033.4180376], [413592.796171572, 5318024.200257771], [413587.4971408352, 5318017.076173912]]]}}, {"type": "Feature", "properties": {"role": "unbuildable", "amenity": "grave_yard", "name": "3"}, "geometry": {"type": "Polygon", "coordinates": [[[413724.37845922646, 5317673.332086993], [413682.82002317347, 5317623.774355811], [413699.48018930946, 5317609.961671053], [413741.2989070819, 5317658.970888703], [413724.37845922646, 5317673.332086993]]]}}, {"type": "Feature", "properties": {"role": "unbuildable", "amenity": "grave_yard", "name": "41"}, "geometry": {"type": "Polygon", "coordinates": [[[413605.5056786662, 5318197.2991578095], [413617.57165126625, 5318179.6976671405], [413656.6049789875, 5318144.793412358], [413661.80503116496, 5318148.817433602], [413658.5725625513, 5318207.251832098], [413631.8663245977, 5318207.653042366], [413605.5056786662, 5318197.2991578095]]]}}, {"type": "Feature", "properties": {"role": "unbuildable", "amenity": "grave_yard", "name": "43"}, "geometry": {"type": "Polygon", "coordinates": [[[413671.9639631019, 5318209.351892405], [413674.0328525576, 5318141.974776193], [413680.08883303317, 5318134.446641556], [413723.20566128346, 5318132.009514891], [413740.8294612857, 5318125.3417042745], [413761.1993929437, 5318130.6723219445], [413774.2521344651, 5318143.505485989], [413775.0248379139, 5318144.294309994], [413780.3555480472, 5318157.532362945], [413778.75409939577, 5318170.618708461], [413774.3069844629, 5318182.469300337], [413765.611382502, 5318190.070284181], [413750.1123417342, 5318196.1502984855], [413722.26950678637, 5318206.806784367], [413671.9639631019, 5318209.351892405]]]}}, {"type": "Feature", "properties": {"role": "unbuildable", "amenity": "grave_yard", "name": "44"}, "geometry": {"type": "Polygon", "coordinates": [[[413682.0042845428, 5318124.4015724845], [413677.2957858683, 5318118.836022239], [413678.53133777954, 5318064.011269693], [413708.4756243331, 5318056.646990298], [413740.6705776995, 5318045.158086762], [413766.54029719095, 5318074.474229805], [413737.5756406706, 5318112.817348519], [413722.2984929942, 5318122.262515186], [413682.0042845428, 5318124.4015724845]]]}}, {"type": "Feature", "properties": {"role": "unbuildable", "amenity": "grave_yard", "name": "45"}, "geometry": {"type": "Polygon", "coordinates": [[[413676.0062729693, 5318053.3325202465], [413677.42075979896, 5318011.912036925], [413679.56291879574, 5318006.032393543], [413684.3597320508, 5318002.569719232], [413699.4998873132, 5317999.385316734], [413711.14933423395, 5317994.241197297], [413718.98390531406, 5317988.898671084], [413740.73723278707, 5318036.674913417], [413726.09322447184, 5318043.587032455], [413710.4599789883, 5318048.701988787], [413691.75788097346, 5318052.128831743], [413676.0062729693, 5318053.3325202465]]]}}, {"type": "Feature", "properties": {"role": "unbuildable", "amenity": "grave_yard", "name": "46a,b,c"}, "geometry": {"type": "Polygon", "coordinates": [[[413821.6924750327, 5318136.891002749], [413809.733732909, 5318100.996059665], [413820.6804938756, 5318105.712240027], [413847.30580071785, 5318102.867421902], [413850.35338258283, 5318106.623715819], [413821.6924750327, 5318136.891002749]]]}}, {"type": "Feature", "properties": {"role": "unbuildable", "amenity": "grave_yard", "name": "46"}, "geometry": {"type": "Polygon", "coordinates": [[[413744.5507563802, 5318116.325663817], [413775.140076721, 5318081.359973214], [413797.54473278753, 5318095.520347378], [413798.65933591116, 5318096.226229356], [413809.09667761595, 5318117.214007292], [413816.4999761163, 5318138.836485443], [413815.1255141367, 5318146.171993146], [413785.8470833461, 5318177.515949522], [413784.59327969735, 5318172.999071082], [413785.6743757861, 5318164.011540684], [413781.58848261886, 5318143.250923593], [413779.1161276427, 5318139.552738297], [413769.64175196004, 5318127.566349545], [413744.5507563802, 5318116.325663817]]]}}, {"type": "Feature", "properties": {"role": "unbuildable", "amenity": "grave_yard", "name": "47a"}, "geometry": {"type": "Polygon", "coordinates": [[[413852.0437710065, 5318092.491078118], [413825.4340363465, 5318095.880365998], [413806.32485158, 5318091.553366945], [413803.4113090433, 5318089.773888281], [413783.8067106089, 5318077.783751382], [413799.9862331512, 5318063.333748851], [413802.334318502, 5318061.230801025], [413827.7375486845, 5318049.9998713], [413837.4402858566, 5318061.79394476], [413833.0526901955, 5318068.174092618], [413852.0437710065, 5318092.491078118]]]}}, {"type": "Feature", "properties": {"role": "unbuildable", "amenity": "grave_yard", "name": "47b"}, "geometry": {"type": "Polygon", "coordinates": [[[413878.60044495855, 5318067.1357835075], [413849.25602299575, 5318033.40224483], [413857.7604593542, 5318019.990142919], [413861.8604909051, 5318003.37569265], [413915.14143484755, 5318000.142961595], [413893.922866127, 5318054.711046067], [413878.60044495855, 5318067.1357835075]]]}}, {"type": "Feature", "properties": {"role": "unbuildable", "amenity": "grave_yard", "name": "47c"}, "geometry": {"type": "Polygon", "coordinates": [[[413905.01788511436, 5318040.437563784], [413920.948864549, 5318001.8902795], [413923.52116577805, 5317998.31660009], [413926.910876082, 5317997.5210149], [413950.92197426467, 5317992.425762137], [413953.20732202585, 5317993.1030324735], [413953.32149732136, 5317995.7471360685], [413950.85325633205, 5317999.297010211], [413912.12795821886, 5318042.498868068], [413905.6200760459, 5318046.776273605], [413903.677012112, 5318044.048393175], [413905.01788511436, 5318040.437563784]]]}}, {"type": "Feature", "properties": {"role": "unbuildable", "amenity": "grave_yard", "name": "48"}, "geometry": {"type": "Polygon", "coordinates": [[[413775.2275207761, 5318071.275659944], [413749.06595279026, 5318039.9072365565], [413768.22618418495, 5318015.796331335], [413781.28027643054, 5317978.470182634], [413821.00306460913, 5317971.982604812], [413846.285681842, 5317962.132069688], [413852.36503262626, 5317973.558033622], [413855.0760976499, 5318000.153414362], [413849.66093816294, 5318016.120567095], [413838.3195574571, 5318030.375616936], [413827.35092048894, 5318035.653791487], [413806.67743647326, 5318044.423673332], [413775.2275207761, 5318071.275659944]]]}}, {"type": "Feature", "properties": {"role": "unbuildable", "amenity": "grave_yard", "name": "49"}, "geometry": {"type": "Polygon", "coordinates": [[[413741.0060367213, 5318031.223612757], [413721.00100367196, 5317986.611671376], [413761.0122007943, 5317954.105872878], [413771.28129940724, 5317966.836278375], [413775.0437458645, 5317975.473234112], [413774.38060248434, 5317984.476727826], [413765.65878341405, 5318013.722639653], [413752.52739607164, 5318028.4827422565], [413745.99661694106, 5318033.216466355], [413743.00217628054, 5318033.505969103], [413741.0060367213, 5318031.223612757]]]}}, {"type": "Feature", "properties": {"role": "unbuildable", "amenity": "grave_yard", "name": "4"}, "geometry": {"type": "Polygon", "coordinates": [[[413770.61024001706, 5317728.133866927], [413729.05258726643, 5317678.575807007], [413745.7126964826, 5317664.763254471], [413787.5306326038, 5317713.772802929], [413770.61024001706, 5317728.133866927]]]}}, {"type": "Feature", "properties": {"role": "unbuildable", "amenity": "grave_yard", "name": "50"}, "geometry": {"type": "Polygon", "coordinates": [[[413780.58897082706, 5317966.696670601], [413768.3105780217, 5317952.795767251], [413807.08898153756, 5317917.640749275], [413839.6991957114, 5317951.21397161], [413818.79884349334, 5317962.288391578], [413780.58897082706, 5317966.696670601]]]}}, {"type": "Feature", "properties": {"role": "unbuildable", "amenity": "grave_yard", "name": "51"}, "geometry": {"type": "Polygon", "coordinates": [[[413848.26694604615, 5317947.494816898], [413818.60262275167, 5317908.396768174], [413854.89925602847, 5317878.337469689], [413874.90069908125, 5317907.819854955], [413868.05933834636, 5317927.688136522], [413848.26694604615, 5317947.494816898]]]}}, {"type": "Feature", "properties": {"role": "unbuildable", "amenity": "grave_yard", "name": "52"}, "geometry": {"type": "Polygon", "coordinates": [[[413876.69076403516, 5317899.833363692], [413857.1004103229, 5317871.4009139845], [413891.9271757549, 5317843.287104989], [413895.68082874996, 5317843.375401463], [413907.96015210706, 5317860.3336946815], [413917.1122618484, 5317877.194320247], [413914.3828802498, 5317882.237778177], [413894.95319258503, 5317890.421736671], [413885.0662724526, 5317899.707893164], [413882.1388166388, 5317901.485977395], [413876.69076403516, 5317899.833363692]]]}}, {"type": "Feature", "properties": {"role": "unbuildable", "amenity": "grave_yard", "name": "53a"}, "geometry": {"type": "Polygon", "coordinates": [[[413859.5906686237, 5317995.272160113], [413858.19523699925, 5317973.337263032], [413852.17317459115, 5317958.764362089], [413852.29720414814, 5317955.093938151], [413859.07379702094, 5317948.333387458], [413866.02666426206, 5317940.3918165425], [413869.8014279739, 5317939.901701244], [413885.00774103426, 5317943.108999262], [413895.6415252344, 5317943.3499206295], [413903.8250932118, 5317941.370834793], [413923.09804036346, 5317931.199330242], [413926.1994813718, 5317931.575332485], [413928.5383188628, 5317933.8303868985], [413928.98088928405, 5317937.481207456], [413925.51618296443, 5317972.629012312], [413920.7559952271, 5317991.999160799], [413916.7193589958, 5317994.427498931], [413868.080824079, 5317998.82462518], [413861.66984584765, 5317998.120272368], [413859.5906686237, 5317995.272160113]]]}}, {"type": "Feature", "properties": {"role": "unbuildable", "amenity": "grave_yard", "name": "53"}, "geometry": {"type": "Polygon", "coordinates": [[[413872.4062497216, 5317934.515463325], [413872.0653924311, 5317930.685252458], [413882.6833052648, 5317906.958433621], [413890.8397830917, 5317898.187334243], [413900.5243422882, 5317891.327694429], [413914.8753080515, 5317885.231956359], [413918.3102286111, 5317885.458442092], [413920.4849766496, 5317887.215692062], [413921.67164538807, 5317889.74368419], [413927.02398041403, 5317906.427767439], [413928.5676203703, 5317922.335115084], [413924.03718413576, 5317927.160964734], [413902.9213348049, 5317938.805258471], [413894.8428427447, 5317940.82723907], [413884.0089827816, 5317940.177992335], [413874.77134692937, 5317937.526049666], [413872.4062497216, 5317934.515463325]]]}}, {"type": "Feature", "properties": {"role": "unbuildable", "amenity": "grave_yard", "name": "54"}, "geometry": {"type": "Polygon", "coordinates": [[[413926.47565014806, 5317983.898259872], [413929.2688559641, 5317966.180629081], [413932.2692921183, 5317940.878199483], [413947.90303311, 5317930.283241339], [413972.22896012524, 5317908.819359409], [413976.47668042255, 5317903.541988779], [413981.14773298043, 5317902.126953221], [413983.99480173504, 5317902.951467426], [413986.8523714396, 5317904.97644639], [413993.32950382563, 5317914.584553056], [413996.1008773593, 5317923.314290289], [413996.7906915695, 5317930.529926796], [413996.7580904171, 5317938.32333088], [413993.09062822495, 5317950.473339941], [413991.3841562135, 5317952.588840471], [413977.75341727224, 5317968.423097511], [413963.4014315388, 5317983.412185778], [413957.2242315351, 5317987.362191536], [413945.1662230629, 5317990.144031076], [413936.6700041493, 5317992.661349855], [413929.5579742727, 5317991.967417172], [413926.69400960405, 5317988.019345794], [413926.47565014806, 5317983.898259872]]]}}, {"type": "Feature", "properties": {"role": "unbuildable", "amenity": "grave_yard", "name": "55a"}, "geometry": {"type": "Polygon", "coordinates": [[[413931.14035052044, 5317900.351915072], [413928.8730113982, 5317899.385344567], [413923.32246725087, 5317882.915447904], [413937.5796920627, 5317871.5517804995], [413946.4483840533, 5317864.004073084], [413949.3442721295, 5317863.104727019], [413954.42097924266, 5317865.863536865], [413960.7509585279, 5317874.106437993], [413960.28619047673, 5317879.438368655], [413955.61404283484, 5317882.276394906], [413935.8007759027, 5317898.725781251], [413933.5319219011, 5317900.149356297], [413931.14035052044, 5317900.351915072]]]}}, {"type": "Feature", "properties": {"role": "unbuildable", "amenity": "grave_yard", "name": "55b"}, "geometry": {"type": "Polygon", "coordinates": [[[413903.50064957776, 5317842.502336576], [413921.7050796776, 5317875.535837263], [413926.5900251764, 5317875.451578087], [413941.70843348216, 5317863.80822311], [413930.07613002043, 5317850.197464735], [413926.91526704, 5317851.8345003575], [413913.5090199027, 5317835.837976136], [413909.02237856766, 5317839.60707798], [413903.50064957776, 5317842.502336576]]]}}, {"type": "Feature", "properties": {"role": "unbuildable", "amenity": "grave_yard", "name": "56a"}, "geometry": {"type": "Polygon", "coordinates": [[[413853.78226145456, 5317863.5354300225], [413819.4546198839, 5317823.906942711], [413851.95335235284, 5317795.749978274], [413864.4483600443, 5317812.649367115], [413866.3336726098, 5317829.440930539], [413866.0087019152, 5317844.097822938], [413853.78226145456, 5317863.5354300225]]]}}, {"type": "Feature", "properties": {"role": "unbuildable", "amenity": "grave_yard", "name": "57a"}, "geometry": {"type": "Polygon", "coordinates": [[[413814.85231519345, 5317829.412084039], [413821.27499510656, 5317837.353292591], [413824.4235741273, 5317846.3441042015], [413824.34220849985, 5317852.859806118], [413821.80992514675, 5317859.601235324], [413818.7427047757, 5317864.994427791], [413799.1738176482, 5317842.4982501585], [413814.85231519345, 5317829.412084039]]]}}, {"type": "Feature", "properties": {"role": "unbuildable", "amenity": "grave_yard", "name": "57b"}, "geometry": {"type": "Polygon", "coordinates": [[[413777.79091306427, 5317860.21681357], [413784.5821887582, 5317867.863415136], [413792.95383101003, 5317872.451420804], [413799.40674983687, 5317873.455227379], [413806.5028665472, 5317872.081505038], [413812.33467888576, 5317869.97079959], [413793.34781527705, 5317846.987890308], [413777.79091306427, 5317860.21681357]]]}}, {"type": "Feature", "properties": {"role": "unbuildable", "amenity": "grave_yard", "name": "57c"}, "geometry": {"type": "Polygon", "coordinates": [[[413792.71775496256, 5317877.602069915], [413811.414662036, 5317898.666105117], [413827.7513964244, 5317884.213843432], [413818.4029680689, 5317873.681792099], [413813.1426052174, 5317875.594937365], [413806.53643954, 5317877.305928335], [413801.26633540605, 5317877.5739346165], [413792.71775496256, 5317877.602069915]]]}}, {"type": "Feature", "properties": {"role": "unbuildable", "amenity": "grave_yard", "name": "57d"}, "geometry": {"type": "Polygon", "coordinates": [[[413831.1931824974, 5317846.576136221], [413849.0936242643, 5317869.25305839], [413833.9406832516, 5317884.054369328], [413822.990224974, 5317871.156197553], [413825.7747395767, 5317866.311971429], [413828.5760583042, 5317860.100120678], [413830.41652911424, 5317852.991090969], [413831.1931824974, 5317846.576136221]]]}}, {"type": "Feature", "properties": {"role": "unbuildable", "amenity": "grave_yard", "name": "58a"}, "geometry": {"type": "Polygon", "coordinates": [[[413744.31113769417, 5317883.5975691], [413770.23008855723, 5317861.942164435], [413806.7029292951, 5317904.8287911825], [413744.8437772905, 5317895.729197913], [413742.99242036196, 5317893.15562917], [413742.7949224206, 5317888.445040143], [413744.31113769417, 5317883.5975691]]]}}, {"type": "Feature", "properties": {"role": "unbuildable", "amenity": "grave_yard", "name": "58b"}, "geometry": {"type": "Polygon", "coordinates": [[[413764.88624452206, 5317940.840916646], [413736.9206387113, 5317909.0993927615], [413738.94040149625, 5317903.010391298], [413801.434888677, 5317909.710266506], [413764.88624452206, 5317940.840916646]]]}}, {"type": "Feature", "properties": {"role": "unbuildable", "amenity": "grave_yard", "name": "59"}, "geometry": {"type": "Polygon", "coordinates": [[[413717.9948457685, 5317979.164019539], [413704.20709367195, 5317948.2103884155], [413701.04237372533, 5317941.63224106], [413726.9294913696, 5317920.866455215], [413754.08968678646, 5317955.110193311], [413725.63577864494, 5317979.80528642], [413723.3939553333, 5317980.539295108], [413719.8954612115, 5317980.547335554], [413717.9948457685, 5317979.164019539]]]}}, {"type": "Feature", "properties": {"role": "unbuildable", "amenity": "grave_yard", "name": "5"}, "geometry": {"type": "Polygon", "coordinates": [[[413704.7771905842, 5317690.990818997], [413663.2187029409, 5317641.433227647], [413679.8862291281, 5317627.62037255], [413721.7049957104, 5317676.629449487], [413704.7771905842, 5317690.990818997]]]}}, {"type": "Feature", "properties": {"role": "unbuildable", "amenity": "grave_yard", "name": "60"}, "geometry": {"type": "Polygon", "coordinates": [[[413678.03005799773, 5317999.829961813], [413680.89948176953, 5317949.483020796], [413690.19550206064, 5317948.565261309], [413698.63699514524, 5317944.391985083], [413702.4083246447, 5317951.127777846], [413716.42504221754, 5317982.922850454], [413715.86791574897, 5317987.0555722695], [413707.69544716575, 5317992.74779801], [413697.8126178093, 5317996.809299064], [413688.04697345546, 5317999.234877569], [413678.03005799773, 5317999.829961813]]]}}, {"type": "Feature", "properties": {"role": "unbuildable", "amenity": "grave_yard", "name": "61"}, "geometry": {"type": "Polygon", "coordinates": [[[413627.61717534275, 5317972.016829996], [413662.47868914047, 5317942.355812604], [413668.815382531, 5317946.551759612], [413677.0398085553, 5317949.285289561], [413674.7879326152, 5317999.522907803], [413665.31473331817, 5317999.565122429], [413655.91144375794, 5317997.805368784], [413644.26033192204, 5317993.400230186], [413634.1603063462, 5317987.471032731], [413624.00609834085, 5317978.930200598], [413627.61717534275, 5317972.016829996]]]}}, {"type": "Feature", "properties": {"role": "unbuildable", "amenity": "grave_yard", "name": "62"}, "geometry": {"type": "Polygon", "coordinates": [[[413614.50963557273, 5317961.541584318], [413604.99675618106, 5317944.553436955], [413602.6088271487, 5317926.13530937], [413649.86774912756, 5317921.73443898], [413653.18002314016, 5317931.17849709], [413614.50963557273, 5317961.541584318]]]}}, {"type": "Feature", "properties": {"role": "unbuildable", "amenity": "grave_yard", "name": "63"}, "geometry": {"type": "Polygon", "coordinates": [[[413602.99186123203, 5317916.380051776], [413605.86859565985, 5317896.837816776], [413619.58193373005, 5317877.12162662], [413656.15998368035, 5317899.128257802], [413649.36317790556, 5317911.981402535], [413602.99186123203, 5317916.380051776]]]}}, {"type": "Feature", "properties": {"role": "unbuildable", "amenity": "grave_yard", "name": "64"}, "geometry": {"type": "Polygon", "coordinates": [[[413661.63602894737, 5317892.209134664], [413631.975550113, 5317874.823207531], [413661.1813392027, 5317848.026394241], [413683.5128230047, 5317874.1269700015], [413661.63602894737, 5317892.209134664]]]}}, {"type": "Feature", "properties": {"role": "unbuildable", "amenity": "grave_yard", "name": "65a"}, "geometry": {"type": "Polygon", "coordinates": [[[413718.49558594084, 5317861.929102208], [413721.63283508865, 5317806.531126442], [413748.8321077037, 5317839.86267912], [413724.33283671876, 5317863.164403016], [413718.49558594084, 5317861.929102208]]]}}, {"type": "Feature", "properties": {"role": "unbuildable", "amenity": "grave_yard", "name": "65b"}, "geometry": {"type": "Polygon", "coordinates": [[[413701.6397694277, 5317866.139716916], [413679.23824784823, 5317835.371038234], [413712.9144894569, 5317807.184469978], [413710.8360073895, 5317862.04406771], [413701.6397694277, 5317866.139716916]]]}}, {"type": "Feature", "properties": {"role": "unbuildable", "amenity": "grave_yard", "name": "66a"}, "geometry": {"type": "Polygon", "coordinates": [[[413791.3166594738, 5317803.073381175], [413784.31948818476, 5317795.629962018], [413775.82427237893, 5317791.266156994], [413769.3517162976, 5317790.451655673], [413762.2956314782, 5317792.013807394], [413756.51846496254, 5317794.290494875], [413776.1392199418, 5317816.74128915], [413791.3166594738, 5317803.073381175]]]}}, {"type": "Feature", "properties": {"role": "unbuildable", "amenity": "grave_yard", "name": "66b"}, "geometry": {"type": "Polygon", "coordinates": [[[413755.1358665811, 5317834.898917343], [413748.492011237, 5317827.138968374], [413745.0910562743, 5317818.240916669], [413744.993335789, 5317811.727898566], [413747.337929198, 5317804.911432127], [413750.24732680747, 5317799.4427509], [413770.4423323153, 5317821.384651691], [413755.1358665811, 5317834.898917343]]]}}, {"type": "Feature", "properties": {"role": "unbuildable", "amenity": "grave_yard", "name": "66c"}, "geometry": {"type": "Polygon", "coordinates": [[[413739.08918320853, 5317816.97471331], [413720.811536954, 5317795.548869619], [413737.4671070711, 5317781.45842728], [413746.6022073808, 5317792.1714240685], [413743.96059472254, 5317797.091362734], [413741.3320405451, 5317803.378481522], [413740.32034451724, 5317808.540771203], [413739.08918320853, 5317816.97471331]]]}}, {"type": "Feature", "properties": {"role": "unbuildable", "amenity": "grave_yard", "name": "66d"}, "geometry": {"type": "Polygon", "coordinates": [[[413776.6835844759, 5317784.894421833], [413757.41211461404, 5317764.350485108], [413741.4773263193, 5317779.252699899], [413751.1130836332, 5317789.524633886], [413756.31896490685, 5317787.456614926], [413762.8778041461, 5317785.568408991], [413768.1458246658, 5317785.15588181], [413776.6835844759, 5317784.894421833]]]}}, {"type": "Feature", "properties": {"role": "unbuildable", "amenity": "grave_yard", "name": "67a"}, "geometry": {"type": "Polygon", "coordinates": [[[413796.3607539263, 5317796.683364334], [413766.8251455043, 5317761.763573054], [413786.80868800165, 5317751.692134464], [413805.60168217774, 5317752.76659696], [413819.5393531263, 5317756.904338935], [413830.2324447531, 5317769.53956074], [413796.3607539263, 5317796.683364334]]]}}, {"type": "Feature", "properties": {"role": "unbuildable", "amenity": "grave_yard", "name": "67b"}, "geometry": {"type": "Polygon", "coordinates": [[[413785.05330166395, 5317743.580914552], [413814.3540053718, 5317719.540480535], [413812.45675012213, 5317738.289719384], [413813.6311486863, 5317743.975063609], [413803.54203444335, 5317742.770067204], [413785.05330166395, 5317743.580914552]]]}}, {"type": "Feature", "properties": {"role": "unbuildable", "amenity": "grave_yard", "name": "6"}, "geometry": {"type": "Polygon", "coordinates": [[[413751.0090275991, 5317745.792443347], [413709.4513232588, 5317696.23452326], [413726.1187924538, 5317682.421800445], [413767.93677738437, 5317731.431208188], [413751.0090275991, 5317745.792443347]]]}}, {"type": "Feature", "properties": {"role": "unbuildable", "amenity": "grave_yard", "name": "7"}, "geometry": {"type": "Polygon", "coordinates": [[[413682.7411488427, 5317708.952982078], [413641.1825902337, 5317659.3955479115], [413657.84255288413, 5317645.582739301], [413699.661387536, 5317694.591657954], [413682.7411488427, 5317708.952982078]]]}}, {"type": "Feature", "properties": {"role": "unbuildable", "amenity": "grave_yard", "name": "8"}, "geometry": {"type": "Polygon", "coordinates": [[[413728.96560516185, 5317763.754543466], [413687.4152881903, 5317714.196668639], [413704.07519392006, 5317700.383992251], [413745.89324691973, 5317749.393241711], [413728.96560516185, 5317763.754543466]]]}}, {"type": "Feature", "properties": {"role": "unbuildable", "amenity": "grave_yard", "name": "9"}, "geometry": {"type": "Polygon", "coordinates": [[[413662.5833166039, 5317725.797573697], [413621.02469591156, 5317676.24028332], [413637.69201971596, 5317662.427302733], [413679.51091365836, 5317711.4360766895], [413662.5833166039, 5317725.797573697]]]}}, {"type": "Feature", "properties": {"role": "built", "landuse": "construction"}, "geometry": {"type": "Polygon", "coordinates": [[[414034.4381608378, 5316491.714369286], [414037.7714789831, 5316498.067839055], [414044.6362537678, 5316496.075376376], [414048.2660856142, 5316500.801363516], [414055.81724567915, 5316495.307972537], [414047.8591232516, 5316484.554643891], [414034.4381608378, 5316491.714369286]]]}}, {"type": "Feature", "properties": {"role": "built", "landuse": "railway"}, "geometry": {"type": "Polygon", "coordinates": [[[410205.54214716156, 5315712.875477986], [410208.9172728349, 5315727.819653113], [410210.46411345695, 5315734.643592269], [410209.17178658023, 5315737.431901033], [410206.1341002475, 5315741.714899884], [410204.98145767493, 5315742.933529777], [410203.3842750337, 5315745.793300738], [410199.46708449844, 5315735.804663287], [410198.0717024422, 5315733.425169775], [410188.72476812964, 5315723.643590037], [410186.3386225041, 5315721.85765218], [410184.97099525924, 5315720.778419555], [410162.854840287, 5315707.638810594], [410160.559950868, 5315706.440660019], [410161.244107147, 5315705.32939066], [410161.9941982903, 5315704.13927257], [410163.2620629495, 5315705.042185555], [410187.9241787515, 5315719.209281423], [410192.67790372693, 5315723.02602368], [410200.9346563724, 5315731.812978659], [410202.25317280635, 5315733.571119666], [410203.1609898961, 5315732.923278848], [410202.67342446436, 5315730.852007171], [410199.0180658378, 5315712.299178831], [410193.50818293117, 5315681.079669117], [410193.12194264994, 5315678.806710093], [410192.68087152403, 5315676.845883571], [410188.6433750985, 5315654.374719965], [410185.5631384154, 5315642.071802129], [410182.91529559344, 5315636.910377273], [410183.1089373344, 5315635.451024703], [410183.30066904705, 5315631.95728776], [410186.7761806427, 5315636.594408362], [410191.1199543334, 5315643.786007177], [410195.19302848156, 5315656.106779787], [410199.07624660374, 5315677.301898579], [410199.71078265714, 5315679.704386245], [410205.54214716156, 5315712.875477986]]]}}, {"type": "Feature", "properties": {"role": "built", "landuse": "railway"}, "geometry": {"type": "Polygon", "coordinates": [[[414005.64705402486, 5314213.599197033], [413999.1595473508, 5314195.064397337], [413997.3621327212, 5314187.176102647], [413996.0263790145, 5314177.2131873015], [413994.3584296811, 5314166.999550281], [413995.6381719819, 5314147.737267763], [413995.2024571962, 5314138.06105701], [413993.04296580306, 5314129.422232783], [413993.1734656604, 5314089.7000037925], [413990.24756738136, 5314088.220726939], [413990.8146687471, 5314045.245874349], [413991.13777895493, 5313999.92902946], [413992.75046025554, 5313973.969473055], [413995.2577283299, 5313946.429085013], [413999.15238204633, 5313919.312641745], [414003.1643417263, 5313892.550187733], [414007.07540365035, 5313869.524484681], [414012.0421460372, 5313845.704840714], [414018.48006181465, 5313821.918811135], [414026.056646151, 5313799.394213395], [414039.71054568863, 5313758.9142063735], [414051.33479350584, 5313726.979995459], [414065.55369424203, 5313695.318347431], [414092.65863735904, 5313631.692678909], [414146.6697179541, 5313502.99957807], [414163.59306135296, 5313466.3842698485], [414165.3728304846, 5313463.078286707], [414169.8328784312, 5313454.774264487], [414180.4528116623, 5313437.507235529], [414187.9383565172, 5313425.322843337], [414196.77076148696, 5313413.340722662], [414223.5162751912, 5313380.014305329], [414242.5686919796, 5313357.463588915], [414260.2018207103, 5313338.3580396455], [414275.1258005297, 5313323.317154462], [414288.27261523093, 5313311.760080319], [414298.938140414, 5313303.030280344], [414304.99801440234, 5313298.3599708155], [414313.8815676504, 5313291.791142359], [414323.8772969991, 5313285.205776787], [414332.38197451574, 5313280.265662602], [414340.4857073465, 5313276.476552648], [414375.40034870664, 5313259.2153358], [414375.07693560317, 5313258.553140807], [414374.7918350832, 5313257.957076517], [414377.62245936133, 5313257.025637365], [414387.7092980987, 5313252.039843577], [414400.827852177, 5313245.586046484], [414419.23423382186, 5313236.252252686], [414434.47760559985, 5313228.088320162], [414439.840428174, 5313224.729177496], [414471.16663924005, 5313203.586561455], [414486.15863736335, 5313194.070262009], [414494.11069914233, 5313189.605506137], [414509.37719355314, 5313176.950271065], [414529.3253558831, 5313166.337754971], [414527.0766653493, 5313165.737484494], [414524.38717365573, 5313166.122032526], [414508.3641303714, 5313173.585824502], [414494.7286300007, 5313181.948008998], [414479.8513563558, 5313191.6515652165], [414466.6051683605, 5313201.0863601], [414465.28264319553, 5313201.517328259], [414441.2464840678, 5313217.36011167], [414423.9416761735, 5313227.477863927], [414408.3027145114, 5313235.647705918], [414394.00233598676, 5313241.452053121], [414385.36933601694, 5313246.305047336], [414375.31506736146, 5313249.967467165], [414371.99682739226, 5313253.251794378], [414371.69679796015, 5313252.655952276], [414371.41202743695, 5313252.082116738], [414337.0682894476, 5313269.079176567], [414323.60580306884, 5313276.494281713], [414311.468618558, 5313284.667866152], [414301.7052442556, 5313292.317003359], [414294.4407934835, 5313297.816771935], [414285.3674891282, 5313305.177746165], [414274.81623303803, 5313315.062013203], [414255.3471520661, 5313334.21709179], [414237.01319354423, 5313354.889442766], [414217.8959429884, 5313377.096524278], [414191.79036968446, 5313409.779773897], [414182.23974752845, 5313423.162204349], [414173.720707946, 5313435.128560073], [414164.54416987766, 5313450.562047223], [414158.49743763456, 5313461.101969652], [414157.15373889636, 5313463.612162002], [414138.3272925789, 5313502.268009657], [414085.06109590485, 5313629.338143839], [414057.58088951407, 5313693.32518936], [414043.9514923416, 5313725.967448314], [414031.62106973253, 5313758.101206974], [414017.9812989966, 5313797.024674394], [414011.4338919406, 5313820.979090225], [414005.67915087123, 5313844.521469441], [414000.1110361116, 5313867.560813032], [413995.6684608181, 5313891.483805794], [413991.67512533226, 5313918.990812089], [413988.36844482465, 5313945.987307206], [413985.7782831681, 5313973.473353939], [413984.3764410751, 5314000.052302249], [413983.79814201326, 5314045.272911573], [413984.12278738734, 5314085.477476179], [413982.9139310978, 5314085.506659096], [413983.774093056, 5314125.080683019], [413983.7943460194, 5314125.936372976], [413984.03259167325, 5314129.890388765], [413986.3126793717, 5314168.075829846], [413988.98956052086, 5314211.335715998], [413999.0181557351, 5314284.011937067], [414006.63124075264, 5314339.915682652], [414013.0562930507, 5314395.247999978], [414016.18757856666, 5314450.951923887], [414016.98459232564, 5314606.208265365], [414018.29557312815, 5314641.995873598], [414019.52984567726, 5314665.656205919], [414022.1655014373, 5314695.687758605], [414029.3604816778, 5314754.121311167], [414030.39620944567, 5314760.998251387], [414034.6853281219, 5314760.823006235], [414034.5347279401, 5314741.748833661], [414029.4849837907, 5314684.51719164], [414027.3186033687, 5314659.91473883], [414026.08425524976, 5314630.751593716], [414023.601867997, 5314602.485322579], [414023.202780025, 5314555.289378967], [414023.5657945599, 5314521.133167545], [414023.0481558923, 5314438.520903549], [414020.9216831149, 5314397.109276172], [414017.4989042011, 5314368.356808762], [414012.8642757028, 5314337.932697774], [414004.78642522567, 5314283.392138511], [414001.04638496856, 5314252.398831397], [413997.95069459686, 5314233.057409927], [413996.6223472514, 5314220.092850419], [413997.46961169457, 5314218.846226144], [413998.70679695916, 5314218.716571112], [414005.64705402486, 5314213.599197033]]]}}, {"type": "Feature", "properties": {"role": "built", "landuse": "railway"}, "geometry": {"type": "Polygon", "coordinates": [[[411881.32624496624, 5317734.7034982415], [411884.2857193684, 5317732.612615839], [411885.8192774422, 5317730.454653915], [411886.9267820285, 5317727.269344728], [411887.1575785401, 5317726.265280642], [411885.24936624104, 5317723.448584519], [411883.11111160036, 5317722.658702375], [411879.8467099759, 5317722.864375147], [411874.31347331434, 5317725.928536861], [411831.66390939895, 5317752.6962181255], [411830.1455517585, 5317753.89790296], [411802.3755971601, 5317772.644632734], [411771.4109619618, 5317795.153598569], [411734.8322462627, 5317825.152836363], [411700.60160652973, 5317855.4942299165], [411698.4335182525, 5317857.61752298], [411696.9098599389, 5317859.441876838], [411696.28779606574, 5317861.196797301], [411696.3046974686, 5317862.2971183825], [411696.83502221527, 5317863.311734245], [411697.7389414664, 5317864.365079566], [411699.1262799237, 5317865.322063891], [411700.1086008315, 5317865.651601845], [411702.0126698524, 5317865.766876766], [411708.1945615717, 5317861.236256156], [411743.12740540446, 5317831.929122811], [411775.9114480892, 5317806.468309809], [411812.0885145002, 5317779.4437353425], [411837.75924925803, 5317762.452374002], [411838.80828126485, 5317761.780385765], [411881.32624496624, 5317734.7034982415]]]}}, {"type": "Feature", "properties": {"role": "built", "landuse": "railway"}, "geometry": {"type": "Polygon", "coordinates": [[[412186.82803060056, 5317463.71144898], [412184.9546651079, 5317462.194806444], [412148.29841637705, 5317509.368146185], [412137.93630032346, 5317522.088639688], [412113.8418191476, 5317549.593372607], [412090.59975885047, 5317573.7945627505], [412067.4453170033, 5317596.88281787], [412030.30176558817, 5317628.178295189], [412016.9991344697, 5317638.353765873], [411999.8358441969, 5317650.233670657], [411980.38207321474, 5317663.071403268], [411919.4877914412, 5317699.344841344], [411906.2865261005, 5317706.862072135], [411902.64344449266, 5317709.61931877], [411901.83014159696, 5317712.044162678], [411901.8063398782, 5317713.411913861], [411902.879984218, 5317715.318696058], [411904.68101211416, 5317717.470022491], [411905.5994552136, 5317718.011796958], [411908.80909661343, 5317717.640223541], [411912.0961138166, 5317715.989015673], [411944.50445443916, 5317696.593707321], [411960.1638977195, 5317686.882231951], [411976.21849336487, 5317676.66448757], [411996.7170230593, 5317662.876922227], [412005.43143068405, 5317656.595858583], [412009.54870671715, 5317653.620199873], [412021.84903099143, 5317644.738498188], [412030.38937206863, 5317637.8042374225], [412046.16576699825, 5317624.989585963], [412072.5784038728, 5317602.273851939], [412097.3384812274, 5317579.294471358], [412119.58278826746, 5317555.219728775], [412144.6660330064, 5317526.999542901], [412154.9203364087, 5317514.058369935], [412187.9331385063, 5317473.05503676], [412191.68545236875, 5317467.661596048], [412190.0160217375, 5317466.308591506], [412186.82803060056, 5317463.71144898]]]}}, {"type": "Feature", "properties": {"role": "built", "landuse": "construction"}, "geometry": {"type": "Polygon", "coordinates": [[[412055.3265701014, 5315020.931092202], [412107.22224413976, 5315023.917884819], [412108.4973104425, 5314967.1577392155], [412058.6058429593, 5314963.484392408], [412055.3265701014, 5315020.931092202]]]}}, {"type": "Feature", "properties": {"role": "unbuildable", "amenity": "grave_yard", "name": "Magdalenenplatz"}, "geometry": {"type": "Polygon", "coordinates": [[[413932.45184639725, 5317931.148213973], [413932.1593215917, 5317920.080201422], [413930.7621594451, 5317908.973143296], [413932.20652992505, 5317905.7943303045], [413956.54481774534, 5317885.152846523], [413960.07148069947, 5317884.0328442585], [413964.5394262331, 5317883.999325731], [413969.17901625286, 5317885.964276225], [413972.1346064694, 5317889.054999551], [413974.4216461121, 5317892.833856969], [413975.160904819, 5317897.369588938], [413974.17669059447, 5317902.38690267], [413971.0010614559, 5317906.525428485], [413948.11589980323, 5317925.566506765], [413941.4969038006, 5317931.401890158], [413939.5383073669, 5317932.6207151245], [413938.06046600745, 5317933.065280143], [413934.08925646055, 5317932.891279876], [413932.45184639725, 5317931.148213973]]]}}, {"type": "Feature", "properties": {"role": "built", "landuse": "construction", "name": "Kleineschholz"}, "geometry": {"type": "Polygon", "coordinates": [[[412878.9304010507, 5317198.460883061], [412869.53522987827, 5317199.803867725], [412849.86918677815, 5317194.921428094], [412740.0244478651, 5317148.751293303], [412707.0006338149, 5317139.2806724375], [412676.3519756142, 5317134.4099195395], [412653.53639254946, 5317132.433018661], [412632.07644577767, 5317131.2916122535], [412628.67588305264, 5317125.996046543], [412677.73465519235, 5317103.61731249], [412688.69138557534, 5317093.568000075], [412711.12748202967, 5317072.99459763], [412789.77266759245, 5317025.221464166], [412837.2505043416, 5316999.35517113], [412843.8708799151, 5317009.36008625], [412848.56128815573, 5317016.081422583], [412850.8268066216, 5317020.338210221], [412854.115955705, 5317026.169202095], [412856.8492839235, 5317034.710025594], [412860.4140479419, 5317045.928540364], [412864.6341502861, 5317061.005807692], [412866.2893452629, 5317070.285571305], [412867.14281176374, 5317095.096676687], [412826.7740690574, 5317104.60205298], [412854.44112153945, 5317154.453311231], [412877.44384319783, 5317193.41409977], [412878.9304010507, 5317198.460883061]]]}}, {"type": "Feature", "properties": {"role": "built", "landuse": "railway"}, "geometry": {"type": "Polygon", "coordinates": [[[413389.35168525507, 5315534.004296655], [413402.89228935255, 5315544.606032162], [413414.7165776547, 5315546.295687667], [413422.67023360066, 5315546.17598623], [413427.5537066212, 5315548.837239348], [413427.4825504958, 5315546.092450017], [413478.46364046435, 5315544.736302926], [413478.5347722522, 5315547.481092588], [413495.92157151096, 5315547.36414955], [413502.10758554575, 5315547.315604563], [413510.68364273827, 5315548.387285281], [413512.47071530315, 5315548.616106191], [413522.12792210025, 5315550.61648161], [413522.6968116904, 5315550.730215357], [413616.5314678893, 5315569.864383378], [413845.6764776909, 5315615.075411304], [413918.54209307884, 5315631.960534169], [413943.3101463432, 5315640.383375792], [413976.8549411368, 5315656.33455994], [414001.6848039635, 5315669.903808916], [414012.1432378816, 5315676.606548449], [414023.10905267036, 5315685.302749844], [414025.9502630847, 5315687.161262483], [414027.69985963946, 5315677.396786301], [413987.68621222535, 5315655.027574137], [413961.28609999595, 5315641.259531381], [413944.96046287107, 5315634.466775649], [413918.3982068754, 5315625.337063452], [413886.78806570556, 5315617.505880634], [413766.2805178666, 5315592.719554293], [413622.06250936387, 5315564.467488141], [413596.20197402756, 5315559.38634965], [413507.11024437606, 5315541.526335005], [413477.37404471776, 5315535.803633919], [413477.4458455758, 5315538.59288084], [413427.2167794572, 5315539.83766711], [413427.1449542332, 5315537.048420517], [413422.2572399926, 5315540.056821098], [413416.39900851017, 5315540.067167965], [413410.7399886758, 5315539.429745502], [413404.0633295771, 5315538.118402057], [413389.35168525507, 5315534.004296655]]]}}, {"type": "Feature", "properties": {"role": "built", "landuse": "construction", "name": "Platz der Wei\u00dfen Rose"}, "geometry": {"type": "Polygon", "coordinates": [[[413954.61314032064, 5316306.156455314], [413956.9867990301, 5316305.7096224865], [413958.5576182035, 5316313.945927161], [413966.67973015644, 5316312.190255144], [413966.0723335769, 5316308.997694192], [413994.35466347635, 5316303.627719567], [413992.15230128064, 5316292.07691928], [413989.8038461011, 5316279.739009816], [413950.9776652514, 5316287.101015436], [413954.61314032064, 5316306.156455314]]]}}, {"type": "Feature", "properties": {"role": "built", "landuse": "railway"}, "geometry": {"type": "Polygon", "coordinates": [[[413174.03623886127, 5315150.083270838], [413163.72935058957, 5315155.530436397], [413164.4773737283, 5315156.630831962], [413167.0731241523, 5315155.046414962], [413190.39785973786, 5315199.172961351], [413188.9813163988, 5315199.272152119], [413187.45268036274, 5315199.361917686], [413189.56475819636, 5315203.81014023], [413194.24087919825, 5315212.488548403], [413197.59921058355, 5315221.876085735], [413198.74478173745, 5315231.519344439], [413208.3962714554, 5315231.118056917], [413207.8633198049, 5315224.978479384], [413204.875325755, 5315212.928423093], [413203.06701302016, 5315206.352294756], [413200.1090133335, 5315198.270503051], [413198.49167527317, 5315198.417188093], [413196.74120097555, 5315198.643700125], [413171.7648609876, 5315151.896243313], [413174.3505559325, 5315150.634370072], [413174.03623886127, 5315150.083270838]]]}}, {"type": "Feature", "properties": {"role": "built", "landuse": "railway"}, "geometry": {"type": "Polygon", "coordinates": [[[413731.3364653161, 5315818.937333832], [413733.6778324496, 5315820.803199449], [413735.14366915333, 5315819.024757971], [413737.5272415897, 5315815.742899319], [413699.44604371244, 5315785.409284919], [413702.1477621112, 5315781.944769428], [413697.96602282906, 5315778.283365263], [413677.3565281646, 5315762.017395726], [413661.8496175786, 5315750.110529383], [413660.2233136634, 5315752.135968239], [413657.9839708313, 5315755.082189233], [413693.98549328174, 5315783.556878845], [413690.8855611085, 5315787.338644324], [413695.17204194615, 5315790.520448086], [413731.3364653161, 5315818.937333832]]]}}, {"type": "Feature", "properties": {"role": "built", "landuse": "railway"}, "geometry": {"type": "Polygon", "coordinates": [[[413924.1342894069, 5316500.801334349], [413926.5045131404, 5316499.631943781], [413928.8828881762, 5316499.007157081], [413949.22574796213, 5316538.067453934], [413964.2375362441, 5316566.435356244], [413961.8285150436, 5316567.005003358], [413959.73879535496, 5316567.970080528], [413944.3637566688, 5316539.263002922], [413937.0916463579, 5316525.498012733], [413929.62601753, 5316511.269020202], [413924.1342894069, 5316500.801334349]]]}}, {"type": "Feature", "properties": {"role": "built", "landuse": "railway"}, "geometry": {"type": "Polygon", "coordinates": [[[414392.3369673135, 5316710.857660653], [414392.03961575544, 5316709.428018129], [414391.40513199865, 5316706.402573107], [414391.1215412587, 5316704.894908088], [414377.74888536794, 5316707.77314508], [414338.42303440126, 5316716.985437013], [414338.8042864027, 5316718.035855637], [414339.661107151, 5316720.457675758], [414340.12838838506, 5316721.773616626], [414392.3369673135, 5316710.857660653]]]}}, {"type": "Feature", "properties": {"role": "built", "landuse": "construction"}, "geometry": {"type": "Polygon", "coordinates": [[[413971.74700042163, 5316319.218113144], [413971.9244242123, 5316320.104805605], [413957.904007179, 5316323.127088844], [413957.65114793926, 5316322.185941112], [413943.0350908957, 5316325.294989461], [413939.91076956445, 5316318.460419958], [413938.5816214331, 5316309.920349068], [413943.86673481076, 5316309.063091712], [413944.6556657072, 5316308.428745187], [413954.61314032064, 5316306.156455314], [413956.9867990301, 5316305.7096224865], [413958.5576182035, 5316313.945927161], [413966.67973015644, 5316312.190255144], [413966.0723335769, 5316308.997694192], [413994.35466347635, 5316303.627719567], [413995.87435266376, 5316311.442358119], [413996.5208431089, 5316314.256365092], [413988.1344608657, 5316315.804727138], [413971.74700042163, 5316319.218113144]]]}}, {"type": "Feature", "properties": {"role": "built", "landuse": "construction"}, "geometry": {"type": "Polygon", "coordinates": [[[411737.84740906203, 5317393.712528917], [411744.97040620085, 5317407.199237628], [411690.5566389098, 5317453.102926318], [411669.44082777697, 5317428.658682194], [411649.35453476245, 5317389.65769387], [411679.8460996496, 5317352.74780904], [411693.7514690463, 5317364.807360172], [411737.84740906203, 5317393.712528917]]]}}, {"type": "Feature", "properties": {"role": "built", "landuse": "railway"}, "geometry": {"type": "Polygon", "coordinates": [[[412944.8569949903, 5317658.86940254], [412949.3071172862, 5317656.167312381], [412952.988292043, 5317653.921544506], [412966.21458925854, 5317644.516504619], [412980.1656407087, 5317633.210652788], [412982.36848470534, 5317631.3763724165], [412985.97684204136, 5317628.753753939], [412990.7410524193, 5317625.113123521], [412992.2980340719, 5317624.967274188], [413001.0608270466, 5317617.375223885], [413000.8873791594, 5317616.266158273], [413000.9038750904, 5317614.398268976], [413001.24899308, 5317613.047901307], [413003.23948803486, 5317609.504839708], [413019.76763590577, 5317593.969021347], [413034.82832011936, 5317579.066879894], [413039.8203505807, 5317574.700247828], [413042.8092642474, 5317571.564541985], [413090.90263243363, 5317526.9367126115], [413093.9518738097, 5317524.333734118], [413098.6498504002, 5317520.249523255], [413107.4536948606, 5317515.847572998], [413134.2502507573, 5317494.542889711], [413182.29563766497, 5317451.094982265], [413204.59874615463, 5317430.59221179], [413234.61367527355, 5317403.002862741], [413237.6210575177, 5317400.089323357], [413239.4153478783, 5317398.3613639185], [413250.6430640488, 5317388.942701714], [413253.65896502265, 5317392.032160774], [413255.7655514281, 5317394.190404819], [413249.5629681581, 5317401.910169968], [413243.2159763311, 5317406.486042554], [413241.50364617805, 5317407.712504241], [413239.9149298378, 5317408.725880309], [413231.0580496218, 5317415.5630184775], [413195.6577129459, 5317447.169072263], [413186.3459049091, 5317455.491697521], [413141.05985182314, 5317496.896843766], [413124.3396895698, 5317512.601949422], [413101.904512531, 5317532.717955071], [413098.50908399944, 5317535.615201314], [413050.55089160276, 5317579.807364679], [413047.42318531335, 5317582.64500936], [413044.41935806046, 5317585.780938513], [413034.22522439674, 5317596.407250498], [413024.67549574963, 5317605.245128833], [413012.15659596917, 5317618.519124268], [413009.32676661323, 5317621.318933232], [412994.83687197475, 5317634.489389196], [412993.19548974687, 5317635.959426741], [412990.2960859679, 5317638.1044012355], [412986.94771413086, 5317641.145524646], [412978.24716883706, 5317647.424861286], [412953.8564202901, 5317661.000986443], [412949.4885113186, 5317663.71294522], [412926.1218434918, 5317677.9073497215], [412921.88686564297, 5317680.5283816485], [412883.75799393427, 5317704.162495407], [412852.2619151372, 5317722.904933465], [412839.2285969948, 5317731.729241337], [412831.4799930149, 5317735.82657848], [412828.43835909513, 5317737.440182608], [412821.27076622704, 5317740.494851093], [412809.2380042851, 5317744.946226168], [412784.74598019716, 5317754.744877052], [412766.6256802564, 5317762.134628923], [412742.54275440454, 5317772.827726663], [412728.02696046897, 5317780.296298132], [412711.8920402171, 5317788.234167877], [412672.50719384855, 5317805.696673072], [412672.3334285092, 5317806.043937268], [412670.6167794358, 5317806.9704849385], [412666.9600425918, 5317809.338354703], [412661.3374424251, 5317813.414748195], [412654.7652841849, 5317820.29592261], [412651.21027797164, 5317825.430371562], [412649.6753412291, 5317829.478020804], [412650.0444613119, 5317836.58724447], [412650.85499383847, 5317840.343566667], [412651.21239996096, 5317841.772219527], [412652.6509435801, 5317845.619052166], [412668.6279626023, 5317860.695441622], [412718.4262011406, 5317907.086026057], [412719.65875647566, 5317908.179004768], [412789.2359262635, 5317971.045349141], [412800.2229022684, 5317980.7949704565], [412800.67384679825, 5317981.99987439], [412812.259021091, 5317988.89451232], [412820.87599131826, 5317996.334447723], [412869.13714608096, 5318041.38221189], [412870.57404213067, 5318042.6722288765], [412876.33059393975, 5318047.93221661], [412877.3836684333, 5318049.984002844], [412877.82076244155, 5318052.245229435], [412877.2278139744, 5318054.466482655], [412876.38218349754, 5318056.2580058435], [412874.0017746239, 5318057.683698771], [412871.2551757533, 5318058.081069699], [412868.08238479774, 5318057.42879476], [412862.2141781804, 5318051.692480298], [412860.6847540029, 5318050.203763478], [412812.16526806075, 5318005.337858626], [412805.12999850686, 5317998.896701076], [412794.4307141469, 5317986.963790541], [412789.44532050635, 5317980.913997945], [412773.72463965655, 5317966.956207209], [412711.0767410819, 5317908.95409055], [412662.36608967156, 5317863.936660914], [412648.1266951102, 5317851.279609092], [412647.1588678239, 5317850.427194926], [412645.19925779814, 5317846.65498286], [412643.76133064623, 5317843.830899759], [412642.6305686145, 5317840.601940055], [412641.49580590293, 5317836.127945649], [412640.7538769153, 5317830.013793835], [412640.8507930551, 5317824.609495186], [412641.7885832604, 5317820.048422065], [412645.1356245602, 5317814.483567169], [412649.0627305838, 5317808.7987314], [412653.9725388871, 5317804.944377215], [412654.1273056085, 5317804.819739583], [412660.4333717494, 5317800.555084844], [412667.61429358897, 5317795.932522514], [412707.0744525158, 5317778.513309644], [412719.9472299618, 5317772.892803632], [412739.01778392063, 5317766.677988778], [412780.3827241296, 5317749.886277714], [412798.8856893001, 5317742.146142166], [412817.2006002155, 5317733.808606019], [412831.93932086165, 5317726.759329186], [412835.40255144995, 5317724.905879816], [412849.08462635474, 5317717.539161424], [412879.58331662667, 5317698.945223766], [412917.3294179581, 5317675.650388137], [412922.18535327615, 5317672.653089707], [412944.8569949903, 5317658.86940254]]]}}, {"type": "Feature", "properties": {"role": "built", "landuse": "railway"}, "geometry": {"type": "Polygon", "coordinates": [[[412901.3095008018, 5318068.864817012], [412948.4968970044, 5318115.007829071], [412974.7753523878, 5318141.501746292], [413040.4409331193, 5318201.595409447], [413070.5284286413, 5318226.97601573], [413077.22338672035, 5318232.655563988], [413080.38189651567, 5318235.331444765], [413080.5632350134, 5318235.484339401], [413092.44935162755, 5318245.565523827], [413092.96319820697, 5318246.002431165], [413105.27244754724, 5318256.44410159], [413124.6432179071, 5318270.669983551], [413138.9428160272, 5318281.526317987], [413144.5818457772, 5318287.433119633], [413151.9372546126, 5318297.338313443], [413173.81283123576, 5318316.417948377], [413176.1106724745, 5318318.417632417], [413176.84828771057, 5318320.829976228], [413175.92681238294, 5318324.0233305525], [413175.2425851809, 5318325.145356697], [413172.7217978819, 5318327.151127259], [413170.046697832, 5318327.336057338], [413167.97153689037, 5318326.74485896], [413166.32193492464, 5318325.19117839], [413121.7709999269, 5318286.9329644535], [413114.14474220306, 5318280.333623679], [413083.2934360646, 5318255.220038365], [413082.5535054252, 5318254.630913801], [413071.42452867876, 5318245.783393369], [413064.00264987873, 5318239.881391027], [413061.54902764317, 5318237.450546739], [413051.40186437976, 5318224.474956743], [413028.1144633877, 5318201.370575009], [412966.8522639223, 5318144.389814212], [412920.2825618838, 5318101.57237744], [412892.5249849516, 5318078.413953875], [412901.3095008018, 5318068.864817012]]]}}, {"type": "Feature", "properties": {"role": "built", "landuse": "construction", "name": "Uffhauser Karr\u00e9e"}, "geometry": {"type": "Polygon", "coordinates": [[[411497.08846505824, 5315762.2636963995], [411531.93373026425, 5315826.917492284], [411614.5249727306, 5315789.1732111685], [411578.2742280809, 5315706.8312502755], [411520.6928626064, 5315732.651905288], [411515.14411037514, 5315741.130546682], [411508.01005619165, 5315749.400124458], [411497.08846505824, 5315762.2636963995]]]}}, {"type": "Feature", "properties": {"role": "built", "landuse": "railway"}, "geometry": {"type": "Polygon", "coordinates": [[[414111.97613849485, 5318087.734346999], [414115.0221832557, 5318084.409364184], [414115.8958921614, 5318083.473611555], [414118.35013793805, 5318080.980119625], [414119.1148019903, 5318080.234983167], [414122.7927857677, 5318076.767161336], [414130.4944156713, 5318085.979147681], [414158.55700758484, 5318114.430476276], [414157.2557196231, 5318115.706113229], [414156.29118700564, 5318116.5542811025], [414184.01986708713, 5318143.643341918], [414180.0913310372, 5318148.315485697], [414151.73883718543, 5318120.913371385], [414150.4362242933, 5318122.100094944], [414149.3986090851, 5318123.049407181], [414120.0409790302, 5318094.295081727], [414111.97613849485, 5318087.734346999]]]}}, {"type": "Feature", "properties": {"role": "built", "landuse": "railway"}, "geometry": {"type": "Polygon", "coordinates": [[[413969.1235790301, 5316588.796032934], [413988.28663156566, 5316613.366640041], [414008.30721419747, 5316637.413110955], [414028.071324601, 5316660.785355292], [414047.5952517592, 5316684.572576583], [414055.4155908383, 5316697.606910369], [414060.39219923096, 5316708.5826686], [414067.7664613379, 5316724.225022515], [414076.0423595844, 5316741.788242075], [414081.3900616469, 5316753.136444799], [414083.08647682157, 5316756.813004491], [414087.78558997845, 5316765.202709037], [414091.3314614111, 5316767.817776479], [414093.87391055265, 5316769.691890902], [414100.3422851947, 5316772.152139016], [414099.7805999164, 5316769.514723539], [414098.4632777124, 5316764.242789885], [414097.2285527878, 5316761.00400254], [414093.2134129241, 5316752.448437557], [414091.6406742992, 5316749.059065068], [414070.77134090854, 5316704.114243965], [414063.53381833597, 5316694.128309499], [414037.1097948634, 5316662.462287922], [414005.17377676826, 5316624.464387833], [413989.72372758115, 5316605.185392056], [413975.9082403781, 5316584.94817174], [413972.580992103, 5316581.496139011], [413969.5616768223, 5316580.173933693], [413968.26000239997, 5316579.948835255], [413966.6370768774, 5316580.195449851], [413965.40676433325, 5316581.747977848], [413965.4055007312, 5316583.159834586], [413966.0887596132, 5316585.439680925], [413969.1235790301, 5316588.796032934]]]}}, {"type": "Feature", "properties": {"role": "built", "landuse": "railway"}, "geometry": {"type": "Polygon", "coordinates": [[[413917.69334113435, 5316484.744976451], [413920.09773544915, 5316483.86410965], [413922.84529014165, 5316482.9781079], [413909.63736529707, 5316444.044545623], [413908.32325970154, 5316444.486656004], [413907.1790715451, 5316444.815054822], [413905.7091373007, 5316445.315082614], [413904.39420038543, 5316445.701622184], [413917.69334113435, 5316484.744976451]]]}}, {"type": "Feature", "properties": {"role": "built", "landuse": "construction", "name": "Wohnungsbau Colmarer Stra\u00dfe"}, "geometry": {"type": "Polygon", "coordinates": [[[413691.3100136266, 5316995.566484795], [413693.2331188747, 5316989.47893457], [413659.417952787, 5316922.273794128], [413638.4518877094, 5316931.193075229], [413641.26689311955, 5316942.267656293], [413645.9887564216, 5316967.042921327], [413599.05128145986, 5316988.892244169], [413594.46089217835, 5316989.761632136], [413584.82845162734, 5316997.6881812485], [413579.39278564916, 5317002.383367648], [413612.46984573844, 5317039.2945864815], [413691.3100136266, 5316995.566484795]]]}}, {"type": "Feature", "properties": {"role": "built", "amenity": "university", "name": "Evangelische Hochschule Freiburg"}, "geometry": {"type": "Polygon", "coordinates": [[[410715.1832617568, 5316695.64549264], [410738.9810419374, 5316694.386712199], [410758.2551110599, 5316685.305152969], [410802.4951390197, 5316685.808333623], [410806.55286430067, 5316793.002253822], [410778.56692197034, 5316782.063685011], [410755.09051953006, 5316765.0631982125], [410742.0036570999, 5316747.312337418], [410715.1832617568, 5316695.64549264]]]}}, {"type": "Feature", "properties": {"role": "built", "landuse": "construction"}, "geometry": {"type": "Polygon", "coordinates": [[[412616.14962283353, 5314393.554972191], [412649.8760418127, 5314384.838730474], [412662.7180456392, 5314376.684156963], [412667.320656311, 5314369.1104299035], [412665.8809322809, 5314366.219660029], [412663.69400428276, 5314364.262929053], [412658.86943233095, 5314363.113291265], [412664.5313801002, 5314352.055025059], [412637.10045801534, 5314354.09442275], [412637.0009574736, 5314361.799918851], [412606.25234355405, 5314362.133364265], [412616.14962283353, 5314393.554972191]]]}}, {"type": "Feature", "properties": {"role": "built", "landuse": "construction", "name": "Ersatzneubau Chirurgie"}, "geometry": {"type": "Polygon", "coordinates": [[[413642.2405984861, 5317566.431513152], [413624.89627468365, 5317537.187891054], [413592.9749808505, 5317554.65412574], [413580.2740323623, 5317531.588529201], [413608.1243879415, 5317516.262251172], [413595.898169978, 5317495.001537283], [413601.76160647103, 5317482.562581447], [413625.548425501, 5317467.375279847], [413628.42856789374, 5317457.471351098], [413614.30411612475, 5317447.91182584], [413609.34069692757, 5317437.336443477], [413591.4463556268, 5317425.143336563], [413571.70391246595, 5317459.746734231], [413565.2461295703, 5317469.370971348], [413560.4512664134, 5317472.989338718], [413548.8013489424, 5317490.073261178], [413538.49082525424, 5317486.581970136], [413525.6293435311, 5317499.493101265], [413540.7381618292, 5317506.047168532], [413549.18589423515, 5317515.647401314], [413555.6500396027, 5317539.696052809], [413543.88799085637, 5317542.86335202], [413553.5815271095, 5317561.393938967], [413554.31364782236, 5317576.346241756], [413516.12491534156, 5317611.582988384], [413529.2329316528, 5317646.826421519], [413531.8499310157, 5317651.189343555], [413532.9925436594, 5317652.261612373], [413536.2128386331, 5317656.559878377], [413531.08806383586, 5317662.039756023], [413544.51780309377, 5317676.52317579], [413558.06442390213, 5317663.557304478], [413570.55365815037, 5317649.2288707495], [413583.68340551865, 5317653.189210999], [413593.11282842007, 5317645.232322252], [413597.0134371316, 5317642.183260841], [413616.9573641372, 5317619.0383928595], [413634.00441183045, 5317599.205475423], [413642.4809726629, 5317589.884494972], [413650.1549264303, 5317581.264828232], [413642.2405984861, 5317566.431513152]]]}}, {"type": "Feature", "properties": {"role": "built", "landuse": "railway"}, "geometry": {"type": "Polygon", "coordinates": [[[413841.52765567735, 5315931.5001519], [413839.8516596988, 5315931.703124783], [413836.51028401876, 5315926.839536466], [413840.6158110513, 5315926.422302572], [413845.8241929131, 5315925.899618977], [413848.29695598094, 5315930.565001931], [413846.7406638315, 5315930.788413646], [413841.52765567735, 5315931.5001519]]]}}, {"type": "Feature", "properties": {"role": "built", "landuse": "construction"}, "geometry": {"type": "Polygon", "coordinates": [[[413524.3551654636, 5314543.720743189], [413538.01879811764, 5314651.304120295], [413484.70399405353, 5314659.809374654], [413480.7207578782, 5314620.760276801], [413479.12540049234, 5314597.060963109], [413479.6743811426, 5314551.16246796], [413524.3551654636, 5314543.720743189]]]}}, {"type": "Feature", "properties": {"role": "built", "landuse": "construction"}, "geometry": {"type": "Polygon", "coordinates": [[[413498.7854285715, 5317736.89760502], [413505.0568547408, 5317731.278157881], [413505.2859619597, 5317726.6723232735], [413535.91158324166, 5317697.541213359], [413533.3819741712, 5317692.043054062], [413558.78349702386, 5317668.215580028], [413566.5886788465, 5317674.790588175], [413505.68578824203, 5317743.330508652], [413498.7854285715, 5317736.89760502]]]}}, {"type": "Feature", "properties": {"role": "built", "landuse": "construction"}, "geometry": {"type": "Polygon", "coordinates": [[[413562.38656900154, 5317665.226552115], [413571.82515113207, 5317653.912193461], [413578.552771318, 5317655.800979803], [413569.7722848913, 5317670.696183822], [413562.38656900154, 5317665.226552115]]]}}, {"type": "Feature", "properties": {"role": "built", "landuse": "construction", "name": "Corps Hubertia"}, "geometry": {"type": "Polygon", "coordinates": [[[414179.07453722844, 5314880.952463035], [414179.91056929814, 5314890.467084058], [414181.15002227016, 5314904.511339413], [414173.776364111, 5314906.044266659], [414173.36314422265, 5314903.360166476], [414171.63957932865, 5314903.396991663], [414171.00052441866, 5314896.080557972], [414165.7480708628, 5314896.714745852], [414163.4386855994, 5314882.497467877], [414179.07453722844, 5314880.952463035]]]}}, {"type": "Feature", "properties": {"role": "built", "landuse": "railway"}, "geometry": {"type": "Polygon", "coordinates": [[[414319.232413623, 5316727.999051981], [414321.12208553706, 5316724.62473621], [414322.7544794703, 5316721.50994092], [414323.8696565406, 5316719.236612945], [414314.13141650346, 5316722.160906409], [414310.35762648424, 5316723.773490713], [414285.1708334688, 5316735.465761832], [414268.18779719446, 5316741.899868764], [414246.69304453774, 5316746.989465722], [414228.5674329858, 5316748.349224766], [414225.2263417192, 5316748.954898442], [414220.2777814321, 5316749.840238121], [414218.6716381992, 5316750.208817427], [414216.06142789643, 5316750.79247753], [414175.89413732645, 5316757.583862833], [414173.13076056907, 5316757.90302466], [414170.680356855, 5316758.195283081], [414146.10374812206, 5316762.753182096], [414121.2541293227, 5316766.014595219], [414117.35441629594, 5316766.684258482], [414113.767666242, 5316766.826759402], [414110.4890744953, 5316766.620038391], [414107.2338468253, 5316765.979413935], [414107.9104007971, 5316768.314959989], [414108.7590546687, 5316772.18205813], [414109.0412335868, 5316774.089938245], [414115.08551126515, 5316774.133068095], [414118.58571952896, 5316773.691705909], [414140.26264370384, 5316770.322012834], [414146.3309409349, 5316768.975213574], [414165.6032547182, 5316766.464161313], [414174.9199851235, 5316765.802618493], [414208.66248752305, 5316759.473923033], [414217.52601587423, 5316757.440724551], [414231.32252378145, 5316754.978227469], [414234.334225531, 5316756.300679975], [414270.22207594867, 5316748.728620645], [414280.57096562797, 5316743.727420232], [414286.99822708574, 5316740.930233893], [414307.20421825716, 5316732.469363258], [414312.325558769, 5316730.158571976], [414316.6256617133, 5316728.816067543], [414319.232413623, 5316727.999051981]]]}}, {"type": "Feature", "properties": {"role": "built", "landuse": "construction"}, "geometry": {"type": "Polygon", "coordinates": [[[413300.26522808004, 5317531.0795377465], [413294.42200604203, 5317520.5732637], [413289.78941150976, 5317507.23616479], [413303.46059008565, 5317495.61295726], [413313.4279629451, 5317479.7989767315], [413316.73376111174, 5317480.349446738], [413329.8984683082, 5317479.661837635], [413351.0810595646, 5317502.59907746], [413320.07572274935, 5317529.813663055], [413309.2231281827, 5317537.381137144], [413300.26522808004, 5317531.0795377465]]]}}, {"type": "Feature", "properties": {"role": "built", "landuse": "construction"}, "geometry": {"type": "Polygon", "coordinates": [[[413699.88196765125, 5315544.345393849], [413715.2143759363, 5315547.572746426], [413736.63890929276, 5315537.5242310325], [413735.97588754294, 5315533.621049974], [413735.6431590888, 5315529.846318247], [413702.8996468977, 5315530.593077618], [413702.17315369594, 5315533.4054159755], [413699.88196765125, 5315544.345393849]]]}}, {"type": "Feature", "properties": {"role": "built", "landuse": "railway"}, "geometry": {"type": "Polygon", "coordinates": [[[410953.86588536657, 5316641.818283981], [410968.4911533296, 5316659.201168669], [410971.5816172187, 5316661.69911713], [410975.52628127113, 5316664.42841801], [410979.1280728242, 5316667.663293628], [410993.41574443714, 5316683.973115935], [410995.1856952306, 5316686.002366475], [411023.7564306861, 5316721.2346847765], [411022.8453529834, 5316722.149257245], [411021.7887575582, 5316722.821507519], [411017.63443803147, 5316726.309819067], [411016.40431378304, 5316727.340499132], [411015.2099407971, 5316728.270573349], [410986.7546314809, 5316693.747997587], [410984.50301618694, 5316690.970249471], [410968.4495626603, 5316672.419918298], [410951.5759503395, 5316652.470470602], [410946.85011557565, 5316647.963445758], [410953.86588536657, 5316641.818283981]]]}}, {"type": "Feature", "properties": {"role": "built", "landuse": "railway"}, "geometry": {"type": "Polygon", "coordinates": [[[411032.5285554667, 5316746.145552869], [411038.7649468155, 5316741.713449872], [411047.3518557139, 5316753.208995319], [411055.6687715778, 5316763.652614536], [411063.66568177554, 5316769.810035623], [411068.23457069835, 5316773.8304314455], [411074.54543271544, 5316780.970002105], [411084.8182319958, 5316791.483470172], [411096.73365779134, 5316802.071614131], [411105.64081563544, 5316808.715283772], [411114.87951223925, 5316815.08703455], [411113.3887474185, 5316816.633104147], [411110.944899233, 5316819.272253967], [411109.4326167706, 5316820.87424221], [411097.15068787505, 5316812.6374241235], [411077.85782716284, 5316797.827724719], [411060.6274061512, 5316780.329229232], [411032.5285554667, 5316746.145552869]]]}}, {"type": "Feature", "properties": {"role": "built", "landuse": "railway"}, "geometry": {"type": "Polygon", "coordinates": [[[410836.39808574336, 5316494.581582365], [410844.43597831763, 5316489.865654156], [410856.23617248517, 5316508.83732671], [410860.0105825013, 5316513.570250554], [410866.8883701075, 5316521.145498528], [410871.22198319546, 5316526.814707472], [410906.2401796238, 5316576.432005057], [410924.1650884076, 5316601.123118678], [410943.19677705533, 5316625.018956213], [410944.091260302, 5316627.8510554675], [410943.7416098792, 5316631.291621221], [410942.17239606776, 5316633.072406362], [410937.6374906322, 5316636.077520523], [410934.4130129536, 5316631.1915111095], [410910.46660704724, 5316598.789512784], [410886.8381852322, 5316565.737895371], [410840.6813534142, 5316499.406658152], [410836.39808574336, 5316494.581582365]]]}}, {"type": "Feature", "properties": {"role": "built", "landuse": "construction"}, "geometry": {"type": "Polygon", "coordinates": [[[410682.5942052498, 5317415.40027628], [410680.49778671755, 5317393.309967778], [410700.3230222265, 5317366.554626585], [410719.77510076866, 5317366.686108575], [410735.03545356984, 5317388.038420395], [410734.86457065976, 5317415.955910707], [410682.5942052498, 5317415.40027628]]]}}, {"type": "Feature", "properties": {"role": "built", "landuse": "construction"}, "geometry": {"type": "Polygon", "coordinates": [[[413502.7428662928, 5317397.962344044], [413480.8823401378, 5317373.089304205], [413529.56227663485, 5317334.392876489], [413538.7964068872, 5317335.743671674], [413550.70696912665, 5317339.944625606], [413560.0795512033, 5317356.957040702], [413551.495397124, 5317377.496672269], [413543.31700092787, 5317377.38618977], [413524.5354803194, 5317392.042750257], [413517.1371945932, 5317387.251486493], [413502.7428662928, 5317397.962344044]]]}}, {"type": "Feature", "properties": {"role": "built", "landuse": "construction"}, "geometry": {"type": "Polygon", "coordinates": [[[411750.21781030955, 5315739.476110668], [411701.3979739115, 5315761.936631778], [411736.28567734093, 5315844.100126229], [411765.981300065, 5315817.464178191], [411747.4210399944, 5315776.560644807], [411762.3620198959, 5315769.305545109], [411750.21781030955, 5315739.476110668]]]}}, {"type": "Feature", "properties": {"role": "built", "landuse": "railway"}, "geometry": {"type": "Polygon", "coordinates": [[[412047.4492492964, 5316724.108285411], [412035.88363849145, 5316711.889794532], [412037.4441903947, 5316710.4985415265], [412039.9222496812, 5316708.114965051], [412042.114481134, 5316706.069269465], [412053.89154892793, 5316719.42958343], [412051.86205354054, 5316720.894705146], [412048.9543722306, 5316722.9958066335], [412047.4492492964, 5316724.108285411]]]}}, {"type": "Feature", "properties": {"role": "built", "landuse": "construction"}, "geometry": {"type": "Polygon", "coordinates": [[[410363.8626361997, 5316160.378640185], [410428.16224141174, 5316134.319217895], [410431.5074976051, 5316116.246446665], [410401.78031732305, 5316089.11700093], [410390.7821177729, 5316093.034762932], [410345.8092257879, 5316114.279810655], [410335.15218369965, 5316119.4930551555], [410346.1628233099, 5316158.030881684], [410348.3697389068, 5316165.089140823], [410363.8626361997, 5316160.378640185]]]}}, {"type": "Feature", "properties": {"role": "built", "landuse": "railway"}, "geometry": {"type": "Polygon", "coordinates": [[[410306.70701016724, 5316136.801065227], [410309.04111507663, 5316136.219934552], [410299.5837022109, 5316098.725183871], [410299.3371726027, 5316097.75073069], [410298.1330698789, 5316098.058550979], [410297.00305278995, 5316098.331865087], [410295.8382327333, 5316093.981041906], [410278.9989068777, 5316024.339858468], [410266.9612702314, 5315974.54551232], [410249.2591817328, 5315901.30483745], [410221.8164017483, 5315787.805863905], [410214.1354586585, 5315781.477872194], [410212.92850966204, 5315783.99803955], [410214.0295926745, 5315788.561065422], [410242.007614126, 5315902.874313848], [410259.94159374887, 5315976.144702393], [410272.15765637206, 5316025.413752384], [410270.0950998348, 5316036.229436262], [410266.0309127632, 5316041.195443021], [410260.3531721209, 5316044.6191261625], [410260.99719463056, 5316046.676844531], [410261.52375884453, 5316048.380650769], [410267.5436394112, 5316045.362961046], [410270.5020700635, 5316042.226278668], [410273.3680517327, 5316036.989923232], [410274.387239487, 5316034.394876446], [410289.5656184432, 5316095.624134515], [410290.9867086351, 5316099.659683154], [410289.9607931513, 5316099.909141038], [410288.94251164433, 5316100.169597064], [410293.9773899229, 5316120.123943084], [410298.71019125346, 5316138.893482881], [410297.546678454, 5316140.367957718], [410302.72445983277, 5316160.397901409], [410302.67581526435, 5316164.4563725665], [410295.73485698714, 5316173.0024364395], [410296.09694544924, 5316173.252480912], [410320.7408278119, 5316167.732132995], [410318.21828642, 5316160.534283388], [410313.5318366184, 5316154.30400487], [410311.10084456485, 5316149.628294188], [410306.70701016724, 5316136.801065227]]]}}, {"type": "Feature", "properties": {"role": "built", "landuse": "construction"}, "geometry": {"type": "Polygon", "coordinates": [[[411513.8097671177, 5315606.34697936], [411592.7253415398, 5315569.603960375], [411610.25628583104, 5315607.032125589], [411531.3336685718, 5315643.775025931], [411513.8097671177, 5315606.34697936]]]}}, {"type": "Feature", "properties": {"role": "built", "landuse": "construction", "name": "Velohaven"}, "geometry": {"type": "Polygon", "coordinates": [[[412680.46284663875, 5317348.603754124], [412686.74278473755, 5317345.039908082], [412682.07642808347, 5317336.950956448], [412679.961242098, 5317338.1725889], [412669.56266042247, 5317320.098779061], [412663.3271204488, 5317323.639735033], [412673.5124780263, 5317341.427732712], [412675.7537875889, 5317340.15971464], [412680.46284663875, 5317348.603754124]]]}}, {"type": "Feature", "properties": {"role": "built", "landuse": "railway"}, "geometry": {"type": "Polygon", "coordinates": [[[413929.96902487497, 5317810.656404383], [413945.9770369836, 5317820.555333216], [413938.0303717046, 5317803.987889208], [413908.98213419854, 5317769.171264423], [413898.9941485139, 5317764.751815773], [413900.43997386, 5317776.113825083], [413929.96902487497, 5317810.656404383]]]}}, {"type": "Feature", "properties": {"role": "built", "landuse": "construction", "name": "Wohnquartier Drei-\u00c4hren-Stra\u00dfe"}, "geometry": {"type": "Polygon", "coordinates": [[[411497.7343401846, 5315559.758569848], [411590.3532285606, 5315516.25686858], [411564.72974912944, 5315464.123151235], [411473.12770320184, 5315506.820292935], [411497.7343401846, 5315559.758569848]]]}}, {"type": "Feature", "properties": {"role": "built", "landuse": "construction", "name": "Stadtteil Dietenbach"}, "geometry": {"type": "Polygon", "coordinates": [[[409525.9175744819, 5318204.85576864], [409593.66997063166, 5318098.366350283], [409516.09329342784, 5318051.316502905], [409272.84646628273, 5317941.033351562], [409266.4430557407, 5317940.389569467], [409229.9579129397, 5317936.72992653], [409174.2185326588, 5317980.30003195], [409173.70151417784, 5317934.82808126], [409170.2105976321, 5317930.603147835], [409176.70307994017, 5317911.857168201], [409230.61220261117, 5317871.86236776], [409239.2953845341, 5317869.001580701], [409247.50375955005, 5317876.231521082], [409256.13720946363, 5317889.124488788], [409263.3056565921, 5317900.8955294555], [409498.902587999, 5318007.996975151], [409501.0257353885, 5318003.072026832], [409528.54437432555, 5318015.801511012], [409611.69818229135, 5318067.866582664], [409826.9252768647, 5317725.637826338], [409813.7172225093, 5317706.401242607], [409794.6091821432, 5317725.755693865], [409779.90858288936, 5317725.986372573], [409764.1519642899, 5317710.269538896], [409763.2301904937, 5317696.220902653], [409789.35218788084, 5317664.583087659], [409780.96328055905, 5317652.952858047], [409698.8956202755, 5317521.158729851], [409700.7241205529, 5317513.125714971], [409670.1502927408, 5317473.684549107], [409688.9394443268, 5317461.071662575], [409728.880386806, 5317434.252595723], [409733.8682477966, 5317434.040881079], [409783.7405639631, 5317400.140362844], [409859.20960281126, 5317349.952657437], [409883.87836166687, 5317333.51292578], [409901.5772194126, 5317321.729396788], [409909.55639212456, 5317352.431987101], [409922.77459790534, 5317398.004958842], [409929.029782296, 5317421.063809052], [409943.8321333347, 5317464.433064172], [409970.3240720583, 5317542.048843255], [409978.6581355936, 5317537.326998544], [409989.3987726717, 5317571.477210851], [409984.4377001083, 5317574.345265961], [410071.6842116422, 5317843.102296181], [410364.4749776908, 5317530.898779874], [410388.9608523887, 5317520.400579059], [410393.5811728355, 5317532.512844733], [410439.80592445884, 5317515.239329951], [410437.9425031739, 5317501.939028594], [410461.03962605575, 5317563.212133653], [410463.7925099216, 5317569.917303343], [410420.63701605954, 5317610.822111148], [410429.6916543591, 5317665.743740989], [410485.4146870021, 5317642.3860912835], [410488.18185342307, 5317650.491796057], [410472.3383755317, 5317660.699360035], [410402.03320008534, 5317707.674642362], [410401.0590895325, 5317667.190434742], [410400.1101680272, 5317657.04424626], [410372.31020937377, 5317572.64341233], [410088.07321010204, 5317883.589986292], [410157.611849192, 5317941.089715391], [409963.92857816175, 5318270.695138181], [409973.22037819016, 5318276.230427793], [409938.5234230164, 5318334.627245848], [409928.6478122475, 5318330.390743254], [409875.78739769256, 5318423.480004477], [409853.38411752955, 5318398.095272771], [409826.7902474093, 5318367.595802089], [409806.7712175513, 5318347.765733669], [409771.801387709, 5318324.968680031], [409741.0739441611, 5318304.906720503], [409720.17254894075, 5318292.572599124], [409703.73520016414, 5318284.24839659], [409646.4696076423, 5318262.513865716], [409611.9318463387, 5318248.293361676], [409566.11626212206, 5318222.777634825], [409525.9175744819, 5318204.85576864]]]}}, {"type": "Feature", "properties": {"role": "built", "landuse": "construction"}, "geometry": {"type": "Polygon", "coordinates": [[[410719.73889349774, 5314316.851019405], [410712.82404672954, 5314326.307660454], [410696.6042677621, 5314348.4930936145], [410726.6109266395, 5314369.116437349], [410749.4393750249, 5314338.424174924], [410719.73889349774, 5314316.851019405]]]}}, {"type": "Feature", "properties": {"role": "built", "landuse": "construction"}, "geometry": {"type": "Polygon", "coordinates": [[[409905.04677132325, 5317861.619937046], [409903.24156892125, 5317859.72497467], [409900.571315774, 5317856.898619209], [409924.67944848497, 5317840.5233625155], [409927.40317504364, 5317838.668603842], [409936.5563949244, 5317832.455277749], [409938.6448643843, 5317834.812729753], [409940.9630894474, 5317836.12157852], [409943.72617148946, 5317836.778669314], [409946.4767175032, 5317836.63552869], [409949.2650495487, 5317836.047114668], [409951.7898489692, 5317834.351122854], [409971.8969868829, 5317864.018942664], [409982.3591549368, 5317879.463476532], [410053.24506006145, 5317830.372684401], [410058.625305585, 5317826.653227234], [410072.15523260843, 5317869.397902374], [410076.4086655824, 5317882.827484025], [410141.3735569149, 5317942.655330818], [410136.1305387789, 5317951.808811289], [410132.0275376932, 5317958.965637947], [410063.8145106171, 5317928.504414985], [410030.5539214482, 5317981.641947885], [409989.3466091345, 5318047.477529514], [409983.8861092116, 5318044.150092562], [409975.89498701005, 5318039.283666615], [409972.96509022673, 5318037.49523403], [409965.91543113184, 5318033.203282188], [409960.7563593656, 5318030.071252807], [410020.7890396196, 5317934.4694208605], [409976.1107670552, 5317906.342343361], [409924.46299405803, 5317873.844620165], [409905.04677132325, 5317861.619937046]]]}}, {"type": "Feature", "properties": {"role": "built", "landuse": "railway"}, "geometry": {"type": "Polygon", "coordinates": [[[413409.43155493273, 5315562.572473803], [413408.85316217237, 5315560.835835062], [413410.7577095943, 5315557.961256833], [413413.4339068136, 5315556.275684378], [413415.2878989521, 5315555.992093169], [413409.43155493273, 5315562.572473803]]]}}, {"type": "Feature", "properties": {"role": "built", "landuse": "railway"}, "geometry": {"type": "Polygon", "coordinates": [[[413391.8367411745, 5315545.895258838], [413398.08797371126, 5315548.691532337], [413400.1424841274, 5315548.838474725], [413402.18953320617, 5315548.985530158], [413405.2004168947, 5315549.207013133], [413395.8706407932, 5315541.1988077825], [413391.8367411745, 5315545.895258838]]]}}, {"type": "Feature", "properties": {"role": "built", "amenity": "university", "name": "Katholische Hochschule Freiburg"}, "geometry": {"type": "Polygon", "coordinates": [[[411944.59379557613, 5317533.406499348], [411895.8967243426, 5317485.015571996], [411920.2025529774, 5317457.717892285], [411952.4747470905, 5317421.538161573], [411955.0336374355, 5317424.456085927], [411960.5915087836, 5317430.774345033], [412002.344159362, 5317478.282687127], [411961.27650874946, 5317517.409406646], [411944.59379557613, 5317533.406499348]]]}}, {"type": "Feature", "properties": {"role": "built", "landuse": "railway", "name": "Schmalspurbahn"}, "geometry": {"type": "Polygon", "coordinates": [[[410125.07516530366, 5314167.800716269], [410093.5345250857, 5314162.923817095], [410067.25424478773, 5314157.420158164], [410041.9562647005, 5314152.20142343], [410028.94808059087, 5314150.014599675], [410009.3135170542, 5314147.030931146], [410009.26083838294, 5314151.300682721], [409997.47779996926, 5314149.172592966], [409988.9894383886, 5314146.737309509], [409927.25413515326, 5314138.598295686], [409915.1303083837, 5314135.686398799], [409854.9980451219, 5314126.011150137], [409827.0408703061, 5314123.091752765], [409809.52365786384, 5314122.332340796], [409795.1364757339, 5314122.190946072], [409776.7437462063, 5314120.344771129], [409776.264252365, 5314115.471919361], [409822.07540882734, 5314118.722745328], [409842.75381419517, 5314118.276508073], [409863.5876392099, 5314119.651100355], [409902.6111920417, 5314126.121628809], [409944.95209460973, 5314132.785087058], [409969.61916127114, 5314136.790399142], [409995.3528498278, 5314138.833661037], [410023.2180568966, 5314143.522911567], [410068.65674107755, 5314153.062614927], [410069.3131269532, 5314151.118001376], [410080.6898426818, 5314155.431516495], [410104.09457875113, 5314160.357597663], [410125.896623999, 5314164.475024697], [410125.07516530366, 5314167.800716269]]]}}, {"type": "Feature", "properties": {"role": "built", "landuse": "construction"}, "geometry": {"type": "Polygon", "coordinates": [[[414617.77130641096, 5315081.776209999], [414633.64219637925, 5315049.82457175], [414591.9356930997, 5315030.177619999], [414573.5412819935, 5315063.567556337], [414617.77130641096, 5315081.776209999]]]}}, {"type": "Feature", "properties": {"role": "built", "landuse": "construction", "name": "Bildungscampus"}, "geometry": {"type": "Polygon", "coordinates": [[[414580.04206095496, 5315643.144365257], [414576.49279396894, 5315589.569701818], [414525.0108899538, 5315590.834634052], [414528.74164203764, 5315637.002802238], [414580.04206095496, 5315643.144365257]]]}}, {"type": "Feature", "properties": {"role": "built", "landuse": "construction"}, "geometry": {"type": "Polygon", "coordinates": [[[411041.8259399303, 5316458.182886268], [411049.2233058956, 5316459.802722693], [411050.9972550047, 5316457.262848074], [411059.6036365385, 5316455.517786975], [411069.6942743397, 5316462.899066687], [411071.82646389614, 5316456.985213076], [411072.64456632885, 5316437.506724003], [411075.047598351, 5316424.496048776], [411078.3576613473, 5316416.096016687], [411084.2113682644, 5316412.948346005], [411096.5751418462, 5316391.668302373], [411095.9668384782, 5316388.520482415], [411084.1194177915, 5316382.8672122], [411037.0142321326, 5316400.371167508], [411042.06732547615, 5316423.616443768], [411041.8259399303, 5316458.182886268]]]}}, {"type": "Feature", "properties": {"role": "built", "landuse": "construction", "name": "Els\u00e4sser Stra\u00dfe 2i"}, "geometry": {"type": "Polygon", "coordinates": [[[413025.65193878766, 5317913.379823451], [412997.88294915773, 5317882.594859191], [413027.1776729094, 5317857.427584103], [413059.49304615444, 5317890.900921108], [413041.29574021295, 5317905.027821016], [413025.65193878766, 5317913.379823451]]]}}, {"type": "Feature", "properties": {"role": "built", "landuse": "construction", "name": "Neunlindenpark"}, "geometry": {"type": "Polygon", "coordinates": [[[414003.52637852245, 5318136.435653905], [413997.22555257066, 5318131.116009586], [413967.2167070898, 5318105.7517133085], [413954.94603407563, 5318115.240190021], [413937.05344525864, 5318134.862506626], [413902.5012383704, 5318172.732593216], [413906.4865994651, 5318176.352583651], [413942.2051814534, 5318212.403319128], [414003.52637852245, 5318136.435653905]]]}}, {"type": "Feature", "properties": {"role": "built", "landuse": "construction", "name": "Neubau Beh\u00f6rdenareal"}, "geometry": {"type": "Polygon", "coordinates": [[[414338.7050929897, 5317752.513562064], [414412.3993322194, 5317709.716733177], [414403.6580847963, 5317682.288249671], [414367.05295110116, 5317691.904704421], [414353.39862334006, 5317656.189615595], [414287.2612232106, 5317671.47151741], [414338.7050929897, 5317752.513562064]]]}}, {"type": "Feature", "properties": {"role": "built", "landuse": "construction"}, "geometry": {"type": "Polygon", "coordinates": [[[411774.1467286856, 5315834.0921606105], [411742.6187431192, 5315851.706994558], [411760.04704956856, 5315889.370613007], [411812.25014640734, 5315866.658587782], [411802.38367929467, 5315841.7745193355], [411782.32430643926, 5315850.542096485], [411774.1467286856, 5315834.0921606105]]]}}, {"type": "Feature", "properties": {"role": "built", "landuse": "railway"}, "geometry": {"type": "Polygon", "coordinates": [[[413774.9512793176, 5315857.025567356], [413770.0970946555, 5315852.306976952], [413771.9545979002, 5315851.267501304], [413777.6296355856, 5315849.014654012], [413779.1433128768, 5315848.436124354], [413784.11553339945, 5315853.06401851], [413774.9512793176, 5315857.025567356]]]}}, {"type": "Feature", "properties": {"role": "built", "amenity": "hospital", "name": "Klinik f\u00fcr Dermatologie und Venerologie"}, "geometry": {"type": "Polygon", "coordinates": [[[414847.5918749817, 5317816.756985691], [414847.8150159504, 5317827.792673032], [414847.95898575103, 5317834.9942336455], [414848.07694439415, 5317840.439723554], [414848.1656639966, 5317844.91848408], [414848.2158107516, 5317847.29673877], [414848.2702378286, 5317849.963967145], [414847.97547658614, 5317872.368707162], [414847.70567216625, 5317883.867486398], [414847.7100445852, 5317893.227776841], [414847.6651470068, 5317921.420676502], [414852.1411666067, 5317921.432194475], [414852.1405141172, 5317893.184386051], [414857.8967233495, 5317892.999078495], [414877.0056972144, 5317890.7817684375], [414909.2957106964, 5317887.024271321], [414948.820447188, 5317883.682405547], [414948.73273336515, 5317879.770587521], [414948.8132101347, 5317876.134201319], [414948.9098717442, 5317871.574880805], [414947.7926501866, 5317817.74160435], [414947.50651918194, 5317766.130514296], [414911.13335644105, 5317776.818396106], [414892.63820259785, 5317777.692477967], [414846.6779242386, 5317772.68125583], [414847.5918749817, 5317816.756985691]]]}}, {"type": "Feature", "properties": {"role": "built", "landuse": "education", "amenity": "university", "name": "Fakult\u00e4t f\u00fcr Biologie"}, "geometry": {"type": "Polygon", "coordinates": [[[414909.2957106964, 5317887.024271321], [414877.0056972144, 5317890.7817684375], [414857.8967233495, 5317892.999078495], [414852.1405141172, 5317893.184386051], [414852.1411666067, 5317921.432194475], [414847.6651470068, 5317921.420676502], [414847.6203621205, 5317928.4693987435], [414847.55137657037, 5317933.884308142], [414794.16757002135, 5317933.752617155], [414792.0489762859, 5317933.7506687995], [414766.0955008468, 5317933.679628733], [414764.24556309986, 5317933.684824122], [414724.4351026063, 5317933.83056529], [414712.57210998336, 5317933.695283225], [414704.9637326248, 5317933.230092645], [414698.7439653472, 5317763.412929508], [414654.2105687624, 5317768.109283048], [414653.8600630433, 5317842.48601173], [414610.5019784187, 5317842.896413173], [414604.9132294677, 5317869.9266081145], [414605.9683789459, 5317871.6562757185], [414606.9395067008, 5317873.253789701], [414609.64322307636, 5317881.006521978], [414616.7815899192, 5317902.055809463], [414621.9916027428, 5317914.3181032995], [414627.5039283798, 5317923.329799427], [414635.46503583604, 5317923.433911834], [414635.4740196778, 5317925.545974807], [414635.7501310257, 5317933.590454632], [414657.09277080634, 5317955.218173749], [414679.3684268728, 5317977.899335398], [414695.76580035244, 5317996.565699498], [414702.78692587325, 5318005.721826606], [414720.50797301956, 5318033.673395863], [414725.4446955693, 5318041.615388095], [414728.7768213323, 5318046.99096729], [414736.26610433264, 5318063.577341174], [414745.7140217064, 5318083.469721197], [414755.3096332842, 5318104.271504659], [414747.50844938774, 5318105.376594722], [414704.3377453133, 5318111.24192284], [414709.4728802218, 5318163.22581047], [414718.9871822404, 5318163.462619404], [414755.15440360643, 5318142.093229915], [414771.99712290533, 5318132.483119549], [414793.71912505536, 5318119.39898645], [414820.38438070245, 5318103.629234124], [414942.50817878405, 5318030.306441113], [414949.7562538576, 5318018.026293349], [414949.823680821, 5317981.239777514], [414949.8278711033, 5317977.99360764], [414949.8061280396, 5317974.002995352], [414949.77063063567, 5317968.578518402], [414909.6876742366, 5317969.949864309], [414909.2957106964, 5317887.024271321]]]}}, {"type": "Feature", "properties": {"role": "built", "landuse": "construction"}, "geometry": {"type": "Polygon", "coordinates": [[[410123.8704904645, 5314219.724774644], [410149.38369131094, 5314215.324300074], [410147.8696170753, 5314203.930785115], [410120.94897800195, 5314200.904857449], [410123.8704904645, 5314219.724774644]]]}}, {"type": "Feature", "properties": {"role": "built", "landuse": "construction"}, "geometry": {"type": "Polygon", "coordinates": [[[411192.6393061851, 5317930.698964687], [411205.04120934376, 5317918.367620345], [411207.4914002068, 5317920.99785582], [411211.06334549823, 5317925.256083119], [411224.87905802025, 5317941.6737511745], [411212.3205452759, 5317954.007472274], [411203.568606319, 5317943.770487676], [411198.6912022885, 5317938.064986166], [411192.6393061851, 5317930.698964687]]]}}, {"type": "Feature", "properties": {"role": "built", "landuse": "construction", "name": "Bildungszentrum OFD - 2.BA"}, "geometry": {"type": "Polygon", "coordinates": [[[414419.56586497586, 5316952.176402263], [414421.82687509473, 5316962.725962477], [414382.132516499, 5316974.133501957], [414363.2846199745, 5316979.550132151], [414354.9266571605, 5316940.365533088], [414382.0911686116, 5316931.267665732], [414415.0663794943, 5316920.0601841165], [414420.9633048858, 5316940.293962042], [414416.6540451349, 5316942.014500595], [414419.56586497586, 5316952.176402263]]]}}, {"type": "Feature", "properties": {"role": "built", "landuse": "construction"}, "geometry": {"type": "Polygon", "coordinates": [[[412224.39485902275, 5316021.327829928], [412267.62208199914, 5316005.037978324], [412280.12754503364, 5316020.599920846], [412308.45280388056, 5316035.653885847], [412304.52024474996, 5316067.474854736], [412340.1213476231, 5316066.887722393], [412344.1859372909, 5316090.727135585], [412347.12816423585, 5316096.741014793], [412350.909662631, 5316104.454110489], [412360.95612613007, 5316119.786884484], [412365.1096387526, 5316125.471043217], [412358.778326286, 5316129.658531793], [412355.4868658845, 5316122.271471707], [412338.98422023765, 5316103.913245106], [412337.7773340135, 5316102.575375365], [412329.5849476458, 5316095.307490894], [412287.7774829347, 5316105.32753797], [412283.10424241616, 5316090.035228745], [412247.9907593328, 5316102.032350411], [412224.39485902275, 5316021.327829928]]]}}, {"type": "Feature", "properties": {"role": "built", "landuse": "construction"}, "geometry": {"type": "Polygon", "coordinates": [[[412209.64672027476, 5316873.209284667], [412274.09753718355, 5316934.3804611955], [412340.2197569853, 5316887.481449797], [412266.4424375809, 5316805.274076263], [412252.8448138534, 5316814.363965406], [412261.192306807, 5316826.965482457], [412209.64672027476, 5316873.209284667]]]}}, {"type": "Feature", "properties": {"role": "built", "landuse": "construction", "name": "Okenstra\u00dfe 21"}, "geometry": {"type": "Polygon", "coordinates": [[[414871.4928708944, 5318094.790202358], [414888.86302676424, 5318123.803558964], [414918.18883190386, 5318106.338469194], [414900.8040831507, 5318078.34799014], [414871.4928708944, 5318094.790202358]]]}}, {"type": "Feature", "properties": {"role": "built", "landuse": "construction"}, "geometry": {"type": "Polygon", "coordinates": [[[410880.1818708632, 5317976.089312387], [410864.0653887716, 5318036.0264902115], [410851.2571122328, 5318017.281699056], [410816.05993782956, 5317974.382310716], [410813.7582299048, 5317971.7165826745], [410815.8643507939, 5317969.949651656], [410822.54368631996, 5317964.354221062], [410846.5238045378, 5317935.266996852], [410880.1818708632, 5317976.089312387]]]}}, {"type": "Feature", "properties": {"role": "built", "amenity": "university", "name": "Albert-Ludwigs-Universit\u00e4t Freiburg"}, "geometry": {"type": "Polygon", "coordinates": [[[412920.06487469433, 5316670.485647852], [412943.7308613962, 5316658.043291008], [412945.7662516091, 5316661.881157319], [412946.6113900908, 5316663.491429882], [412982.669291897, 5316644.525045295], [412983.85223882116, 5316646.76387424], [412993.3940973428, 5316641.739194552], [412993.23290148226, 5316641.441477382], [412990.1617083268, 5316635.718278795], [412987.05982919026, 5316629.939961584], [412985.39312228886, 5316626.796866793], [412975.7993627173, 5316631.84457828], [412976.36753440753, 5316632.903201792], [412952.08709055523, 5316645.677109397], [412949.9329447032, 5316646.810287287], [412948.6579432843, 5316644.406105047], [412947.43649781565, 5316645.047139669], [412915.49453490996, 5316661.850328413], [412920.06487469433, 5316670.485647852]]]}}, {"type": "Feature", "properties": {"role": "built", "amenity": "university", "name": "Albert-Ludwigs-Universit\u00e4t Freiburg"}, "geometry": {"type": "Polygon", "coordinates": [[[412949.99170086306, 5316568.368642693], [412957.40814763, 5316564.398831226], [412965.1667510306, 5316560.357150263], [412963.0905091035, 5316556.286440752], [412967.0004134835, 5316554.315165852], [412964.4093863901, 5316549.262843443], [412961.94057323737, 5316544.397659579], [412957.779044689, 5316546.506148638], [412955.78737536847, 5316542.600914876], [412940.6053345171, 5316550.64588737], [412942.70128230704, 5316554.538420738], [412942.08698838786, 5316554.870109296], [412944.74332159245, 5316559.799147872], [412947.3842258879, 5316564.6950704735], [412947.8727100766, 5316564.431988098], [412949.99170086306, 5316568.368642693]]]}}, {"type": "Feature", "properties": {"role": "built", "amenity": "university", "name": "Albert-Ludwigs-Universit\u00e4t Freiburg"}, "geometry": {"type": "Polygon", "coordinates": [[[421142.8522727912, 5315778.384538089], [420957.7422121501, 5315775.478004477], [420955.17931659083, 5315804.0158476075], [420962.5598255743, 5315803.503126661], [421007.84915092157, 5315808.494853779], [421019.8696185764, 5315847.003989627], [421078.9139848002, 5315846.215843956], [421099.246811385, 5315806.940365992], [421142.8522727912, 5315778.384538089]]]}}, {"type": "Feature", "properties": {"role": "built", "amenity": "university", "name": "Albert-Ludwigs-Universit\u00e4t Freiburg"}, "geometry": {"type": "Polygon", "coordinates": [[[414210.1569546286, 5317635.70254743], [414204.6372495054, 5317627.258299528], [414203.1635904992, 5317624.990222159], [414199.2768112895, 5317618.989549151], [414194.8556525939, 5317612.174207855], [414191.7553324476, 5317607.384654441], [414172.5599224174, 5317619.855239979], [414191.0355246657, 5317648.127502057], [414210.1569546286, 5317635.70254743]]]}}, {"type": "Feature", "properties": {"role": "built", "amenity": "university", "name": "Albert-Ludwigs-Universit\u00e4t Freiburg"}, "geometry": {"type": "Polygon", "coordinates": [[[413969.1374389283, 5316142.255030882], [413963.72056061565, 5316147.783298175], [413962.19054984563, 5316148.762231236], [413958.8082141748, 5316150.124611474], [413957.63977531553, 5316150.831333282], [413938.4972259871, 5316170.627750849], [413934.9620948956, 5316165.767008522], [413933.9305950132, 5316155.677247007], [413931.6890009253, 5316155.977592695], [413924.7051926883, 5316114.138310336], [413921.03483156435, 5316114.704611028], [413921.23814248864, 5316115.824367973], [413915.8182321381, 5316116.6614248715], [413898.2701785296, 5316119.347547089], [413896.4387308607, 5316119.630649771], [413895.3219905004, 5316119.803002565], [413893.0320169865, 5316105.40763987], [413960.091616632, 5316095.744138067], [413993.4861778029, 5316092.343216432], [414000.29792774015, 5316091.763344152], [414005.30853394757, 5316105.4732908085], [414000.06022959435, 5316107.308216216], [414002.2655982293, 5316113.56736485], [413996.96904962853, 5316115.169561348], [413997.9119819666, 5316117.845733861], [414002.11230686, 5316129.766867853], [414002.46944600664, 5316130.695341345], [413969.1374389283, 5316142.255030882]]]}}, {"type": "Feature", "properties": {"role": "built", "amenity": "university", "name": "Albert-Ludwigs-Universit\u00e4t Freiburg"}, "geometry": {"type": "Polygon", "coordinates": [[[413985.8784769136, 5316154.9668766465], [414001.42465694016, 5316154.645483087], [414006.5217287268, 5316167.653777989], [414014.4081043422, 5316164.589918999], [414018.88416879455, 5316174.494797216], [414020.13607627247, 5316181.368513522], [414020.5104588568, 5316192.935530142], [414020.1674360053, 5316202.934682058], [414019.90544980695, 5316211.865407733], [414021.92886628857, 5316222.429494038], [414050.40247829177, 5316222.837696795], [414052.4662065522, 5316236.60283489], [414026.3381499619, 5316240.350605679], [414026.55702202494, 5316241.514600598], [414028.0763519523, 5316270.773605343], [414028.16711598675, 5316273.351351922], [414033.50221584004, 5316273.838566761], [414034.55148500606, 5316274.645529008], [414036.59692547534, 5316274.703892283], [414038.98952450877, 5316275.023871594], [414039.8844089885, 5316274.488006457], [414041.67173014017, 5316274.750332047], [414042.9574413869, 5316288.38257684], [414045.83644170896, 5316306.270988318], [414046.32404182456, 5316307.442084778], [414056.10217039764, 5316323.626579235], [414057.081768057, 5316323.267319904], [414061.82234184066, 5316330.911561117], [414062.63288366294, 5316332.222352252], [414051.37082566903, 5316350.555528146], [414048.92267625325, 5316354.505235382], [414042.53046455263, 5316359.670037309], [414027.2445817466, 5316374.372616985], [414021.6196911925, 5316380.948927365], [414011.05413627997, 5316394.447074514], [414004.6482859211, 5316396.19925871], [414003.3315035813, 5316396.463517644], [413988.8111007342, 5316399.470972826], [413972.07508448116, 5316403.01186251], [413959.61286653177, 5316405.9330227105], [413958.17705930397, 5316406.22130636], [413955.6721536507, 5316406.870206368], [413951.14572766464, 5316385.615844917], [413950.93713148864, 5316384.6406847015], [413943.9784451918, 5316347.948090996], [413939.45771415194, 5316322.591542904], [413897.06222067995, 5316329.262503515], [413892.4243380933, 5316329.987829542], [413881.34540217154, 5316332.110268108], [413884.9690734944, 5316346.874749952], [413875.0090313632, 5316348.9693322405], [413830.25198833796, 5316356.876774162], [413808.2976556569, 5316360.752010595], [413808.0692488283, 5316358.954505831], [413807.49483427603, 5316354.483028555], [413803.31976590666, 5316328.332095501], [413791.74895286054, 5316256.813033006], [413840.34223164106, 5316247.413773284], [413859.90791995253, 5316243.952417377], [413954.29203685716, 5316173.959944515], [413973.3963809918, 5316159.589162629], [413985.8784769136, 5316154.9668766465]]]}}, {"type": "Feature", "properties": {"role": "built", "amenity": "university", "name": "Albert-Ludwigs-Universit\u00e4t Freiburg"}, "geometry": {"type": "Polygon", "coordinates": [[[413843.92896303313, 5316082.352907408], [413843.85777341796, 5316121.440751184], [413843.3789702873, 5316129.329756479], [413843.53647996805, 5316166.746652896], [413843.5735200549, 5316207.578223766], [413843.8562123572, 5316208.018662599], [413844.18017059274, 5316208.225029832], [413844.47232094686, 5316208.798729014], [413844.89700411964, 5316231.670810047], [413844.3239541936, 5316232.768843464], [413839.2900563599, 5316237.9468756905], [413838.23735188576, 5316238.407318678], [413789.997820472, 5316246.022598047], [413740.89501237875, 5316253.784634084], [413740.742599017, 5316253.0754421605], [413738.6590791838, 5316239.533029097], [413738.3027812019, 5316237.17048601], [413737.3447497498, 5316229.514235423], [413737.10902357195, 5316227.727959733], [413736.48882718384, 5316221.700817865], [413730.40873711335, 5316222.79252471], [413728.399495392, 5316211.716939238], [413722.0664110945, 5316212.856916705], [413721.5054659733, 5316209.785966585], [413721.0737659799, 5316209.859143299], [413720.07311547914, 5316204.337967621], [413723.43686123413, 5316203.731668464], [413723.0946843729, 5316201.813587973], [413737.21831799153, 5316199.689653814], [413737.50592445873, 5316187.023261782], [413733.7642328022, 5316186.312317118], [413738.43591040786, 5316177.882390504], [413744.40255250863, 5316167.231914689], [413746.6936353921, 5316159.782627278], [413751.57723661367, 5316161.999464439], [413752.4337232027, 5316162.386827681], [413760.66281551524, 5316141.87516268], [413768.6024681483, 5316116.487560302], [413770.4860941388, 5316111.223292508], [413774.1457815606, 5316100.985409352], [413781.18460886413, 5316077.223274032], [413798.59107402735, 5316078.02960437], [413842.1937022625, 5316080.589089524], [413843.32110350253, 5316081.128044064], [413843.92896303313, 5316082.352907408]]]}}, {"type": "Feature", "properties": {"role": "built", "amenity": "university", "name": "Albert-Ludwigs-Universit\u00e4t Freiburg"}, "geometry": {"type": "Polygon", "coordinates": [[[414176.8806927535, 5317285.084973274], [414103.0775333991, 5317304.874459576], [414104.53032450407, 5317309.733048699], [414123.5626003728, 5317373.19271233], [414135.37591238617, 5317421.374532652], [414121.82473346667, 5317425.167663172], [414111.930276794, 5317412.553326806], [414089.9079455322, 5317383.155907325], [413942.09170735104, 5317178.682030938], [413874.21706326, 5317229.712989854], [413867.186004667, 5317219.546340256], [413841.03689850576, 5317181.751724834], [413832.14912102825, 5317167.677572051], [413771.09058423876, 5317047.808289996], [413783.18474599096, 5317039.845146232], [413783.6383418093, 5317030.288970127], [413789.80299654417, 5317023.448615662], [413816.9160590212, 5317007.511953169], [413828.7068439524, 5317001.699008192], [413830.9027617065, 5317004.845520281], [413844.07248312904, 5317019.856033071], [413877.8892712004, 5317003.163331882], [413887.6394773355, 5317001.082980935], [413920.66954808915, 5316992.128525325], [413929.3945544861, 5317024.236768188], [413932.1817024865, 5317033.988989519], [413952.7636550426, 5317106.09607791], [413957.7833426219, 5317112.479849496], [413980.4268049637, 5317102.491648402], [414036.1157182427, 5317086.095261301], [414062.1789867701, 5317079.2690306], [414064.10866020876, 5317081.0855864715], [414113.27635981, 5317067.133073109], [414113.2383441277, 5317064.587885828], [414143.85984689463, 5317055.22601245], [414153.5450566823, 5317052.291086556], [414182.59561099875, 5317044.142377122], [414377.7681370262, 5316987.68318702], [414392.5238435427, 5317043.670131431], [414357.4165648266, 5317053.9423554465], [414351.5195041495, 5317034.20889498], [414338.0846351817, 5317037.866351027], [414326.85855956626, 5317041.046256678], [414313.65628281294, 5317044.78923985], [414325.4533810773, 5317087.44657992], [414361.0896056124, 5317219.406026976], [414300.945312668, 5317235.676699], [414304.23162809724, 5317248.434304753], [414176.8806927535, 5317285.084973274]]]}}, {"type": "Feature", "properties": {"role": "built", "amenity": "university", "name": "Albert-Ludwigs-Universit\u00e4t Freiburg"}, "geometry": {"type": "Polygon", "coordinates": [[[414064.8248348096, 5316913.332948834], [414098.38938720664, 5316902.6484395815], [414119.7065475241, 5316896.704924328], [414126.60633822484, 5316894.589738002], [414125.01605201786, 5316889.521977787], [414122.9309102156, 5316882.29382604], [414107.21029692603, 5316827.844923923], [414106.4551690061, 5316825.243747581], [414106.1249460554, 5316824.615020581], [414105.4729337832, 5316822.423626907], [414101.7098868946, 5316809.762180814], [414099.01844359795, 5316808.401663162], [414098.0034328344, 5316807.883217173], [414096.6451156792, 5316807.358782819], [414095.2417087937, 5316806.812788677], [414053.5597056371, 5316815.561999307], [414047.0293167399, 5316816.938038791], [414037.75449555635, 5316818.899834478], [414049.6521518612, 5316860.632460335], [414060.9902801098, 5316899.883300055], [414063.73033881525, 5316909.491763614], [414064.8248348096, 5316913.332948834]]]}}, {"type": "Feature", "properties": {"role": "built", "amenity": "university", "name": "Albert-Ludwigs-Universit\u00e4t Freiburg"}, "geometry": {"type": "Polygon", "coordinates": [[[413766.955103571, 5316362.972543505], [413763.6353753791, 5316363.522575589], [413760.8597387307, 5316364.03110081], [413760.7925582203, 5316363.531850332], [413743.43599254533, 5316366.493517895], [413742.2219180853, 5316359.674868653], [413741.51987767644, 5316356.150242114], [413755.5254001118, 5316353.639024257], [413750.1127151318, 5316323.593554007], [413759.6158954444, 5316321.8835784225], [413762.20404835895, 5316336.241078448], [413763.3273752912, 5316342.483016126], [413765.2635405151, 5316353.170619399], [413766.955103571, 5316362.972543505]]]}}, {"type": "Feature", "properties": {"role": "built", "amenity": "university", "name": "Albert-Ludwigs-Universit\u00e4t Freiburg"}, "geometry": {"type": "Polygon", "coordinates": [[[413915.8168961686, 5316076.185077583], [413917.5994615592, 5316076.1250495715], [413920.9223628837, 5316075.775166833], [413921.6280943863, 5316075.064245493], [413927.3370567325, 5316075.0899822675], [413927.5363995747, 5316076.443252094], [413929.9658681259, 5316076.2290290035], [413930.0772979021, 5316080.184951671], [413930.68193223746, 5316080.198137905], [413930.88245882135, 5316085.620148447], [413929.95785476145, 5316085.667334209], [413930.2621638293, 5316091.043324528], [413920.82914524514, 5316091.984894964], [413920.53416600975, 5316087.731564765], [413919.69290985225, 5316086.865925082], [413916.6448893925, 5316087.133877086], [413915.8168961686, 5316076.185077583]]]}}, {"type": "Feature", "properties": {"role": "built", "amenity": "university", "name": "Albert-Ludwigs-Universit\u00e4t Freiburg"}, "geometry": {"type": "Polygon", "coordinates": [[[414031.57626145106, 5316421.554381399], [414042.15263340046, 5316420.762642049], [414051.12309905956, 5316419.861518844], [414051.2769652389, 5316420.670747752], [414054.73812005494, 5316421.097048672], [414064.62092613254, 5316422.327860391], [414080.5732105514, 5316422.267397047], [414098.30728852743, 5316422.10254726], [414111.26784663496, 5316418.073680817], [414117.1435383113, 5316416.296181605], [414118.8745996667, 5316415.792309316], [414121.9758197173, 5316425.095249411], [414120.07417523966, 5316425.668368937], [414114.37554225186, 5316427.309819507], [414116.73769593175, 5316435.08967207], [414117.8398675664, 5316439.44212509], [414121.4782656484, 5316452.73909975], [414123.7591781965, 5316461.076009218], [414112.563404786, 5316464.35590181], [414113.53790714516, 5316467.654162477], [414114.9646735602, 5316472.2574547045], [414111.020175707, 5316473.439159268], [414100.2116891263, 5316476.668825808], [414093.02095787367, 5316478.821725348], [414090.6216726206, 5316479.546807249], [414088.4748655595, 5316480.190300906], [414084.32232854137, 5316481.430715868], [414072.3948850889, 5316485.17740843], [414067.4313752518, 5316486.574471065], [414066.7042822544, 5316486.85213883], [414066.31898093317, 5316485.534993555], [414058.67992532824, 5316490.64059454], [414051.06720966636, 5316471.544479901], [414049.4263910646, 5316467.600293838], [414044.8956878468, 5316468.001509898], [414044.62587551645, 5316464.926181245], [414043.85334131075, 5316464.6598064555], [414042.5372075776, 5316463.967999989], [414041.410382744, 5316462.962093252], [414040.4486594001, 5316461.520162838], [414039.88329812186, 5316459.638752188], [414038.69586658134, 5316450.084911691], [414036.6254658481, 5316450.349310397], [414034.8753483206, 5316450.575572081], [414031.57626145106, 5316421.554381399]]]}}, {"type": "Feature", "properties": {"role": "built", "amenity": "university", "name": "Albert-Ludwigs-Universit\u00e4t Freiburg"}, "geometry": {"type": "Polygon", "coordinates": [[[414380.27014157467, 5317238.385840714], [414393.17330401647, 5317235.125475164], [414395.49530751485, 5317244.262283621], [414405.9543798443, 5317241.705344173], [414402.5579191147, 5317228.048863503], [414403.41272806, 5317227.836035433], [414402.0082503784, 5317222.69873793], [414401.0047565812, 5317222.947130125], [414399.9582827074, 5317218.805017501], [414376.67487231625, 5317224.9102032725], [414380.27014157467, 5317238.385840714]]]}}, {"type": "Feature", "properties": {"role": "built", "amenity": "university", "name": "Albert-Ludwigs-Universit\u00e4t Freiburg"}, "geometry": {"type": "Polygon", "coordinates": [[[414462.4845041603, 5317362.115264308], [414494.1635641947, 5317349.193224991], [414501.6310045317, 5317346.147338257], [414533.09525027435, 5317333.317647225], [414535.9576922982, 5317332.152300467], [414538.6717837908, 5317331.044744272], [414560.98709818814, 5317321.563962815], [414561.9196791528, 5317320.560708459], [414561.5818245042, 5317318.409066545], [414553.3444956729, 5317269.150579563], [414552.3292367166, 5317263.084769158], [414551.96054907946, 5317260.866885137], [414550.11014368816, 5317249.810919381], [414549.51856304385, 5317246.651418694], [414546.13010484935, 5317225.980033196], [414511.7092250419, 5317237.197186387], [414503.66832879087, 5317239.317769717], [414506.91544637847, 5317258.501582545], [414503.5422149566, 5317257.428940688], [414500.99936423154, 5317257.511219017], [414486.0005772311, 5317260.324485932], [414449.8593431633, 5317270.722726249], [414434.77968932275, 5317274.615663253], [414430.15522253705, 5317277.196885257], [414431.2428120035, 5317280.093306971], [414462.4845041603, 5317362.115264308]]]}}, {"type": "Feature", "properties": {"role": "built", "amenity": "university", "name": "Albert-Ludwigs-Universit\u00e4t Freiburg"}, "geometry": {"type": "Polygon", "coordinates": [[[412793.9710347588, 5318859.805291726], [412939.162958123, 5318701.889140658], [413000.5280002778, 5318757.64508565], [413054.877617696, 5318705.7181227235], [413086.11621392384, 5318731.926229691], [413095.7130236986, 5318715.47258776], [413096.46906810475, 5318714.17159311], [413106.6665297223, 5318687.614728602], [413114.8381894218, 5318672.105374443], [413184.42360838264, 5318577.404970301], [413203.522933284, 5318543.610141545], [413218.08615073253, 5318510.2284964835], [413230.6235113882, 5318483.458686387], [413231.7510380262, 5318476.126740305], [413233.14477330033, 5318454.805708072], [413237.6252031162, 5318435.861567879], [413238.1419007171, 5318423.147145645], [413234.9939066971, 5318412.755891294], [413216.77585203334, 5318389.852180832], [413203.5732169632, 5318377.022521749], [413181.8364683364, 5318357.729462535], [413182.09400325676, 5318356.013568971], [413177.5149464056, 5318352.1251156125], [413166.6870120074, 5318339.482005864], [413135.2492130832, 5318312.542724476], [413133.5870343794, 5318311.144879764], [413110.7174161054, 5318291.947017224], [413104.3408213317, 5318286.596126612], [413100.9032238743, 5318283.713231515], [413099.9965414107, 5318282.94875525], [413094.91730692855, 5318279.53483709], [413083.4624851115, 5318271.826146203], [413072.14321558614, 5318264.204362713], [413059.6617735131, 5318276.410515277], [413044.88288766844, 5318293.053749172], [413036.1550733263, 5318302.890854993], [413027.65207923984, 5318313.780680116], [413029.7523110662, 5318317.506418814], [413031.66470300325, 5318320.156659641], [413033.42760449275, 5318322.786929037], [413009.37833287637, 5318346.418550569], [412959.9084434452, 5318402.585299207], [412952.4607399491, 5318402.853723213], [412951.0204584574, 5318405.765934953], [412953.2441208818, 5318409.267438982], [412957.0303352045, 5318413.9903756725], [412927.1331998113, 5318441.524030302], [412896.63374808803, 5318477.037811764], [412887.7926961031, 5318483.797488205], [412818.44781872455, 5318557.242350966], [412813.09322993475, 5318566.650679299], [412811.17664073, 5318576.017974913], [412698.15594704705, 5318706.523325357], [412693.37705388945, 5318707.652029001], [412686.62926387566, 5318715.669799963], [412685.63702355395, 5318720.565210949], [412678.23742589937, 5318728.881935717], [412675.5781125549, 5318729.111329378], [412672.36823531776, 5318727.959472396], [412662.17778643087, 5318718.031257882], [412658.95833277865, 5318721.648721427], [412666.69335641596, 5318728.534849307], [412667.3167779777, 5318730.292969546], [412667.48946093407, 5318733.803298832], [412665.4365022545, 5318738.103400689], [412626.2549165361, 5318783.700327955], [412620.68552057294, 5318791.700267146], [412541.4889711173, 5318881.418077747], [412671.6881448467, 5318997.344453513], [412706.45926977426, 5318956.572834327], [412744.25117455533, 5318990.439184505], [412740.3676730374, 5318994.03333869], [412742.49167858524, 5318996.380113173], [412747.0141616322, 5318991.642330624], [412799.21770369756, 5319039.430980761], [412829.4316118361, 5319005.988633401], [412870.4450658184, 5318961.677100725], [412874.3971281469, 5318958.170933447], [412876.2411905802, 5318957.798351395], [412884.1505162785, 5318964.904454833], [412884.41507999296, 5318966.612452079], [412883.753485912, 5318968.234436654], [412881.20127804717, 5318971.585972921], [412885.2046947466, 5318968.023449824], [412887.681115538, 5318965.084390819], [412890.0109301319, 5318962.314309229], [412892.0356480598, 5318960.082466003], [412894.61069887574, 5318957.253084537], [412804.77594654344, 5318875.360692714], [412802.41910548066, 5318867.992572745], [412793.9710347588, 5318859.805291726]]]}}, {"type": "Feature", "properties": {"role": "built", "amenity": "university", "name": "Albert-Ludwigs-Universit\u00e4t Freiburg"}, "geometry": {"type": "Polygon", "coordinates": [[[415105.00974228553, 5317033.095936802], [415093.17246662924, 5317038.362197626], [415092.43044831813, 5317036.616702397], [415087.35089245345, 5317038.726080239], [415086.0389750134, 5317039.312409164], [415084.6751713285, 5317039.921738183], [415087.2212483372, 5317045.609283721], [415089.965085192, 5317044.479321771], [415090.7891550257, 5317046.223605105], [415088.8225241035, 5317045.418886395], [415087.29319153517, 5317048.965490023], [415091.16398700053, 5317050.38686408], [415091.9134893571, 5317048.597111479], [415094.64005423104, 5317054.382046045], [415097.46462693467, 5317053.161961205], [415100.9633965599, 5317051.620653649], [415108.3045586252, 5317048.566322447], [415110.94225234434, 5317054.397043456], [415117.2528163907, 5317051.780375982], [415114.64463688806, 5317045.926982987], [415117.8929181936, 5317044.6006025765], [415119.16552959126, 5317047.416596471], [415127.91444818396, 5317043.69673726], [415120.7364895717, 5317025.459996824], [415112.8277049094, 5317005.733287724], [415109.48956268915, 5317007.038763392], [415110.7325127064, 5317009.8663102435], [415108.75236777123, 5317010.673717393], [415110.5139585005, 5317014.772037477], [415108.801365021, 5317015.508794204], [415104.54566250363, 5317017.328074118], [415099.3556728779, 5317019.539122176], [415105.00974228553, 5317033.095936802]]]}}, {"type": "Feature", "properties": {"role": "built", "amenity": "university", "name": "Albert-Ludwigs-Universit\u00e4t Freiburg"}, "geometry": {"type": "Polygon", "coordinates": [[[412902.18248536927, 5317934.959464142], [412942.9355223549, 5317896.533542144], [412958.46156278776, 5317913.418482319], [412972.88538854, 5317928.952768463], [412953.16462796106, 5317947.38303151], [412938.9684588892, 5317931.611891228], [412917.7487523175, 5317951.543529784], [412902.18248536927, 5317934.959464142]]]}}, {"type": "Feature", "properties": {"role": "built", "amenity": "university", "name": "Albert-Ludwigs-Universit\u00e4t Freiburg"}, "geometry": {"type": "Polygon", "coordinates": [[[414909.2957106964, 5317887.024271321], [414877.0056972144, 5317890.7817684375], [414857.8967233495, 5317892.999078495], [414852.1405141172, 5317893.184386051], [414852.1411666067, 5317921.432194475], [414847.6651470068, 5317921.420676502], [414847.6203621205, 5317928.4693987435], [414847.55137657037, 5317933.884308142], [414794.16757002135, 5317933.752617155], [414792.0489762859, 5317933.7506687995], [414766.0955008468, 5317933.679628733], [414764.24556309986, 5317933.684824122], [414724.4351026063, 5317933.83056529], [414712.57210998336, 5317933.695283225], [414704.9637326248, 5317933.230092645], [414698.7439653472, 5317763.412929508], [414654.2105687624, 5317768.109283048], [414653.8600630433, 5317842.48601173], [414610.5019784187, 5317842.896413173], [414604.9132294677, 5317869.9266081145], [414605.9683789459, 5317871.6562757185], [414606.9395067008, 5317873.253789701], [414609.64322307636, 5317881.006521978], [414616.7815899192, 5317902.055809463], [414621.9916027428, 5317914.3181032995], [414627.5039283798, 5317923.329799427], [414635.46503583604, 5317923.433911834], [414635.4740196778, 5317925.545974807], [414635.7501310257, 5317933.590454632], [414657.09277080634, 5317955.218173749], [414679.3684268728, 5317977.899335398], [414695.76580035244, 5317996.565699498], [414702.78692587325, 5318005.721826606], [414720.50797301956, 5318033.673395863], [414725.4446955693, 5318041.615388095], [414728.7768213323, 5318046.99096729], [414736.26610433264, 5318063.577341174], [414745.7140217064, 5318083.469721197], [414755.3096332842, 5318104.271504659], [414747.50844938774, 5318105.376594722], [414704.3377453133, 5318111.24192284], [414709.4728802218, 5318163.22581047], [414718.9871822404, 5318163.462619404], [414755.15440360643, 5318142.093229915], [414771.99712290533, 5318132.483119549], [414793.71912505536, 5318119.39898645], [414820.38438070245, 5318103.629234124], [414942.50817878405, 5318030.306441113], [414949.7562538576, 5318018.026293349], [414949.823680821, 5317981.239777514], [414949.8278711033, 5317977.99360764], [414949.8061280396, 5317974.002995352], [414949.77063063567, 5317968.578518402], [414909.6876742366, 5317969.949864309], [414909.2957106964, 5317887.024271321]]]}}, {"type": "Feature", "properties": {"role": "built", "amenity": "university", "name": "Albert-Ludwigs-Universit\u00e4t Freiburg"}, "geometry": {"type": "Polygon", "coordinates": [[[413668.85098950606, 5316207.140940206], [413667.4782108605, 5316208.150944052], [413666.1081487435, 5316209.839034838], [413665.0846000568, 5316211.744261578], [413645.92572866514, 5316245.782608871], [413638.277796479, 5316259.737908864], [413643.06586666533, 5316267.0253685815], [413674.23470138095, 5316262.566528949], [413684.45331745263, 5316260.7901095105], [413686.837380298, 5316258.052939641], [413685.34271753486, 5316249.448700314], [413681.56819619064, 5316230.139806609], [413680.3182256763, 5316223.42175947], [413679.1050081496, 5316216.169552624], [413678.8163280959, 5316213.839348341], [413678.31563460804, 5316211.801363824], [413677.3502305771, 5316209.625834787], [413676.0101860388, 5316207.84501805], [413670.4154488767, 5316206.472681818], [413668.85098950606, 5316207.140940206]]]}}, {"type": "Feature", "properties": {"role": "built", "amenity": "hospital", "name": "Klinik f\u00fcr Psychiatrie und Psychotherapie"}, "geometry": {"type": "Polygon", "coordinates": [[[414848.2702378286, 5317849.963967145], [414847.97547658614, 5317872.368707162], [414847.7100445852, 5317893.227776841], [414847.6651470068, 5317921.420676502], [414847.6203621205, 5317928.4693987435], [414847.55137657037, 5317933.884308142], [414794.16757002135, 5317933.752617155], [414792.0489762859, 5317933.7506687995], [414766.0955008468, 5317933.679628733], [414764.24556309986, 5317933.684824122], [414724.4351026063, 5317933.83056529], [414712.57210998336, 5317933.695283225], [414704.9637326248, 5317933.230092645], [414698.7439653472, 5317763.412929508], [414771.38113976177, 5317757.344166853], [414828.25822632585, 5317769.585725676], [414846.6779242386, 5317772.68125583], [414847.5918749817, 5317816.756985691], [414847.8150159504, 5317827.792673032], [414847.95898575103, 5317834.9942336455], [414848.07694439415, 5317840.439723554], [414848.1656639966, 5317844.91848408], [414848.2158107516, 5317847.29673877], [414848.2702378286, 5317849.963967145]]]}}, {"type": "Feature", "properties": {"role": "built", "amenity": "hospital", "name": "Klinik f\u00fcr Psychiatrie und Psychotherapie"}, "geometry": {"type": "Polygon", "coordinates": [[[414686.28388936695, 5317752.725575179], [414685.82440947636, 5317737.346718871], [414679.585891392, 5317737.7172215525], [414676.85016041726, 5317737.857874455], [414674.4047261209, 5317727.399893006], [414673.8194966359, 5317722.650581053], [414672.50347240333, 5317711.386543905], [414664.9230307173, 5317705.284757372], [414664.70046144136, 5317685.766929789], [414664.84420188767, 5317680.373139905], [414666.49168954603, 5317680.2931019645], [414666.58635740663, 5317675.111260126], [414665.1308078822, 5317675.055047218], [414665.19329673564, 5317670.21830433], [414668.78361118067, 5317670.353999743], [414668.31937794, 5317660.689259705], [414668.282555586, 5317658.7110129045], [414668.12564306223, 5317655.678450992], [414688.9253447775, 5317654.73610899], [414689.2302962974, 5317661.712943907], [414720.1729782055, 5317660.586861947], [414717.970972056, 5317617.75309283], [414771.42121292284, 5317614.114571464], [414775.026273324, 5317744.072238323], [414686.28388936695, 5317752.725575179]]]}}, {"type": "Feature", "properties": {"role": "built", "landuse": "railway"}, "geometry": {"type": "Polygon", "coordinates": [[[413217.5874428582, 5316148.042233591], [413216.6921082367, 5316148.544884224], [413214.708809672, 5316149.642027268], [413238.7408043224, 5316194.425062551], [413259.3747462139, 5316231.622150271], [413281.0909145576, 5316270.337117087], [413282.0533575697, 5316272.801666751], [413307.4007527117, 5316320.266534768], [413309.77876304404, 5316323.576867519], [413316.15196918964, 5316336.498657232], [413334.0318927038, 5316362.331601126], [413360.9177841697, 5316405.482397926], [413384.3931756487, 5316442.681568857], [413392.32987684617, 5316457.869964457], [413403.3717812069, 5316478.092019981], [413426.99360018765, 5316522.081550536], [413464.6708158466, 5316450.399977754], [413457.60495196364, 5316435.053864499], [413462.0211490578, 5316432.497238319], [413455.5968204091, 5316419.6205335045], [413300.791172359, 5316126.321345204], [413297.3805509428, 5316119.85827498], [413295.22496662504, 5316120.913519076], [413291.4040132211, 5316122.872100699], [413287.4792860474, 5316124.8767168075], [413286.21359949, 5316125.562809334], [413283.24373546924, 5316127.052774603], [413279.58608241106, 5316128.953318064], [413276.5487425084, 5316130.422070489], [413272.5594439355, 5316124.679218302], [413232.63857664174, 5316139.633154938], [413230.4853583913, 5316140.844024243], [413226.35629851697, 5316143.151920782], [413224.8762822269, 5316143.974662909], [413222.49347029184, 5316145.30016769], [413218.74917350255, 5316147.391044613], [413217.5874428582, 5316148.042233591]]]}}, {"type": "Feature", "properties": {"role": "built", "landuse": "railway"}, "geometry": {"type": "Polygon", "coordinates": [[[412595.7016727056, 5314390.419258466], [412600.78239544353, 5314406.961811262], [412603.5041241331, 5314413.168156436], [412607.3781255175, 5314422.013935647], [412615.12065331696, 5314435.414474514], [412619.42571343825, 5314442.664004283], [412625.2322534118, 5314452.447619514], [412631.8845828279, 5314462.385152836], [412644.35759773746, 5314478.1262745075], [412650.5264260983, 5314484.736108108], [412654.53959512454, 5314488.988539644], [412666.82815474714, 5314500.452514555], [412673.83358553046, 5314507.10526047], [412688.3486488727, 5314520.191906646], [412709.88172960293, 5314539.786665646], [412719.8880724791, 5314549.4177338155], [412725.5843332655, 5314554.900891531], [412735.6628703253, 5314566.342939394], [412742.38936007826, 5314574.300667628], [412756.83604003064, 5314594.714526872], [412768.76559924905, 5314611.575829317], [412792.9106518231, 5314649.896550717], [412797.6594120926, 5314654.927226776], [412801.20917185984, 5314657.674884965], [412802.2073941532, 5314658.037732262], [412803.9960070201, 5314657.85499408], [412804.9403608412, 5314657.618347699], [412805.38832442585, 5314657.133535104], [412805.6540329882, 5314654.472579739], [412800.82338986825, 5314646.008028579], [412792.17231417756, 5314631.2202991], [412778.5048543871, 5314605.569621487], [412765.2308889603, 5314588.650860959], [412736.73580785445, 5314555.387678469], [412735.0114899215, 5314556.859017599], [412732.1502577434, 5314553.745217383], [412733.45836045104, 5314552.391357576], [412714.77194973856, 5314535.432499952], [412693.1377669249, 5314516.061593883], [412671.14430627186, 5314495.651232537], [412658.4404106282, 5314483.871162917], [412650.86789583595, 5314475.759615975], [412643.4429648102, 5314467.045527615], [412637.043261426, 5314458.504871459], [412631.49356810364, 5314450.395992163], [412626.8770294832, 5314442.295184206], [412619.8680742252, 5314429.028011487], [412615.24328841205, 5314417.436641921], [412612.28604847484, 5314410.4668040285], [412608.5283030885, 5314402.88657889], [412602.0410491511, 5314388.588752606], [412597.0125912143, 5314371.556263053], [412593.8528019237, 5314355.184642426], [412592.06352113135, 5314337.636054471], [412591.35880141635, 5314321.216032111], [412590.67990785406, 5314287.820166936], [412589.5257520709, 5314254.587157709], [412589.4293569708, 5314250.697719671], [412588.70269488846, 5314230.376013929], [412587.4896234284, 5314209.483619507], [412585.22296749335, 5314183.115497943], [412584.31502127426, 5314171.501050491], [412584.06810096843, 5314152.294863831], [412582.7404592805, 5314132.215743162], [412581.7582568437, 5314127.016853408], [412579.5862792261, 5314123.103357221], [412579.1718364303, 5314119.4077373855], [412577.4570854343, 5314106.771678071], [412574.93332505843, 5314100.339999317], [412571.0610648753, 5314094.573583389], [412567.57880223455, 5314090.4020735305], [412562.5450493016, 5314086.309719496], [412558.3236226352, 5314084.094894933], [412553.3275138722, 5314082.481036945], [412545.4020749053, 5314081.645405452], [412535.58478783316, 5314082.561647364], [412535.3705738761, 5314079.763453217], [412529.8078070844, 5314080.159261876], [412483.75266113674, 5314083.794213848], [412483.8638502235, 5314085.215481973], [412483.9669001612, 5314086.592406396], [412477.10792484944, 5314087.163611786], [412469.8257239376, 5314088.374923074], [412455.6089796629, 5314092.0596084185], [412436.6464657576, 5314097.828680768], [412344.77432710206, 5314133.945115927], [412235.26234023634, 5314177.780322272], [412192.5753817324, 5314194.673178512], [412153.6121786189, 5314211.476169842], [412146.0401644894, 5314215.2047367515], [412136.8023933926, 5314218.858691586], [412131.3634370329, 5314220.998350779], [412113.92664502555, 5314227.8902537245], [412108.5323131742, 5314230.018136665], [412100.34821490693, 5314233.25585258], [412101.3318240502, 5314235.586493825], [412094.5753518394, 5314237.968648343], [412088.16421707586, 5314240.4789386485], [412010.57615870575, 5314270.735283076], [412008.4762247775, 5314271.556687683], [412001.24883354397, 5314274.379712781], [411904.57050389156, 5314312.166541082], [411896.2227888865, 5314315.429292234], [411860.2067199687, 5314330.088108091], [411849.4057166194, 5314334.489074433], [411810.8605655377, 5314350.198582525], [411792.9462285153, 5314357.054330371], [411741.62170391827, 5314377.117915946], [411739.60342406726, 5314377.904817927], [411731.2165711705, 5314381.524155238], [411725.86411336565, 5314386.3642892195], [411722.41150139476, 5314391.942353149], [411720.15177885175, 5314397.913446654], [411719.4521892849, 5314404.861131194], [411719.8831059484, 5314410.568613937], [411721.2760294396, 5314416.216872394], [411723.93581133056, 5314422.701700953], [411728.33636402164, 5314428.314944688], [411732.97014599, 5314432.101440895], [411738.7558276771, 5314435.069856855], [411747.00782747264, 5314436.777596611], [411755.51494343067, 5314436.62491211], [411766.2994313377, 5314432.624223596], [411773.2437133485, 5314426.447927659], [411777.54553219886, 5314420.267680375], [411792.6852037112, 5314387.752112953], [411797.4489965096, 5314377.618299569], [411804.71504900686, 5314367.590663677], [411811.4565948912, 5314361.328589406], [411815.36097753956, 5314358.433950932], [411817.41874107777, 5314356.812703067], [411819.564356269, 5314355.078940848], [411834.8039548362, 5314347.575003434], [411852.37522198586, 5314340.246615788], [411860.3144654061, 5314337.12345777], [411899.2965884844, 5314321.663286731], [411907.31644166325, 5314318.438908946], [412003.18175115914, 5314281.1870488385], [412011.07756554044, 5314278.142585778], [412048.4702142683, 5314263.641567835], [412091.4712369372, 5314247.332013728], [412102.68354922946, 5314242.958580694], [412103.2122457697, 5314244.340117388], [412104.585588222, 5314243.841117344], [412112.553587882, 5314240.628940769], [412117.7321648101, 5314238.548823379], [412150.14652305096, 5314225.525227416], [412160.6173706951, 5314219.0287855165], [412165.7257637879, 5314216.749679603], [412192.48613119905, 5314202.523059643], [412233.73181835, 5314186.0857374165], [412237.2419877666, 5314184.731535941], [412241.3127376077, 5314182.9352306], [412335.59354937193, 5314146.257921541], [412348.3380686403, 5314140.516498943], [412394.07810924144, 5314123.078091132], [412442.8659947747, 5314103.803872667], [412455.15388948575, 5314098.947871333], [412461.67691636353, 5314096.903205546], [412469.47290255944, 5314095.11710979], [412477.0419310239, 5314093.623514487], [412484.49068101175, 5314092.565315868], [412484.7356169595, 5314095.41862604], [412512.93475257646, 5314093.2556899525], [412536.40651189827, 5314091.442650487], [412536.16160152707, 5314088.589338444], [412543.4741082769, 5314088.389285404], [412550.62401651003, 5314089.77030656], [412554.7269432227, 5314091.064226302], [412562.437185496, 5314095.91632648], [412567.4858222904, 5314100.497596061], [412568.29159993626, 5314101.452522587], [412570.42181869096, 5314106.055894544], [412570.9271754571, 5314109.839067727], [412571.2077787589, 5314123.397376335], [412571.637758808, 5314128.115511013], [412572.10316191614, 5314133.199964097], [412573.83452904253, 5314148.403765184], [412578.1138867919, 5314177.042500985], [412580.04719535226, 5314195.222556001], [412580.86828745407, 5314209.473019055], [412582.56681141705, 5314230.380272965], [412583.23171763675, 5314255.972309774], [412584.8946920258, 5314318.279307261], [412585.381728456, 5314333.635416615], [412586.0213095087, 5314343.308491363], [412586.97790582676, 5314352.721063324], [412588.151770725, 5314359.729092646], [412589.65780661243, 5314367.966049117], [412591.7404604253, 5314376.816792731], [412595.7016727056, 5314390.419258466]]]}}, {"type": "Feature", "properties": {"role": "built", "landuse": "railway"}, "geometry": {"type": "Polygon", "coordinates": [[[412055.2630474053, 5317266.706761436], [412048.9893430205, 5317262.856205794], [412013.19874910614, 5317238.390642906], [412019.65877114097, 5317234.4230954405], [412025.1130053031, 5317237.374568629], [412027.9913231817, 5317236.785800009], [412030.7828082067, 5317235.397941112], [412032.7444471781, 5317233.41134717], [412035.62700486835, 5317236.513344011], [412046.8006801319, 5317248.537706034], [412052.2881856606, 5317253.178471233], [412060.9275686499, 5317260.483570343], [412098.74107275164, 5317289.921120856], [412128.14187571866, 5317314.206925108], [412134.16413141426, 5317320.162509228], [412169.36901669815, 5317351.774823573], [412180.26692554005, 5317357.500339838], [412190.523281378, 5317359.811656138], [412198.85129823413, 5317359.940165907], [412206.9022927962, 5317358.5387798725], [412214.67950307427, 5317356.307814824], [412224.20664007537, 5317351.415430939], [412231.17384524585, 5317344.994651543], [412259.6362391924, 5317308.819294229], [412268.9749536988, 5317298.415863186], [412278.3284488541, 5317287.51196083], [412292.29451406153, 5317274.280975445], [412325.9350314579, 5317246.887181623], [412341.215110349, 5317234.192132357], [412339.30087172147, 5317230.975171895], [412342.83631361916, 5317227.975286581], [412357.0967754656, 5317216.90778111], [412369.79325059283, 5317206.508929726], [412383.1108939057, 5317197.212335333], [412386.1262674106, 5317194.842950639], [412385.28188071295, 5317193.777474837], [412415.3752926042, 5317175.420757955], [412426.34211420116, 5317172.930283733], [412441.0356091151, 5317164.313240623], [412442.55280929856, 5317166.446820868], [412444.89998960483, 5317169.190311158], [412446.27207908744, 5317171.103763435], [412440.6161278558, 5317174.002469389], [412439.83345251175, 5317173.069449184], [412429.9393051533, 5317178.878638622], [412423.83809516055, 5317186.3420821065], [412393.34341708384, 5317206.76150116], [412379.3085108411, 5317216.969473357], [412365.2950150268, 5317227.110453439], [412352.29988985433, 5317237.980780061], [412345.9376570084, 5317239.567433918], [412344.75217069517, 5317240.5971468175], [412337.5655187244, 5317246.8321384275], [412316.2411075609, 5317271.192096843], [412308.3138769973, 5317280.71791627], [412281.4199467635, 5317314.100973137], [412255.17965937837, 5317346.784940919], [412247.0797257134, 5317356.224551642], [412241.9763730654, 5317361.093842717], [412236.4022775397, 5317366.403884658], [412227.9049952832, 5317371.803023565], [412226.97400088015, 5317372.395316685], [412219.3816047455, 5317375.979710722], [412211.5123679487, 5317378.045321171], [412196.81077838904, 5317377.769548678], [412185.6300370804, 5317374.038254626], [412174.64381337736, 5317366.924460289], [412171.0695754793, 5317363.466103587], [412164.0348378774, 5317356.669945382], [412127.01366474153, 5317323.8625575295], [412116.74309770466, 5317314.770233329], [412074.15014704363, 5317280.625368572], [412055.2630474053, 5317266.706761436]]]}}, {"type": "Feature", "properties": {"role": "built", "amenity": "hospital", "name": "Universit\u00e4tsklinikum Freiburg"}, "geometry": {"type": "Polygon", "coordinates": [[[413020.6181739744, 5317916.446431862], [412990.07467077347, 5317883.235530801], [412972.3053158224, 5317899.012595042], [412965.9671364228, 5317892.293884446], [412959.6330355274, 5317897.670316899], [412910.02719178936, 5317845.1382458545], [412875.3759579866, 5317805.775805463], [412873.7570309703, 5317807.245539362], [412862.0004540564, 5317817.606819719], [412861.58818140684, 5317817.968809988], [412814.29043733084, 5317859.195966872], [412814.55025367986, 5317859.603352446], [412813.1560299244, 5317860.146992412], [412811.18406600156, 5317859.487651012], [412809.24686419265, 5317858.661029282], [412807.1321768979, 5317855.969458008], [412799.11121984123, 5317847.508858469], [412797.8519094715, 5317846.1272288775], [412797.61733213527, 5317845.908448774], [412794.73460411414, 5317843.239649056], [412758.35428873415, 5317882.200586966], [412751.81822246406, 5317879.665070503], [412728.77064491186, 5317902.504441887], [412751.5890707849, 5317923.057891907], [412788.97130470333, 5317956.552899481], [412811.6478040571, 5317974.663008725], [412843.0622725346, 5318002.30131766], [412855.6908388401, 5318010.614303701], [412880.6976038444, 5318033.369571823], [412883.48574393743, 5318034.728049049], [412886.51958537824, 5318035.071164764], [412888.3727997162, 5318034.298247602], [412890.2770889776, 5318032.957594351], [412906.8149408735, 5318013.241291891], [412914.7343826869, 5318002.71588096], [412931.1974394911, 5317983.467697693], [412947.2532219201, 5317964.903864284], [412950.8939163303, 5317960.490903716], [412965.5818193166, 5317947.650814274], [412987.55368371116, 5317934.522637814], [413020.6181739744, 5317916.446431862]]]}}, {"type": "Feature", "properties": {"role": "built", "amenity": "hospital", "name": "Universit\u00e4tsklinikum Freiburg"}, "geometry": {"type": "Polygon", "coordinates": [[[413599.02569211985, 5317338.228935326], [413611.8358340594, 5317355.134191082], [413622.82667162037, 5317369.632211385], [413635.03446085984, 5317386.179708559], [413648.528433916, 5317402.930250524], [413668.814530982, 5317421.880023856], [413703.071325941, 5317453.582419017], [413713.08330423787, 5317462.536863754], [413739.91287950857, 5317486.535785319], [413756.7912455963, 5317455.900200733], [413758.0770114251, 5317452.59032363], [413784.26577040204, 5317385.107316219], [413801.02995322814, 5317307.504878198], [413803.43403207586, 5317253.8744815355], [413795.5790443428, 5317253.947774103], [413788.23943377455, 5317254.558075851], [413780.357207052, 5317247.839399098], [413769.98711281986, 5317230.941652081], [413756.41169197456, 5317233.1351728365], [413715.4069095728, 5317256.450980737], [413717.573963871, 5317259.664584223], [413712.9207890027, 5317262.302406162], [413665.67109418265, 5317289.04735917], [413655.45490317454, 5317294.8370155515], [413658.43682591716, 5317299.650305713], [413645.24704298924, 5317307.141047442], [413642.65778521297, 5317308.602894155], [413641.1268082651, 5317309.49300389], [413639.4847826082, 5317310.440366299], [413635.0051887951, 5317312.708789892], [413633.6541761443, 5317313.162640811], [413629.14175043453, 5317313.741798888], [413627.21306249365, 5317313.981991721], [413621.6135353867, 5317310.731051102], [413619.4112612604, 5317310.141591755], [413617.0534062463, 5317310.121430748], [413602.5847175821, 5317317.398032487], [413599.34428694414, 5317328.152267027], [413598.94039728574, 5317330.07043723], [413597.76502243476, 5317335.757701495], [413597.56986896833, 5317336.672217152], [413599.02569211985, 5317338.228935326]]]}}, {"type": "Feature", "properties": {"role": "built", "amenity": "hospital", "name": "Universit\u00e4tsklinikum Freiburg"}, "geometry": {"type": "Polygon", "coordinates": [[[414686.28388936695, 5317752.725575179], [414685.82440947636, 5317737.346718871], [414679.585891392, 5317737.7172215525], [414676.85016041726, 5317737.857874455], [414674.4047261209, 5317727.399893006], [414673.8194966359, 5317722.650581053], [414672.50347240333, 5317711.386543905], [414664.9230307173, 5317705.284757372], [414664.70046144136, 5317685.766929789], [414664.84420188767, 5317680.373139905], [414666.49168954603, 5317680.2931019645], [414666.58635740663, 5317675.111260126], [414665.1308078822, 5317675.055047218], [414665.19329673564, 5317670.21830433], [414668.78361118067, 5317670.353999743], [414668.31937794, 5317660.689259705], [414668.282555586, 5317658.7110129045], [414668.12564306223, 5317655.678450992], [414688.9253447775, 5317654.73610899], [414689.2302962974, 5317661.712943907], [414720.1729782055, 5317660.586861947], [414717.970972056, 5317617.75309283], [414771.42121292284, 5317614.114571464], [414775.026273324, 5317744.072238323], [414686.28388936695, 5317752.725575179]]]}}, {"type": "Feature", "properties": {"role": "built", "amenity": "hospital", "name": "Universit\u00e4tsklinikum Freiburg"}, "geometry": {"type": "Polygon", "coordinates": [[[412822.1657829605, 5317424.127323735], [412817.93350175, 5317419.555746289], [412786.4580152633, 5317386.137643072], [412812.2151051064, 5317370.116629964], [412842.127116407, 5317352.076176251], [412868.80624624965, 5317382.109903845], [412826.3664460248, 5317420.217182307], [412822.1657829605, 5317424.127323735]]]}}, {"type": "Feature", "properties": {"role": "built", "amenity": "hospital", "name": "Universit\u00e4tsklinikum Freiburg"}, "geometry": {"type": "Polygon", "coordinates": [[[413019.6477944808, 5317468.683368012], [413054.47873675096, 5317440.442113286], [413089.17636207567, 5317407.800805131], [413142.072354481, 5317367.369755358], [413153.61478591297, 5317359.035602536], [413163.6228821649, 5317349.879762834], [413179.9635908015, 5317335.192157889], [413205.9104180871, 5317363.782147577], [413207.5217281853, 5317365.7477471195], [413222.75459224853, 5317382.448842315], [413215.5124875171, 5317389.506204027], [413222.06788545393, 5317397.255783248], [413194.77732696186, 5317422.458402287], [413178.22029288765, 5317437.627265916], [413129.3487493949, 5317481.209972683], [413109.3540658075, 5317500.410835686], [413104.6068779307, 5317504.6958849095], [413088.1125402201, 5317518.5522815045], [413087.11298337905, 5317520.535082294], [413083.5083104885, 5317523.902410138], [413065.93601713155, 5317539.976315666], [413043.30121723283, 5317560.684773395], [413027.6176996811, 5317575.35174037], [413026.3245521976, 5317576.171719467], [413023.44868429075, 5317575.437042493], [413022.07763621985, 5317577.025267233], [413020.4690556242, 5317576.226952155], [413017.1832638581, 5317573.052761679], [413012.85647036857, 5317568.626996553], [413000.70244303293, 5317555.23716318], [412975.0135277035, 5317529.9014343945], [412945.10765472625, 5317555.700722772], [412900.5023795555, 5317596.575035595], [412823.51130523597, 5317514.342876997], [412822.5018187127, 5317512.712880902], [412821.5666955421, 5317500.242769862], [412937.89702706924, 5317397.783123961], [412949.4695021007, 5317387.513755614], [412953.5407292533, 5317383.916943297], [412961.2090404025, 5317396.162847883], [412967.0947219053, 5317404.989506611], [412970.90566438664, 5317410.812661225], [412979.51892657584, 5317423.388909376], [412988.0588050486, 5317434.076407191], [413018.16845700174, 5317467.060447103], [413019.6477944808, 5317468.683368012]]]}}, {"type": "Feature", "properties": {"role": "built", "amenity": "hospital", "name": "Universit\u00e4tsklinikum Freiburg"}, "geometry": {"type": "Polygon", "coordinates": [[[412994.0065600288, 5317691.031411921], [413081.8403823017, 5317785.64166825], [413082.5076106345, 5317787.832726939], [413118.3318715219, 5317824.443892723], [413122.83356487093, 5317829.60080389], [413124.9566445239, 5317831.869918311], [413124.7780140994, 5317832.884255665], [413120.45628788066, 5317836.673728194], [413117.8642426239, 5317838.9140476845], [413128.20601472806, 5317850.419389507], [413135.99501432746, 5317845.043399006], [413255.14738407155, 5317974.223503072], [413272.47906010627, 5318002.087742289], [413283.79473274114, 5318015.390711299], [413298.0345451705, 5317999.512216556], [413294.2134231222, 5317996.92402902], [413331.4697004702, 5317957.497553303], [413349.7511554238, 5317929.618723378], [413386.6665613025, 5317887.318495861], [413396.3149118936, 5317877.101237118], [413583.6722512745, 5317665.351237709], [413682.82981417974, 5317554.860753285], [413690.7617439071, 5317542.54647175], [413697.51901413396, 5317523.046106507], [413707.51638621645, 5317519.1051964825], [413725.158769876, 5317497.640571668], [413722.8165579997, 5317495.674683682], [413717.46725844307, 5317491.185928298], [413712.36725673266, 5317486.904656626], [413679.5975808025, 5317457.836814558], [413641.7319261092, 5317422.798116053], [413629.9978501352, 5317411.457300329], [413607.99633757304, 5317393.545069701], [413599.8511242053, 5317386.208045192], [413578.34314118995, 5317366.398639755], [413573.93382089003, 5317370.856079722], [413566.18392880965, 5317386.347207169], [413522.495876801, 5317473.693501329], [413520.4195882472, 5317478.0047271615], [413510.9432109056, 5317488.308094851], [413457.11853458703, 5317547.915196238], [413445.3376538665, 5317559.242771102], [413433.08641045936, 5317546.264839319], [413409.384330795, 5317516.995282253], [413398.7908066351, 5317501.157649111], [413330.81641814986, 5317399.506396016], [413309.8515487307, 5317371.741212627], [413306.3534335536, 5317371.304813545], [413303.4021532213, 5317373.984015032], [413296.31448230176, 5317380.405280964], [413284.7491854712, 5317389.70665704], [413265.1490424171, 5317403.464845603], [413260.1584500255, 5317407.45327639], [413228.0046158411, 5317436.18645835], [413214.88645641087, 5317446.389652055], [413183.08496965095, 5317475.206715655], [413144.63702833245, 5317510.4721141], [413108.7958158011, 5317543.441657828], [413030.4250965798, 5317615.452401309], [413017.0073766938, 5317627.995150974], [413005.9069055488, 5317639.357828647], [413003.9081864995, 5317640.877737807], [412984.5327088208, 5317654.099918782], [412972.16429537605, 5317659.067401876], [412967.85195105115, 5317662.000843419], [412994.0065600288, 5317691.031411921]]]}}, {"type": "Feature", "properties": {"role": "built", "amenity": "hospital", "name": "Universit\u00e4tsklinikum Freiburg"}, "geometry": {"type": "Polygon", "coordinates": [[[413342.8340320169, 5317296.460765756], [413318.0021848654, 5317268.064583603], [413300.66781268327, 5317248.059861685], [413336.1504393403, 5317234.662719444], [413360.9571073152, 5317269.307044404], [413363.34234371776, 5317272.628400953], [413364.40174939507, 5317274.113216715], [413344.46479236946, 5317294.768656373], [413342.8340320169, 5317296.460765756]]]}}, {"type": "Feature", "properties": {"role": "built", "amenity": "hospital", "name": "Universit\u00e4tsklinikum Freiburg"}, "geometry": {"type": "Polygon", "coordinates": [[[412801.6773770258, 5317443.681387291], [412815.4425148156, 5317458.969611338], [412789.7097333851, 5317480.993386455], [412777.0274014722, 5317466.266875541], [412801.6773770258, 5317443.681387291]]]}}, {"type": "Feature", "properties": {"role": "built", "amenity": "hospital", "name": "Universit\u00e4tsklinikum Freiburg"}, "geometry": {"type": "Polygon", "coordinates": [[[414848.2702378286, 5317849.963967145], [414847.97547658614, 5317872.368707162], [414847.7100445852, 5317893.227776841], [414847.6651470068, 5317921.420676502], [414847.6203621205, 5317928.4693987435], [414847.55137657037, 5317933.884308142], [414794.16757002135, 5317933.752617155], [414792.0489762859, 5317933.7506687995], [414766.0955008468, 5317933.679628733], [414764.24556309986, 5317933.684824122], [414724.4351026063, 5317933.83056529], [414712.57210998336, 5317933.695283225], [414704.9637326248, 5317933.230092645], [414698.7439653472, 5317763.412929508], [414771.38113976177, 5317757.344166853], [414828.25822632585, 5317769.585725676], [414846.6779242386, 5317772.68125583], [414847.5918749817, 5317816.756985691], [414847.8150159504, 5317827.792673032], [414847.95898575103, 5317834.9942336455], [414848.07694439415, 5317840.439723554], [414848.1656639966, 5317844.91848408], [414848.2158107516, 5317847.29673877], [414848.2702378286, 5317849.963967145]]]}}, {"type": "Feature", "properties": {"role": "built", "amenity": "university", "name": "Katholische Hochschule Freiburg"}, "geometry": {"type": "Polygon", "coordinates": [[[414760.9991882531, 5317373.067683391], [414828.7485892591, 5317368.094992163], [414826.6960331967, 5317345.36930235], [414825.90367233177, 5317337.710446321], [414758.7710337283, 5317340.528473993], [414758.8764791819, 5317342.105497181], [414760.9991882531, 5317373.067683391]]]}}, {"type": "Feature", "properties": {"role": "built", "amenity": "university", "name": "Katholische Hochschule Freiburg"}, "geometry": {"type": "Polygon", "coordinates": [[[414741.62192934914, 5317301.962852424], [414744.6990388313, 5317339.925586414], [414745.0145198575, 5317345.101340481], [414745.11349900387, 5317346.745160251], [414746.62564417935, 5317366.21050128], [414747.0619903373, 5317370.984258403], [414747.9681917114, 5317378.263447269], [414739.9211959791, 5317379.4610992195], [414727.0207810693, 5317381.386633453], [414720.6912174063, 5317383.692755957], [414719.4334807258, 5317383.900396801], [414716.08653652534, 5317364.473391874], [414717.7285100975, 5317364.015481387], [414716.0381774889, 5317353.668571268], [414715.39988087484, 5317349.364717374], [414707.81892623514, 5317350.80007033], [414708.1800903554, 5317353.01807451], [414697.32137049246, 5317354.779985687], [414696.9602022497, 5317352.561982134], [414685.40323123964, 5317353.522748147], [414681.3257617148, 5317344.200663958], [414676.22629464953, 5317316.284208526], [414677.90361514955, 5317313.17996175], [414715.910388123, 5317306.323981375], [414741.62192934914, 5317301.962852424]]]}}, {"type": "Feature", "properties": {"role": "built", "landuse": "railway"}, "geometry": {"type": "Polygon", "coordinates": [[[410140.62158729247, 5315688.92036865], [410136.7711031975, 5315684.166845539], [410134.9949893176, 5315681.304164911], [410132.8950855434, 5315677.301489728], [410130.2645479479, 5315670.861360153], [410128.9712907076, 5315665.467574284], [410128.4644157278, 5315661.684588629], [410128.25198162894, 5315656.685247885], [410128.774905419, 5315651.941227745], [410130.02190788096, 5315647.208130201], [410131.13774663844, 5315643.633252158], [410133.732443135, 5315638.701230147], [410136.6583949432, 5315634.909088086], [410139.1569933519, 5315632.424314332], [410142.785523847, 5315629.655084029], [410148.26598882856, 5315626.956984256], [410151.5438610976, 5315625.627332003], [410154.7250895121, 5315624.799456851], [410158.0846949428, 5315624.4023615075], [410161.22844976815, 5315624.520021798], [410166.28955242585, 5315625.074657867], [410169.33249629504, 5315625.905385944], [410172.49759579066, 5315627.390112277], [410172.7478032632, 5315626.685833296], [410173.01501564356, 5315626.114693021], [410173.4755219439, 5315624.5400030045], [410170.87972610444, 5315623.190907796], [410165.3423134454, 5315620.331365738], [410161.7415115818, 5315619.142489709], [410156.9552491497, 5315618.0277143335], [410150.628696212, 5315618.637903167], [410145.34359095414, 5315619.9877897], [410140.30505779287, 5315621.834095576], [410136.25626739726, 5315624.454253778], [410133.1758738949, 5315627.437265941], [410129.4350961881, 5315631.620117498], [410127.2132687749, 5315635.101103607], [410125.499844077, 5315638.640850163], [410124.37568890327, 5315643.11633796], [410124.02403713466, 5315648.791512495], [410124.4377570696, 5315654.254623335], [410127.05794127315, 5315664.808210033], [410128.63542712235, 5315671.198087119], [410131.271517634, 5315677.515842019], [410133.67785282363, 5315682.025112696], [410136.0885158817, 5315685.856178416], [410142.5741777218, 5315694.003698511], [410142.0303711521, 5315692.155650302], [410140.96914141485, 5315689.67089718], [410140.62158729247, 5315688.92036865]]]}}, {"type": "Feature", "properties": {"role": "unbuildable", "landuse": "cemetery", "name": "Friedhof St. Georgen"}, "geometry": {"type": "Polygon", "coordinates": [[[409488.1249878665, 5315050.480780726], [409473.95902770193, 5314975.541295767], [409471.30937192764, 5314974.5935654845], [409469.0884906323, 5314973.3833982535], [409467.8621560653, 5314972.290988427], [409467.1019640305, 5314971.413585528], [409466.3613599034, 5314970.358001818], [409465.544386499, 5314969.192449349], [409464.58954115637, 5314967.328692487], [409464.26232071524, 5314966.455594531], [409463.94093070255, 5314965.004318537], [409463.6841333644, 5314963.863303483], [409463.59633963404, 5314962.552873603], [409463.6742846132, 5314961.339889336], [409463.72710312775, 5314960.427460621], [409463.89896456874, 5314959.490924762], [409464.39472649863, 5314957.793333563], [409465.4276985355, 5314955.609257015], [409466.2591359877, 5314954.373300359], [409467.96911481355, 5314952.523200801], [409469.57695636014, 5314951.297263202], [409471.301100906, 5314950.347422383], [409473.424057145, 5314949.602531571], [409525.97179071733, 5314919.816168597], [409554.43063504086, 5314902.648745501], [409560.67066299764, 5314898.859809696], [409563.85213977075, 5314917.497547687], [409572.47544990183, 5314969.4231139915], [409575.8144451706, 5314984.789973667], [409590.8688708403, 5314981.9297924545], [409605.7165700858, 5315059.504667133], [409602.9060031954, 5315059.237545167], [409590.64799213596, 5315057.651413111], [409488.1249878665, 5315050.480780726]]]}}, {"type": "Feature", "properties": {"role": "unbuildable", "landuse": "cemetery", "name": "Friedhof St. Georgen"}, "geometry": {"type": "Polygon", "coordinates": [[[410014.1285596821, 5314991.0144204255], [409972.0171578469, 5314999.56623047], [409933.9460667036, 5315007.310268041], [409852.2863830613, 5315024.097303804], [409850.5435951122, 5315024.335832018], [409848.4974793839, 5315024.745868601], [409804.0832082651, 5315033.012609053], [409749.1395033702, 5315042.823353621], [409743.7443722644, 5315009.5902395435], [409743.5657042506, 5315008.19229633], [409743.38463000633, 5315007.116784738], [409740.78294948017, 5314992.094019496], [409736.5860223677, 5314968.636220167], [409747.72588133794, 5314969.828875009], [409753.20396437985, 5314914.124461097], [409766.3294409143, 5314913.896384628], [409824.1990430555, 5314910.198819333], [409826.51854866894, 5314931.518272728], [409867.8387030622, 5314928.6585994745], [409892.10876179405, 5314926.58869845], [409893.3485107629, 5314926.635986573], [409895.6707156415, 5314936.704993929], [409916.10847140517, 5314932.994301294], [409955.96980196825, 5314927.534484393], [409958.38356320723, 5314928.675116614], [409966.67134897783, 5314929.33474164], [409967.2638089757, 5314929.514460855], [409965.9507690649, 5314932.892344705], [409965.4185276211, 5314932.74503444], [409964.99167235935, 5314934.08575546], [409965.37362895056, 5314934.168715091], [409964.0059381791, 5314937.869848082], [409963.5111813489, 5314937.733068489], [409963.03278817656, 5314939.119064187], [409963.4605602813, 5314939.268008889], [409962.1544653716, 5314942.612434062], [409961.65918715514, 5314942.442311745], [409961.3102422243, 5314943.515005576], [409961.72395951586, 5314943.719755154], [409960.33180046635, 5314947.287867875], [409959.8059787237, 5314947.0737556005], [409958.95677884377, 5314949.566138832], [409959.4225561978, 5314949.758956571], [409956.51954910235, 5314956.941509159], [409963.85621845105, 5314959.783831159], [409963.4762088087, 5314960.77919187], [409964.5504095036, 5314961.218181122], [409964.7461453458, 5314960.84825682], [409968.0716498669, 5314962.063562629], [409967.95070804906, 5314962.443433547], [409969.181436766, 5314962.86885748], [409969.4977669515, 5314962.096833859], [409973.6565211002, 5314961.231340405], [409974.1077207226, 5314961.446621407], [409974.4698671713, 5314960.7405833565], [409978.26896994666, 5314962.648857326], [409978.8185220863, 5314961.517440993], [409978.2314411729, 5314961.204232332], [409979.66178701783, 5314957.691111737], [409980.2391457461, 5314957.859951441], [409981.2011533154, 5314955.421391811], [409980.62275111186, 5314955.185866236], [409981.958353875, 5314951.8187497435], [409982.36408614274, 5314951.990274641], [409982.95580435643, 5314950.691443884], [409982.489854045, 5314950.487509955], [409983.93321692967, 5314946.851899819], [409984.3545690542, 5314947.067648571], [409984.85935169656, 5314945.936933285], [409984.40121086896, 5314945.755111055], [409985.85828330857, 5314942.041467921], [409986.2947336762, 5314942.2680976475], [409986.784593045, 5314941.137616012], [409986.296603682, 5314940.956260555], [409987.6828830533, 5314937.488299767], [409988.1710465202, 5314937.680769638], [409988.7764747398, 5314936.303906013], [409988.26470796054, 5314936.033986208], [409989.62947291264, 5314932.621947609], [409990.20857237873, 5314932.901931289], [409990.8789001162, 5314931.379531524], [409990.2258752745, 5314931.145172226], [409991.88234528445, 5314927.295007626], [409992.4536353792, 5314927.552879669], [409993.0732945255, 5314926.131325914], [409995.8042802789, 5314927.511585879], [410009.19190859445, 5314933.071926336], [410014.1285596821, 5314991.0144204255]]]}}, {"type": "Feature", "properties": {"role": "unbuildable", "landuse": "cemetery", "name": "Friedhof St. Georgen"}, "geometry": {"type": "Polygon", "coordinates": [[[409519.99421969213, 5315072.246986423], [409511.02996861277, 5315086.940167969], [409525.2675808169, 5315118.06633767], [409537.88900785125, 5315111.442235875], [409569.4929455059, 5315098.316480448], [409612.67966729886, 5315080.373131396], [409609.2446741825, 5315072.18936724], [409597.6390337788, 5315072.694093064], [409595.3567426254, 5315072.796654246], [409592.9668416566, 5315072.700800434], [409590.45755030576, 5315072.606823576], [409528.78310727974, 5315072.030967606], [409527.3648231601, 5315072.019917158], [409526.1041126074, 5315072.0619745795], [409519.99421969213, 5315072.246986423]]]}}, {"type": "Feature", "properties": {"role": "unbuildable", "landuse": "cemetery", "name": "Friedhof St. Georgen"}, "geometry": {"type": "Polygon", "coordinates": [[[409715.4633842021, 5314897.7630304145], [409715.1882025814, 5314900.680009854], [409713.90129400184, 5314926.1693176115], [409708.74722677504, 5314925.916679889], [409708.5741754961, 5314934.390572605], [409706.7523841234, 5314934.352457638], [409705.87018160743, 5314952.809455512], [409704.2080263301, 5314952.479793659], [409685.1043338843, 5314950.823012532], [409685.43246811326, 5314948.427700292], [409685.9139522057, 5314945.340725175], [409688.81791292294, 5314945.372965579], [409688.617618465, 5314940.695838819], [409689.29643246945, 5314929.256876205], [409689.10790339595, 5314926.280470711], [409689.2626300661, 5314923.298677839], [409687.6565375617, 5314923.212715304], [409687.5936432169, 5314924.43657592], [409675.1863879147, 5314923.81978098], [409675.60824221617, 5314917.409748451], [409676.2284953803, 5314903.1924453685], [409676.40573759726, 5314899.74338333], [409676.47866937553, 5314898.208088137], [409676.5632106813, 5314896.461387115], [409690.71452846593, 5314896.439377373], [409696.47357814363, 5314896.715856433], [409698.4307462212, 5314896.8185461685], [409706.71478122583, 5314897.233283296], [409715.4633842021, 5314897.7630304145]]]}}, {"type": "Feature", "properties": {"role": "built", "landuse": "railway"}, "geometry": {"type": "Polygon", "coordinates": [[[412474.0298844833, 5317147.802545279], [412475.75390237954, 5317149.79958282], [412478.3587440473, 5317152.805970589], [412479.35213255475, 5317153.858074815], [412631.2539573255, 5317092.8729405375], [412665.49405814963, 5317078.256551034], [412699.14059558837, 5317061.881793507], [412741.78678848466, 5317038.722754683], [412783.0530081188, 5317013.595046947], [412779.10845310683, 5317006.862448741], [412777.75452210766, 5317007.616700966], [412757.0985524627, 5317019.16924357], [412741.3254944293, 5317027.990823584], [412722.630355155, 5317038.457633418], [412713.8161495477, 5317043.682965639], [412694.1420892937, 5317054.042444786], [412662.04778090975, 5317069.4598334655], [412629.9346159875, 5317082.64319334], [412627.6657691973, 5317083.578137286], [412605.8674065438, 5317092.091447133], [412561.8829224738, 5317110.591649632], [412561.13410650846, 5317110.9031931395], [412537.74844424234, 5317120.508128568], [412484.68916006223, 5317143.238001599], [412474.0298844833, 5317147.802545279]]]}}]}